<?xml version="1.0" encoding="UTF-8"?>
<document>
<type>mainstream</type>
<forum>http://www.straitstimes.com/print/opinion/rss.xml</forum>
<forum_title>The Straits Times Print - Opinion</forum_title>
<discussion_title>Why saying &apos;radical Islamic extremism&apos; is not enough</discussion_title>
<language>english</language>
<gmt_offset></gmt_offset>
<topic_url>http://www.straitstimes.com/opinion/why-saying-radical-islamic-extremism-is-not-enough</topic_url>
<topic_text>
Why saying &apos;radical Islamic extremism&apos; is not enough Richard Stengel 
Radical Islamic extremism. 
There, I&apos;ve said it. 
For three years, as undersecretary of state for public diplomacy and public affairs, I would not and could not utter that phrase. 
No one in the Obama administration could or did. We used the much less specific term &quot;violent extremism&quot;. As in &quot;countering violent extremism&quot;, which is what we called much of our anti-Islamic State in Iraq and Syria (ISIS) efforts. 
And for all of that time, we were collectively excoriated by conservatives, Republicans and Mr Donald Trump. 
&quot;These are radical Islamic terrorists, and she won&apos;t even mention the word, and nor will President Obama,&quot; Mr Trump said, referring to Mrs Hillary Clinton at a presidential debate last year. &quot;Now, to solve a problem, you have to be able to state what the problem is, or at least say the name.&quot; 
The implication is that we were all somehow too timid or too politically correct to say it. 
But the reason was a much more practical one: To defeat radical Islamic extremism, we needed our Islamic allies - the Jordanians, the Emiratis, the Egyptians, the Saudis - and they believed that term unfairly vilified a whole religion. 
Protesters at a demonstration against the immigration policies of US President Donald Trump in Washington Square Park in New York City on Saturday. His travel ban, despite being blocked by the courts, has given terror group ISIS ammunition to weaponise grievance in the US. PHOTO: AGENCE FRANCE-PRESSE 
They also told us that they did not consider ISIS to be Islamic, and its grotesque violence against Muslims proved it. We took a lot of care to describe ISIS as a terrorist group that acted in the name of Islam. 
Sure, behind the scenes, our allies understood better than anyone that ISIS was a radical perversion of Islam, that it held a dark appeal to a minority of Sunni Muslims, but it didn&apos;t help to call them radical Islamic terrorists. 
Now the Trump administration wants to toss out the term &quot;violent extremism&quot; and the rubric we used to fight it. 
Instead, they are renaming it &quot;countering Islamic extremism&quot;, or &quot;countering radical Islamic extremism&quot;. Fine. Abandon the name but let&apos;s not abandon the strategy. 
First, let&apos;s acknowledge that it&apos;s working. ISIS as a military force, much less as a caliphate, is on the ropes in Iraq and Syria. 
The group has not had a military victory in a year and a half. The flow of foreign fighters into Iraq and Syria is down by 90 per cent, according to the Defence Department. The liberation of Mosul is on the horizon. 
ISIS will go away, but violent extremism will not. The way to defeat radical Islamic extremism is to help our Islamic allies and promote the voices of mainstream Islam that reject everything ISIS does and stands for. Defeating ISIS on the military battlefield is only temporary. Violent extremism - or whatever you call it - must be defeated on the battlefield of ideas. 
Second, let&apos;s recognise the truth of what King Abdullah of Jordan has said over and over: &quot;This is our fight.&quot; 
And by that, he meant that it is Islam&apos;s fight. 
It is a misconception that ISIS is focused on fighting us. I led the State Department&apos;s agency that sought to counter ISIS&apos;s propaganda efforts and saw this first-hand. More than 80 per cent of its propaganda is in Arabic. Russian is the second most-used language, while English and French are tied for third. The United States is not ISIS&apos;s main audience. We have always been the distant enemy. 
So, jettison &quot;violent extremism&quot;, but let our Arab allies know that &quot;radical Islam&quot; or &quot;Islamic extremism&quot; refers only to the tiny fraction of the world&apos;s 1.6 billion Muslims who have embraced violence. Tell them we need their help both on the military battlefield, and in the information and intelligence space. And be specific: &quot;We are fighting ISIS and Al-Qaeda, and their radical Islamic imitators like Boko Haram.&quot; 
After all, &quot;radical Islam&quot; is only a shade less vague than &quot;violent extremism&quot;. ISIS is not just a terrorist group, it is an idea. Its rallying cry is that the West is hostile to Islam and that every good Muslim has a duty to join the caliphate. Most of the group&apos;s propaganda was not violent at all. I saw thousands of tweets about how beautiful the caliphate was. There were videos of kids on Ferris wheels and fighters distributing cotton candy. I remember one tweet showing a shiny apple and the words, in Arabic, &quot;The caliphate is bountiful.&quot; 
It is not up to us to say what is Islamic and what is not. Only the voices of mainstream Muslims and independent clerics in Muslim countries can create a narrative that refutes ISIS&apos;s and offers a more positive alternative. 
A tweet from the US government saying ISIS is a distortion of Islam is not going to hurt the group. Instead, it will help its recruiting. 
That is why the Trump administration&apos;s executive order on immigration from seven Muslim-majority nations is deeply counterproductive in the fight against Islamic extremism. 
It has already been reported that ISIS has called it &quot;the blessed ban&quot; because it supports its position that the US hates Islam. 
The clause in the order that gives Christians preferential treatment will be seen as confirming ISIS&apos;s apocalyptic narrative that Islam is in a fight to the death against the Christian crusaders. 
The images of Muslim visitors being turned away at US airports will only inflame those who seek to do us harm. 
Two years ago, just before Ramadan, ISIS spokesman Abu Muhammad Al-Adnani said: &quot;Don&apos;t bother coming to the caliphate, but commit acts of violence against the enemy wherever you are.&quot; 
The call was no longer religious or ideological - what the group sought to do was exploit vulnerability. Adnani was, in effect, saying, &quot;Whatever angers you - whether it&apos;s your boss or your neighbours or the police - commit acts of violence in ISIS&apos;s name.&quot; 
Thus, the black flag of ISIS became a flag of convenience for any complaint. Now the travel ban, despite being blocked by the courts, has given the group ammunition to weaponise grievance here in the US. President Trump may become its No. 1 recruiting tool. 
ISIS will go away, but violent extremism will not. 
The way to defeat radical Islamic extremism is to help our Islamic allies and promote the voices of mainstream Islam that reject everything ISIS does and stands for. 
Defeating ISIS on the military battlefield is only temporary. Violent extremism - or whatever you call it - must be defeated on the battlefield of ideas. 
NYTIMES Richard Stengel is a fellow at Harvard&apos;s Kennedy School.   &apos;Why saying &apos;radical Islamic extremism&apos; is not enough&apos;.  
</topic_text>
<spam_score>0.00</spam_score>
<post_num>1</post_num>
<post_id>post-1</post_id>
<post_url>http://www.straitstimes.com/opinion/why-saying-radical-islamic-extremism-is-not-enough</post_url>
<post_date>20170213</post_date>
<post_time>2100</post_time>
<username></username>
<post>
Why saying &apos;radical Islamic extremism&apos; is not enough Richard Stengel 
Radical Islamic extremism. 
There, I&apos;ve said it. 
For three years, as undersecretary of state for public diplomacy and public affairs, I would not and could not utter that phrase. 
No one in the Obama administration could or did. We used the much less specific term &quot;violent extremism&quot;. As in &quot;countering violent extremism&quot;, which is what we called much of our anti-Islamic State in Iraq and Syria (ISIS) efforts. 
And for all of that time, we were collectively excoriated by conservatives, Republicans and Mr Donald Trump. 
&quot;These are radical Islamic terrorists, and she won&apos;t even mention the word, and nor will President Obama,&quot; Mr Trump said, referring to Mrs Hillary Clinton at a presidential debate last year. &quot;Now, to solve a problem, you have to be able to state what the problem is, or at least say the name.&quot; 
The implication is that we were all somehow too timid or too politically correct to say it. 
But the reason was a much more practical one: To defeat radical Islamic extremism, we needed our Islamic allies - the Jordanians, the Emiratis, the Egyptians, the Saudis - and they believed that term unfairly vilified a whole religion. 
Protesters at a demonstration against the immigration policies of US President Donald Trump in Washington Square Park in New York City on Saturday. His travel ban, despite being blocked by the courts, has given terror group ISIS ammunition to weaponise grievance in the US. PHOTO: AGENCE FRANCE-PRESSE 
They also told us that they did not consider ISIS to be Islamic, and its grotesque violence against Muslims proved it. We took a lot of care to describe ISIS as a terrorist group that acted in the name of Islam. 
Sure, behind the scenes, our allies understood better than anyone that ISIS was a radical perversion of Islam, that it held a dark appeal to a minority of Sunni Muslims, but it didn&apos;t help to call them radical Islamic terrorists. 
Now the Trump administration wants to toss out the term &quot;violent extremism&quot; and the rubric we used to fight it. 
Instead, they are renaming it &quot;countering Islamic extremism&quot;, or &quot;countering radical Islamic extremism&quot;. Fine. Abandon the name but let&apos;s not abandon the strategy. 
First, let&apos;s acknowledge that it&apos;s working. ISIS as a military force, much less as a caliphate, is on the ropes in Iraq and Syria. 
The group has not had a military victory in a year and a half. The flow of foreign fighters into Iraq and Syria is down by 90 per cent, according to the Defence Department. The liberation of Mosul is on the horizon. 
ISIS will go away, but violent extremism will not. The way to defeat radical Islamic extremism is to help our Islamic allies and promote the voices of mainstream Islam that reject everything ISIS does and stands for. Defeating ISIS on the military battlefield is only temporary. Violent extremism - or whatever you call it - must be defeated on the battlefield of ideas. 
Second, let&apos;s recognise the truth of what King Abdullah of Jordan has said over and over: &quot;This is our fight.&quot; 
And by that, he meant that it is Islam&apos;s fight. 
It is a misconception that ISIS is focused on fighting us. I led the State Department&apos;s agency that sought to counter ISIS&apos;s propaganda efforts and saw this first-hand. More than 80 per cent of its propaganda is in Arabic. Russian is the second most-used language, while English and French are tied for third. The United States is not ISIS&apos;s main audience. We have always been the distant enemy. 
So, jettison &quot;violent extremism&quot;, but let our Arab allies know that &quot;radical Islam&quot; or &quot;Islamic extremism&quot; refers only to the tiny fraction of the world&apos;s 1.6 billion Muslims who have embraced violence. Tell them we need their help both on the military battlefield, and in the information and intelligence space. And be specific: &quot;We are fighting ISIS and Al-Qaeda, and their radical Islamic imitators like Boko Haram.&quot; 
After all, &quot;radical Islam&quot; is only a shade less vague than &quot;violent extremism&quot;. ISIS is not just a terrorist group, it is an idea. Its rallying cry is that the West is hostile to Islam and that every good Muslim has a duty to join the caliphate. Most of the group&apos;s propaganda was not violent at all. I saw thousands of tweets about how beautiful the caliphate was. There were videos of kids on Ferris wheels and fighters distributing cotton candy. I remember one tweet showing a shiny apple and the words, in Arabic, &quot;The caliphate is bountiful.&quot; 
It is not up to us to say what is Islamic and what is not. Only the voices of mainstream Muslims and independent clerics in Muslim countries can create a narrative that refutes ISIS&apos;s and offers a more positive alternative. 
A tweet from the US government saying ISIS is a distortion of Islam is not going to hurt the group. Instead, it will help its recruiting. 
That is why the Trump administration&apos;s executive order on immigration from seven Muslim-majority nations is deeply counterproductive in the fight against Islamic extremism. 
It has already been reported that ISIS has called it &quot;the blessed ban&quot; because it supports its position that the US hates Islam. 
The clause in the order that gives Christians preferential treatment will be seen as confirming ISIS&apos;s apocalyptic narrative that Islam is in a fight to the death against the Christian crusaders. 
The images of Muslim visitors being turned away at US airports will only inflame those who seek to do us harm. 
Two years ago, just before Ramadan, ISIS spokesman Abu Muhammad Al-Adnani said: &quot;Don&apos;t bother coming to the caliphate, but commit acts of violence against the enemy wherever you are.&quot; 
The call was no longer religious or ideological - what the group sought to do was exploit vulnerability. Adnani was, in effect, saying, &quot;Whatever angers you - whether it&apos;s your boss or your neighbours or the police - commit acts of violence in ISIS&apos;s name.&quot; 
Thus, the black flag of ISIS became a flag of convenience for any complaint. Now the travel ban, despite being blocked by the courts, has given the group ammunition to weaponise grievance here in the US. President Trump may become its No. 1 recruiting tool. 
ISIS will go away, but violent extremism will not. 
The way to defeat radical Islamic extremism is to help our Islamic allies and promote the voices of mainstream Islam that reject everything ISIS does and stands for. 
Defeating ISIS on the military battlefield is only temporary. Violent extremism - or whatever you call it - must be defeated on the battlefield of ideas. 
NYTIMES Richard Stengel is a fellow at Harvard&apos;s Kennedy School.   &apos;Why saying &apos;radical Islamic extremism&apos; is not enough&apos;.  
</post>
<signature>

</signature>
<external_links>

</external_links>
<country>US</country>
<main_image></main_image>
<rating></rating>
</document>
