<?xml version="1.0" encoding="UTF-8"?>
<document>
<type>mainstream</type>
<forum></forum>
<forum_title></forum_title>
<discussion_title>Search | foundry-planet.com - B2B Portal</discussion_title>
<language>english</language>
<gmt_offset></gmt_offset>
<topic_url>http://www.foundry-planet.com/search/?tx_kesearch_pi1%5Bsword%5D=%22pour-tech+AB%22&amp;amp;tx_kesearch_pi1%5BsortByField%5D=score&amp;amp;tx_kesearch_pi1%5BsortByDir%5D=desc&amp;amp;tx_kesearch_pi1%5Bfilter%5D%5B1%5D=News&amp;amp;cHash=216703e967ed6eee5e9ad79ac4b245f7</topic_url>
<topic_text>
2. A new specialist at pour-tech Date: 10-03-16 ... and Frankenguss Kitzingen. Now he will spend this knowledge in projects for the costumers of pour-tech AB .Whether it is Unheated Automatic Pouring System, 3D Line Laser Sensor, Pouring Control, or... 3. KOINS Group - New Swedish company pour-tech AB Date: 20-09-11 ... process. For this matter, our highly skilled engineers are ready to assist you.The headquarter of pour-tech AB is in Gothenburg, Sweden and the production of our systems will be done at different places... 4. pour-tech AB received order from Franken Guss Kitzingen Date: 22-11-12 ... Franken Guss Kitzingen GmbH has placed an order with the Swedish company pour-tech AB for the delivery of one unheated automatic pouring ladle for an automatic pouring process. The pouring unit is equipped with a... 5. pour-tech AB takes an new automatic unheated pouring system into operation Date: 07-09-12 ... A specialist in implementation of modern, tailor-made solutions and for automatic pouring, the company pour-tech AB is your preferred partner for cost savings and innovative pouring solutions.One example is the new... 
</topic_text>
<spam_score>0.19</spam_score>
<post_num>1</post_num>
<post_id>post-1</post_id>
<post_url>http://www.foundry-planet.com/search/?tx_kesearch_pi1%5Bsword%5D=%22pour-tech+AB%22&amp;amp;tx_kesearch_pi1%5BsortByField%5D=score&amp;amp;tx_kesearch_pi1%5BsortByDir%5D=desc&amp;amp;tx_kesearch_pi1%5Bfilter%5D%5B1%5D=News&amp;amp;cHash=216703e967ed6eee5e9ad79ac4b245f7</post_url>
<post_date>20141103</post_date>
<post_time></post_time>
<username></username>
<post>
2. A new specialist at pour-tech Date: 10-03-16 ... and Frankenguss Kitzingen. Now he will spend this knowledge in projects for the costumers of pour-tech AB .Whether it is Unheated Automatic Pouring System, 3D Line Laser Sensor, Pouring Control, or... 3. KOINS Group - New Swedish company pour-tech AB Date: 20-09-11 ... process. For this matter, our highly skilled engineers are ready to assist you.The headquarter of pour-tech AB is in Gothenburg, Sweden and the production of our systems will be done at different places... 4. pour-tech AB received order from Franken Guss Kitzingen Date: 22-11-12 ... Franken Guss Kitzingen GmbH has placed an order with the Swedish company pour-tech AB for the delivery of one unheated automatic pouring ladle for an automatic pouring process. The pouring unit is equipped with a... 5. pour-tech AB takes an new automatic unheated pouring system into operation Date: 07-09-12 ... A specialist in implementation of modern, tailor-made solutions and for automatic pouring, the company pour-tech AB is your preferred partner for cost savings and innovative pouring solutions.One example is the new... 
</post>
<signature>

</signature>
<external_links>

</external_links>
<country>DE</country>
<main_image></main_image>
<rating></rating>
</document>
