<?xml version="1.0" encoding="UTF-8"?>
<document>
<type>mainstream</type>
<forum>http://abcbourse.com//RSS/displaynewsrss.aspx</forum>
<forum_title>L&apos;actualité des marchés avec Abcbourse.com</forum_title>
<discussion_title>EDF lance sa recapitalisation, veut lever 4 milliards d&apos;euros</discussion_title>
<language>french</language>
<gmt_offset></gmt_offset>
<topic_url>http://www.abcbourse.com/marches/edf-lance-sa-recapitalisation-veut-lever-4-milliards-d-euros_388742_PX1p.aspx</topic_url>
<topic_text>
EDF lance sa recapitalisation, veut lever 4 milliards d&apos;euros Actualité publiée le 13/02/17 21:46 
1,24% EDF lance sa recapitalisation (AFP/Archives/LIONEL BONAVENTURE) 
Le conseil d&apos;administration du groupe EDF a donné son feu vert lundi au lancement de son augmentation de capital de 4 milliards d&apos;euros qu&apos;il espère réaliser avant fin mars, a annoncé le groupe dans un communiqué. 
Cette opération avait été annoncée le 22 avril 2016 pour renforcer les finances du groupe et l&apos;Etat, son premier actionnaire à hauteur 85%, s&apos;est engagé à y participer à hauteur de trois milliards, rappelle EDF dans son communiqué. 
&quot;EDF a l’intention de procéder à cette augmentation de capital avant la fin du premier trimestre 2017, si les conditions de marché le permettent et après obtention du visa de l’Autorité des marchés financiers (l’ « AMF ») sur le prospectus&quot;, indique l&apos;électricien. 
EDF, qui doit annoncer mardi ses résultats pour l&apos;exercice 2016, doit procéder courant 2017 au rachat d&apos;Areva NP, l&apos;activité réacteurs du groupe nucléaire français en difficulté Areva, valorisée à 2,5 milliards d&apos;euros. 
Fortement endetté et confronté à la faiblesse des prix sur le marché de gros de l&apos;électricité en Europe, EDF doit également faire face à un mur d&apos;investissements au cours des prochaines années, notamment le programme de maintenance lourde de ses 58 réacteurs nucléaires français (&quot;grand carénage&quot;) d&apos;un montant de 51 milliards d&apos;euros sur la période 2014-2025. 
le 14 décembre, le groupe avait en outre dit s&apos;attendre à une baisse de son excédent d&apos;exploitation (Ebitda) en 2017 mais que cela ne nécessiterait pas de relever le montant de l&apos;augmentation de capital. 
 
</topic_text>
<spam_score>0.00</spam_score>
<post_num>1</post_num>
<post_id>post-1</post_id>
<post_url>http://www.abcbourse.com/marches/edf-lance-sa-recapitalisation-veut-lever-4-milliards-d-euros_388742_PX1p.aspx</post_url>
<post_date>20170213</post_date>
<post_time>2146</post_time>
<username></username>
<post>
EDF lance sa recapitalisation, veut lever 4 milliards d&apos;euros Actualité publiée le 13/02/17 21:46 
1,24% EDF lance sa recapitalisation (AFP/Archives/LIONEL BONAVENTURE) 
Le conseil d&apos;administration du groupe EDF a donné son feu vert lundi au lancement de son augmentation de capital de 4 milliards d&apos;euros qu&apos;il espère réaliser avant fin mars, a annoncé le groupe dans un communiqué. 
Cette opération avait été annoncée le 22 avril 2016 pour renforcer les finances du groupe et l&apos;Etat, son premier actionnaire à hauteur 85%, s&apos;est engagé à y participer à hauteur de trois milliards, rappelle EDF dans son communiqué. 
&quot;EDF a l’intention de procéder à cette augmentation de capital avant la fin du premier trimestre 2017, si les conditions de marché le permettent et après obtention du visa de l’Autorité des marchés financiers (l’ « AMF ») sur le prospectus&quot;, indique l&apos;électricien. 
EDF, qui doit annoncer mardi ses résultats pour l&apos;exercice 2016, doit procéder courant 2017 au rachat d&apos;Areva NP, l&apos;activité réacteurs du groupe nucléaire français en difficulté Areva, valorisée à 2,5 milliards d&apos;euros. 
Fortement endetté et confronté à la faiblesse des prix sur le marché de gros de l&apos;électricité en Europe, EDF doit également faire face à un mur d&apos;investissements au cours des prochaines années, notamment le programme de maintenance lourde de ses 58 réacteurs nucléaires français (&quot;grand carénage&quot;) d&apos;un montant de 51 milliards d&apos;euros sur la période 2014-2025. 
le 14 décembre, le groupe avait en outre dit s&apos;attendre à une baisse de son excédent d&apos;exploitation (Ebitda) en 2017 mais que cela ne nécessiterait pas de relever le montant de l&apos;augmentation de capital. 
 
</post>
<signature>

</signature>
<external_links>

</external_links>
<country>FR</country>
<main_image></main_image>
<rating></rating>
</document>
