<?xml version="1.0" encoding="UTF-8"?>
<document>
<type>mainstream</type>
<forum>http://wek.ru/rss.xml</forum>
<forum_title>Электронная газета «ВЕК»</forum_title>
<discussion_title>Минэнерго доложило о ликвидации газового дефицита в Крыму</discussion_title>
<language>russian</language>
<gmt_offset></gmt_offset>
<topic_url>https://wek.ru/minyenergo-dolozhilo-o-likvidacii-gazovogo-deficita-v-krymu</topic_url>
<topic_text>
Минэнерго доложило о ликвидации газового дефицита в Крыму Минэнерго доложило о ликвидации газового дефицита в Крыму Опубликовано 13.02.2017 16:26 Фото: http://pravdaurfo.ru/ Магистральный газопровод Краснодарский край — Крым прокачал за месяц 90 млн кубометров газа в Республику Крым. Об этом «Известиям» сообщили в Минэнерго. В январе поставки российского газа полностью удовлетворили потребности жителей и промышленных предприятий республики. 
Пуск газотранспортной магистрали состоялся 27 декабря 2016 года. Как подсчитали в Минэнерго, на протяжении января при помощи нового газопровода были осуществлены поставки голубого топлива на полуостров в объеме 90,3 млн кубометров. Этого количества оказалось достаточно для покрытия запросов населения республики. В ближайшем будущем спектр потребителей газа в Крыму будет расширен – к бытовым абонентом и предприятиям присоединятся две мощнейшие теплоэлектростанции. Возведение ТЭС, которые базируются в Севастополе и Симферополе, близится к завершению, а их пуск анонсируется на сентябрь. Суммарная мощность первой очереди электростанций составит 940 МВт. В дальнейшем на ТЭС построят вторые блоки с аналогичной мощностью. 
Чтобы обеспечить потребность новых ТЭС в газе, поставки топлива по магистрали с Кубани нарастят. Газа окажется достаточно для бесперебойной работы и электростанций, и промышленного комплекса республики, и теплоснабжающих организаций, отмечают в Минэнерго. Несмотря на то, что фактически полуостров уже не зависит от украинских энергоресурсов, официально о достижении независимости будет объявлено после запуска симферопольской и севастопольской ТЭС. 
На данный момент кубанский газопровод перекачивает не максимальные объемы топлива. При сохранении нынешних объемов поставок, их годовой объем составит 1 млрд кубометров. Однако проектная мощность магистрали составляет 2,2 млрд кубометров ежегодно, из которых потребность бытовых потребителей составляет только 500 млн кубометров. Частично нужды населения покрываются за счет топлива, которое добывается на черноморском и азовском шельфе, а также на местных сухопутных месторождениях силами «Черноморнефтегаза». В 2016 году компания получила 1,6 млрд кубометров топлива, что на 200 млрд кубометров меньше, чем годом ранее. 
По оценке главы центра по изучению энергетической политики НИУ ВШЭ Виталия Ермакова, с возложенными на нее задачами кубанская газовая магистраль справляется. Следующим этапом, о чем ранее заявляли в правительстве, должна стать реконструкция внутренних магистралей и распределительных пунктов. Информационная служба «Века»
</topic_text>
<spam_score>0.00</spam_score>
<post_num>1</post_num>
<post_id>post-1</post_id>
<post_url>https://wek.ru/minyenergo-dolozhilo-o-likvidacii-gazovogo-deficita-v-krymu</post_url>
<post_date>20170213</post_date>
<post_time>1326</post_time>
<username></username>
<post>
Минэнерго доложило о ликвидации газового дефицита в Крыму Минэнерго доложило о ликвидации газового дефицита в Крыму Опубликовано 13.02.2017 16:26 Фото: http://pravdaurfo.ru/ Магистральный газопровод Краснодарский край — Крым прокачал за месяц 90 млн кубометров газа в Республику Крым. Об этом «Известиям» сообщили в Минэнерго. В январе поставки российского газа полностью удовлетворили потребности жителей и промышленных предприятий республики. 
Пуск газотранспортной магистрали состоялся 27 декабря 2016 года. Как подсчитали в Минэнерго, на протяжении января при помощи нового газопровода были осуществлены поставки голубого топлива на полуостров в объеме 90,3 млн кубометров. Этого количества оказалось достаточно для покрытия запросов населения республики. В ближайшем будущем спектр потребителей газа в Крыму будет расширен – к бытовым абонентом и предприятиям присоединятся две мощнейшие теплоэлектростанции. Возведение ТЭС, которые базируются в Севастополе и Симферополе, близится к завершению, а их пуск анонсируется на сентябрь. Суммарная мощность первой очереди электростанций составит 940 МВт. В дальнейшем на ТЭС построят вторые блоки с аналогичной мощностью. 
Чтобы обеспечить потребность новых ТЭС в газе, поставки топлива по магистрали с Кубани нарастят. Газа окажется достаточно для бесперебойной работы и электростанций, и промышленного комплекса республики, и теплоснабжающих организаций, отмечают в Минэнерго. Несмотря на то, что фактически полуостров уже не зависит от украинских энергоресурсов, официально о достижении независимости будет объявлено после запуска симферопольской и севастопольской ТЭС. 
На данный момент кубанский газопровод перекачивает не максимальные объемы топлива. При сохранении нынешних объемов поставок, их годовой объем составит 1 млрд кубометров. Однако проектная мощность магистрали составляет 2,2 млрд кубометров ежегодно, из которых потребность бытовых потребителей составляет только 500 млн кубометров. Частично нужды населения покрываются за счет топлива, которое добывается на черноморском и азовском шельфе, а также на местных сухопутных месторождениях силами «Черноморнефтегаза». В 2016 году компания получила 1,6 млрд кубометров топлива, что на 200 млрд кубометров меньше, чем годом ранее. 
По оценке главы центра по изучению энергетической политики НИУ ВШЭ Виталия Ермакова, с возложенными на нее задачами кубанская газовая магистраль справляется. Следующим этапом, о чем ранее заявляли в правительстве, должна стать реконструкция внутренних магистралей и распределительных пунктов. Информационная служба «Века»
</post>
<signature>

</signature>
<external_links>

</external_links>
<country>RU</country>
<main_image>https://wek.ru/images/minyenergo-dolozhilo-o-likvidacii-gazovogo-deficita-v-krymu.jpg</main_image>
<rating></rating>
</document>
