<?xml version="1.0" encoding="UTF-8"?>
<document>
<type>mainstream</type>
<forum>http://rssfeeds.13newsnow.com/_/20/109698338/wvec/local</forum>
<forum_title>WVEC - Local</forum_title>
<discussion_title>Oroville Dam spillway could fail, commun</discussion_title>
<language>english</language>
<gmt_offset></gmt_offset>
<topic_url>http://rssfeeds.13newsnow.com/_/20/109698338/wvec/http&amp;#x3a;&amp;#x2f;&amp;#x2f;www&amp;#x2e;13newsnow&amp;#x2e;com&amp;#x2f;news&amp;#x2f;local&amp;#x2f;hazardous-situation-developing-with-oroville-dam-spillway-prompts-evacuations&amp;#x2f;407788569</topic_url>
<topic_text>
Close Communities evacuated in lower levels of Oroville Areas in Oroville and Marysville evacuated as the emergency spillway at the Oroville Dam is expected to fail. (Feb. 12, 2017) Staff, ABC10 , KXTV 12:31   (Photo: Gallegos, Samantha)   
An immediate evacuation from the lower levels of Oroville and other areas have been issued due to a &quot;hazardous situation&quot; developing with the dam&apos;s spillway. 
The Butte County Sheriff&apos;s Department said an eroding hole was found in the auxiliary spillway on Sunday afternoon. The department said after working with the California Department of Water Resources (DWR), evacuations were ordered. 
&quot;We had to make a critical and difficult decision to initiate evacuation of the Oroville area,&quot; the department said. 
The DWR increased the water flowing out of the dam after it reached capacity in early February. To try shore up the water and prevent anymore on-site erosions on the emergency spillway, the DWR plans to drop rocks or boulders. 
A California water official says 100,000 cubic feet of water per second continued to flow down the Orville Dam&apos;s main spillway. Department of Water Resources Acting Director Bill Croyle said at a news conference late Sunday that the plan is to continue withdrawing that amount of water for as long as possible. Croyle says a key goal is to reduce the dam&apos;s level ahead of upcoming storms forecast to reach the area Wednesday. Water levels at Lake Orville rose so high that an emergency spillway was used Saturday for the first time in almost 50 years. Officials noticed erosion on the emergency spillway on Sunday. Croyle says officials have been unable to access the erosion scar but will be able to analyze the damage better now that water is below its level. 
According to the National Weather Service, the areas impacted are Oroville, Palermo, Gridley, Thermalito, South Oroville, Oroville Dam, Oroville East and Wyandotte. 
Residents evacuated can shelter at the Silver Dollar Fairgrounds in Chico. 
The City of Marysville and Yuba City has also been encouraged to evacuate immediately. 
A Northern California sheriff says evacuation orders affecting 188,000 people will stand until there is more information on the condition of the nation&apos;s tallest dam&apos;s emergency spillway. 
For evacuation information , residents in Butte County can call 211 from any landline or cell phone. Yuba or Sutter County residents can call 1-866-916-3566. 
With the emergency evacuation orders in place due to the spillways, there are local schools that will be closed on Monday. 
The list includes: Yuba College&apos;s Marysville Campus, Sutter County Campus, and Beale Campus, Butte College. 
This is a developing story. Refresh for more details as they come in. 
Copyright 2017 The Associated Press. All rights reserved. This material may not be published, broadcast, rewritten or redistributed.
</topic_text>
<spam_score>0.00</spam_score>
<post_num>1</post_num>
<post_id>post-1</post_id>
<post_url>http://rssfeeds.13newsnow.com/_/20/109698338/wvec/http&amp;#x3a;&amp;#x2f;&amp;#x2f;www&amp;#x2e;13newsnow&amp;#x2e;com&amp;#x2f;news&amp;#x2f;local&amp;#x2f;hazardous-situation-developing-with-oroville-dam-spillway-prompts-evacuations&amp;#x2f;407788569</post_url>
<post_date>20170213</post_date>
<post_time>2058</post_time>
<username></username>
<post>
Close Communities evacuated in lower levels of Oroville Areas in Oroville and Marysville evacuated as the emergency spillway at the Oroville Dam is expected to fail. (Feb. 12, 2017) Staff, ABC10 , KXTV 12:31   (Photo: Gallegos, Samantha)   
An immediate evacuation from the lower levels of Oroville and other areas have been issued due to a &quot;hazardous situation&quot; developing with the dam&apos;s spillway. 
The Butte County Sheriff&apos;s Department said an eroding hole was found in the auxiliary spillway on Sunday afternoon. The department said after working with the California Department of Water Resources (DWR), evacuations were ordered. 
&quot;We had to make a critical and difficult decision to initiate evacuation of the Oroville area,&quot; the department said. 
The DWR increased the water flowing out of the dam after it reached capacity in early February. To try shore up the water and prevent anymore on-site erosions on the emergency spillway, the DWR plans to drop rocks or boulders. 
A California water official says 100,000 cubic feet of water per second continued to flow down the Orville Dam&apos;s main spillway. Department of Water Resources Acting Director Bill Croyle said at a news conference late Sunday that the plan is to continue withdrawing that amount of water for as long as possible. Croyle says a key goal is to reduce the dam&apos;s level ahead of upcoming storms forecast to reach the area Wednesday. Water levels at Lake Orville rose so high that an emergency spillway was used Saturday for the first time in almost 50 years. Officials noticed erosion on the emergency spillway on Sunday. Croyle says officials have been unable to access the erosion scar but will be able to analyze the damage better now that water is below its level. 
According to the National Weather Service, the areas impacted are Oroville, Palermo, Gridley, Thermalito, South Oroville, Oroville Dam, Oroville East and Wyandotte. 
Residents evacuated can shelter at the Silver Dollar Fairgrounds in Chico. 
The City of Marysville and Yuba City has also been encouraged to evacuate immediately. 
A Northern California sheriff says evacuation orders affecting 188,000 people will stand until there is more information on the condition of the nation&apos;s tallest dam&apos;s emergency spillway. 
For evacuation information , residents in Butte County can call 211 from any landline or cell phone. Yuba or Sutter County residents can call 1-866-916-3566. 
With the emergency evacuation orders in place due to the spillways, there are local schools that will be closed on Monday. 
The list includes: Yuba College&apos;s Marysville Campus, Sutter County Campus, and Beale Campus, Butte College. 
This is a developing story. Refresh for more details as they come in. 
Copyright 2017 The Associated Press. All rights reserved. This material may not be published, broadcast, rewritten or redistributed.
</post>
<signature>

</signature>
<external_links>

</external_links>
<country>US</country>
<main_image>http://content.abc10.com/photo/2017/02/13/oroville021117dwr3_1487002902024_8500034_ver1.0.JPG</main_image>
<rating></rating>
</document>
