<?xml version="1.0" encoding="UTF-8"?>
<document>
<type>mainstream</type>
<forum></forum>
<forum_title></forum_title>
<discussion_title>Search | foundry-planet.com - B2B Portal</discussion_title>
<language>english</language>
<gmt_offset></gmt_offset>
<topic_url>http://www.foundry-planet.com/ae/search/?tx_kesearch_pi1%5BsortByField%5D=sortdate&amp;amp;tx_kesearch_pi1%5BsortByDir%5D=desc&amp;amp;tx_kesearch_pi1%5Bpage%5D=11&amp;amp;cHash=ea8ff872e095f0e649e17e71c35920ab</topic_url>
<topic_text>
Taniguchi Jyu Kogyo Co., Ltd. Categories: steel Search results 101 until 110 of 2001 
</topic_text>
<spam_score>0.19</spam_score>
<post_num>1</post_num>
<post_id>post-1</post_id>
<post_url>http://www.foundry-planet.com/ae/search/?tx_kesearch_pi1%5BsortByField%5D=sortdate&amp;amp;tx_kesearch_pi1%5BsortByDir%5D=desc&amp;amp;tx_kesearch_pi1%5Bpage%5D=11&amp;amp;cHash=ea8ff872e095f0e649e17e71c35920ab</post_url>
<post_date>20141103</post_date>
<post_time></post_time>
<username></username>
<post>
Taniguchi Jyu Kogyo Co., Ltd. Categories: steel Search results 101 until 110 of 2001 
</post>
<signature>

</signature>
<external_links>

</external_links>
<country>DE</country>
<main_image></main_image>
<rating></rating>
</document>
