<?xml version="1.0" encoding="UTF-8"?>
<document>
<type>mainstream</type>
<forum></forum>
<forum_title></forum_title>
<discussion_title>Search | foundry-planet.com - B2B Portal</discussion_title>
<language>english</language>
<gmt_offset></gmt_offset>
<topic_url>http://www.foundry-planet.com/search/?tx_kesearch_pi1%5Bsword%5D=%22Vulcan+Engineering+Co.%22&amp;amp;tx_kesearch_pi1%5BsortByField%5D=sortdate&amp;amp;tx_kesearch_pi1%5BsortByDir%5D=desc&amp;amp;tx_kesearch_pi1%5Bfilter%5D%5B1%5D=News&amp;amp;tx_kesearch_pi1%5Bpage%5D=3&amp;amp;cHash=ee6a4449061a82b8b33dbfa25db965d4</topic_url>
<topic_text>
21. Vulcan Contracted Date: 14-03-07 ...for New Molding Systems New projects include no-bake, tight-flask, and Disa systems Vulcan Engineering Co. , Helena, AL, reported details of a series of recent contracts to design and install nobake molding systems: •... Search results 21 until 21 of 21 
</topic_text>
<spam_score>0.19</spam_score>
<post_num>1</post_num>
<post_id>post-1</post_id>
<post_url>http://www.foundry-planet.com/search/?tx_kesearch_pi1%5Bsword%5D=%22Vulcan+Engineering+Co.%22&amp;amp;tx_kesearch_pi1%5BsortByField%5D=sortdate&amp;amp;tx_kesearch_pi1%5BsortByDir%5D=desc&amp;amp;tx_kesearch_pi1%5Bfilter%5D%5B1%5D=News&amp;amp;tx_kesearch_pi1%5Bpage%5D=3&amp;amp;cHash=ee6a4449061a82b8b33dbfa25db965d4</post_url>
<post_date>20141103</post_date>
<post_time></post_time>
<username></username>
<post>
21. Vulcan Contracted Date: 14-03-07 ...for New Molding Systems New projects include no-bake, tight-flask, and Disa systems Vulcan Engineering Co. , Helena, AL, reported details of a series of recent contracts to design and install nobake molding systems: •... Search results 21 until 21 of 21 
</post>
<signature>

</signature>
<external_links>

</external_links>
<country>DE</country>
<main_image></main_image>
<rating></rating>
</document>
