<?xml version="1.0" encoding="UTF-8"?>
<document>
<type>mainstream</type>
<forum>http://sportsport.ba/rss/magazin</forum>
<forum_title>SportSport.ba</forum_title>
<discussion_title>Sutjeska slavila protiv Drine HE</discussion_title>
<language>croatian</language>
<gmt_offset></gmt_offset>
<topic_url>http://sportsport.ba/bh_fudbal/sutjeska-slavila-protiv-drine-he/225005</topic_url>
<topic_text>
Sutjeska slavila protiv Drine HE Piše: M. Jakovljević Facebook U okviru priprema za proljetni dio sezone prijateljsku utakmicu su odigrali Sutjeska i Drina HE iz Višegrada. 
Pobjeda je pripala na kraju ekipi Sutjeske koja je slavila rezultatom 2:1. Golove za tim iz Foče su postigli Šuka u 14. i Mojović u 84. minuti, dok je na drugoj strani strijelac bio Damjanović u 52. minuti. 
Dodajmo i to da je protiv Sutjeske za Drinu HE nastupilo nekoliko igrača koji su se ponovo vratili u klub poslije preseljenja ove ekipe u Drugu ligu RS. 
Sutjeska je inače prvi dio sezone u Prvoj ligi RS završila na pretposljednjoj poziciji sa 16 osvojenih bodova. 
Prijateljska utakmica:
</topic_text>
<spam_score>0.00</spam_score>
<post_num>1</post_num>
<post_id>post-1</post_id>
<post_url>http://sportsport.ba/bh_fudbal/sutjeska-slavila-protiv-drine-he/225005</post_url>
<post_date>20170213</post_date>
<post_time>2131</post_time>
<username>M. Jakovljević</username>
<post>
Sutjeska slavila protiv Drine HE Piše: M. Jakovljević Facebook U okviru priprema za proljetni dio sezone prijateljsku utakmicu su odigrali Sutjeska i Drina HE iz Višegrada. 
Pobjeda je pripala na kraju ekipi Sutjeske koja je slavila rezultatom 2:1. Golove za tim iz Foče su postigli Šuka u 14. i Mojović u 84. minuti, dok je na drugoj strani strijelac bio Damjanović u 52. minuti. 
Dodajmo i to da je protiv Sutjeske za Drinu HE nastupilo nekoliko igrača koji su se ponovo vratili u klub poslije preseljenja ove ekipe u Drugu ligu RS. 
Sutjeska je inače prvi dio sezone u Prvoj ligi RS završila na pretposljednjoj poziciji sa 16 osvojenih bodova. 
Prijateljska utakmica:
</post>
<signature>

</signature>
<external_links>

</external_links>
<country>BA</country>
<main_image>http://sportsport.ba/assets/pictures/article/5/sutjeska_slavila_protiv_drine_he_223102_225005_big.jpg</main_image>
<rating></rating>
</document>
