<?xml version="1.0" encoding="UTF-8"?>
<document>
<type>mainstream</type>
<forum>http://www.beaumontenterprise.com/home/collectionRss/Home-Heds-News-7272.php</forum>
<forum_title>Top stories</forum_title>
<discussion_title>Quick Sand Bridge in Newton County replaced, reopened</discussion_title>
<language>english</language>
<gmt_offset></gmt_offset>
<topic_url>http://www.beaumontenterprise.com/news/article/Quick-Sand-Bridge-in-Newton-County-replaced-10929371.php</topic_url>
<topic_text>
Quick Sand Bridge in Newton County replaced, reopened The Enterprise Published 3:16   Photo: Texas Department Of Transportation Image 1 of / 2 Close Image 1 of 2 The Quicksand Creek Bridge on FM 2626 in Newton County opened Friday after being replaced due to damage from flooding in March 2016. The Quicksand Creek Bridge on FM 2626 in Newton County opened Friday after being replaced due to damage from flooding in March 2016. Photo: Texas Department Of Transportation Image 2 of 2 The March flood that inundated much of the Sabine River area in Newton County resulted in irreparable damage to Quick Sand Bridge on FM 2626. The March flood that inundated much of the Sabine River area in Newton County resulted in irreparable damage to Quick Sand Bridge on FM 2626. Quick Sand Bridge in Newton County replaced, reopened 1 / 2 Back to Gallery 
A Newton County bridge reopened Friday after floods in March 2016 damaged it,   Transportation said. 
Work on the $3 million replacement for the Quick Sand Creek Bridge on FM 2626 began in October, TxDOT said.
</topic_text>
<spam_score>0.00</spam_score>
<post_num>1</post_num>
<post_id>post-1</post_id>
<post_url>http://www.beaumontenterprise.com/news/article/Quick-Sand-Bridge-in-Newton-County-replaced-10929371.php</post_url>
<post_date>20170213</post_date>
<post_time>2109</post_time>
<username>The Enterprise</username>
<post>
Quick Sand Bridge in Newton County replaced, reopened The Enterprise Published 3:16   Photo: Texas Department Of Transportation Image 1 of / 2 Close Image 1 of 2 The Quicksand Creek Bridge on FM 2626 in Newton County opened Friday after being replaced due to damage from flooding in March 2016. The Quicksand Creek Bridge on FM 2626 in Newton County opened Friday after being replaced due to damage from flooding in March 2016. Photo: Texas Department Of Transportation Image 2 of 2 The March flood that inundated much of the Sabine River area in Newton County resulted in irreparable damage to Quick Sand Bridge on FM 2626. The March flood that inundated much of the Sabine River area in Newton County resulted in irreparable damage to Quick Sand Bridge on FM 2626. Quick Sand Bridge in Newton County replaced, reopened 1 / 2 Back to Gallery 
A Newton County bridge reopened Friday after floods in March 2016 damaged it,   Transportation said. 
Work on the $3 million replacement for the Quick Sand Creek Bridge on FM 2626 began in October, TxDOT said.
</post>
<signature>

</signature>
<external_links>

</external_links>
<country>US</country>
<main_image>http://ww1.hdnux.com/photos/57/12/72/12365472/4/rawImage.jpg</main_image>
<rating></rating>
</document>
