<?xml version="1.0" encoding="UTF-8"?>
<document>
<type>mainstream</type>
<forum>http://coopradio.org/rss.xml</forum>
<forum_title>Vancouver Co-op Radio</forum_title>
<discussion_title>The F Word / Talkin&apos; Trash</discussion_title>
<language>english</language>
<gmt_offset></gmt_offset>
<topic_url>http://coopradio.org/content/f-word-talkin-trash-31</topic_url>
<topic_text>
The F Word / Talkin&apos; Trash Monday Feb 13 12:00 2017 Length: 62:00 minutes (56.77 MB) Format: MP3 Stereo 44kHz 128Kbps (CBR) Sitemap
</topic_text>
<spam_score>0.00</spam_score>
<post_num>1</post_num>
<post_id>post-1</post_id>
<post_url>http://coopradio.org/content/f-word-talkin-trash-31</post_url>
<post_date>20170213</post_date>
<post_time>2105</post_time>
<username>Admin</username>
<post>
The F Word / Talkin&apos; Trash Monday Feb 13 12:00 2017 Length: 62:00 minutes (56.77 MB) Format: MP3 Stereo 44kHz 128Kbps (CBR) Sitemap
</post>
<signature>

</signature>
<external_links>

</external_links>
<country>CA</country>
<main_image>http://coopradio.org/sites/default/files/coop_logo_facebook.png</main_image>
<rating></rating>
</document>
