<?xml version="1.0" encoding="UTF-8"?>
<document>
<type>mainstream</type>
<forum>http://sobesednik.ru/rss.xml</forum>
<forum_title>Собеседник.ру</forum_title>
<discussion_title>Дмитрий Быков: Вечно сидящий Навальный</discussion_title>
<language>russian</language>
<gmt_offset></gmt_offset>
<topic_url>http://sobesednik.ru/dmitriy-bykov/20170214-dmitriy-bykov-vechno-sidyashchiy-navalnyy</topic_url>
<topic_text>
Дмитрий Быков: Вечно сидящий Навальный Алексей Навальный 
Креативный редактор Sobesednik.ru Дмитрий Быков в стихах – об очередном сроке Алексея Навального. 
Пять лет условно получил Алексей Навальный, рвущийся на президентские выборы-2018, по «второму делу «Кировлеса». 
Ну, слава Богу! Он виновен,Он пять законных получил,И снова срок его условен,А приговор неотличим.Он вновь у мира на видуИ ни сидеть, ни избиратьсяНе будет в будущем году.А кто же будет? Верный Жири,Седой Явлинский, хмурый Зюг...Как будто двадцать лет не жили.(И разве жили, милый друг?) Дмитрий Быков 
Я так и вижу – через двадцатьТаких же мелко-стыдных летС чего бы, собственно, и нет?А с ним пойдут в одной упряжкеВо всю старперовскую прыть
</topic_text>
<spam_score>0.00</spam_score>
<post_num>1</post_num>
<post_id>post-1</post_id>
<post_url>http://sobesednik.ru/dmitriy-bykov/20170214-dmitriy-bykov-vechno-sidyashchiy-navalnyy</post_url>
<post_date>20170213</post_date>
<post_time>2102</post_time>
<username></username>
<post>
Дмитрий Быков: Вечно сидящий Навальный Алексей Навальный 
Креативный редактор Sobesednik.ru Дмитрий Быков в стихах – об очередном сроке Алексея Навального. 
Пять лет условно получил Алексей Навальный, рвущийся на президентские выборы-2018, по «второму делу «Кировлеса». 
Ну, слава Богу! Он виновен,Он пять законных получил,И снова срок его условен,А приговор неотличим.Он вновь у мира на видуИ ни сидеть, ни избиратьсяНе будет в будущем году.А кто же будет? Верный Жири,Седой Явлинский, хмурый Зюг...Как будто двадцать лет не жили.(И разве жили, милый друг?) Дмитрий Быков 
Я так и вижу – через двадцатьТаких же мелко-стыдных летС чего бы, собственно, и нет?А с ним пойдут в одной упряжкеВо всю старперовскую прыть
</post>
<signature>

</signature>
<external_links>

</external_links>
<country>RU</country>
<main_image>http://cdn2.sobesednik.ru/sites/default/files/complex_images/images/20170208_gaf_ru04_013.jpg</main_image>
<rating></rating>
</document>
