<?xml version="1.0" encoding="UTF-8"?>
<document>
<type>mainstream</type>
<forum>http://www.businessworld.in/rss/news-article.xml</forum>
<forum_title>News</forum_title>
<discussion_title>Elected By Shareholders, Have A Job To Do: Infosys Board Chairman Seshasayee</discussion_title>
<language>english</language>
<gmt_offset></gmt_offset>
<topic_url>http://businessworld.in/article/Elected-By-Shareholders-Have-A-Job-To-Do-Infosys-Board-Chairman-Seshasayee/14-02-2017-112907</topic_url>
<topic_text>
Infosys Watching US Politics For Any Impact On Business 
With a clutch of high-profile co- founders gunning for the Infosys board, Chairman R Seshasayee on Monday appeared defiant in the face of biggest crisis at India&apos;s second-largest IT firm, saying he has been elected by shareholders and has a job to do that he will do.He strongly defended hefty pay hike to CEO and large severance package to some former executives and said the board will continue to uphold high standards of governance.More than a week after co-founders N R Narayana Murthy, Nandan Nilekani and Kris Gopalakrishnan flagged what they said were corporate governance issues, Seshasayee and other board members, including Chief Executive Vishal Sikka, addressed an hour-long press conference to clear the air.&quot;Shareholders and board have asked me to do a job. As long as they don&apos;t ask me... I will do my job,&quot; he said, adding that the Infosys management was &quot;professionally run&quot;.He was responding to a question on some of the former executives asking him to step down and suggestion that an interim chairman should look into concerns raised by co-founders.Seshasayee defended Sikka&apos;s pay package, which has been increased to USD 11 million from USD 7.08 million, saying the compensation is tied to achievement of very high levels of target.Justifying the hefty compensation of Sikka, Seshasayee said that while the compensation was raised to USD 11 million, the fixed component was down to USD 4 million from USD 5.08 million earlier.On Murthy&apos;s contention that Infosys had made severance pay to former CFO Rajiv Bansal and general counsel David Kennedy as &quot;hush money&quot; to keep them from revealing Infosys secrets, the chairman said such a &quot;suspicion&quot; is &quot;deeply disturbing&quot;.&quot;He (Bansal) is a brilliant colleague. There were team chemistry issues with Rajiv and his exit was mutually agreed upon... He conducted his job with integrity,&quot; Sikka said.Stating that the company&apos;s former CFO was finally paid about Rs 5 crore and not Rs 17 crore as agreed, Seshasayee said &quot;taking out subjectivity and putting severance pay in contracts was a learning&quot; from the Bansal episode.Responding to the co-founders raising concerns, the chairman said, &quot;Here we have some stakeholders, founders and others along with them, who have nothing other than the best interest of the organisation on their mind and obviously, there will be a lot of passion.&quot;&quot;It is our obligation to listen to these voices, assimilate these messages, be sensitive to these comments and calibrate our actions,&quot; he said.He emphasised that there is no conflict of interest and whatever battle is being talked about is media creation.&quot;There is convergence. I don&apos;t think there is any battle,&quot; he said. &quot;Governance is a collective responsibility of the board. There could be issues of perception.&quot; He also backed independent directors D N Prahlad and Punita Kumar Sinha, saying these appointments were made on merit.On appointment of Cyril Amarchand Mangaldas, he said the law firm was not brought in to mediate, but to give a road map on governance.On being asked if he would step down from his position as suggested by Murthy, Seshasayee said he has been elected by Infosys shareholders and the board to do a job and that he will continue to do it.(PTI)
</topic_text>
<spam_score>0.00</spam_score>
<post_num>1</post_num>
<post_id>post-1</post_id>
<post_url>http://businessworld.in/article/Elected-By-Shareholders-Have-A-Job-To-Do-Infosys-Board-Chairman-Seshasayee/14-02-2017-112907</post_url>
<post_date>20170214</post_date>
<post_time>0021</post_time>
<username></username>
<post>
Infosys Watching US Politics For Any Impact On Business 
With a clutch of high-profile co- founders gunning for the Infosys board, Chairman R Seshasayee on Monday appeared defiant in the face of biggest crisis at India&apos;s second-largest IT firm, saying he has been elected by shareholders and has a job to do that he will do.He strongly defended hefty pay hike to CEO and large severance package to some former executives and said the board will continue to uphold high standards of governance.More than a week after co-founders N R Narayana Murthy, Nandan Nilekani and Kris Gopalakrishnan flagged what they said were corporate governance issues, Seshasayee and other board members, including Chief Executive Vishal Sikka, addressed an hour-long press conference to clear the air.&quot;Shareholders and board have asked me to do a job. As long as they don&apos;t ask me... I will do my job,&quot; he said, adding that the Infosys management was &quot;professionally run&quot;.He was responding to a question on some of the former executives asking him to step down and suggestion that an interim chairman should look into concerns raised by co-founders.Seshasayee defended Sikka&apos;s pay package, which has been increased to USD 11 million from USD 7.08 million, saying the compensation is tied to achievement of very high levels of target.Justifying the hefty compensation of Sikka, Seshasayee said that while the compensation was raised to USD 11 million, the fixed component was down to USD 4 million from USD 5.08 million earlier.On Murthy&apos;s contention that Infosys had made severance pay to former CFO Rajiv Bansal and general counsel David Kennedy as &quot;hush money&quot; to keep them from revealing Infosys secrets, the chairman said such a &quot;suspicion&quot; is &quot;deeply disturbing&quot;.&quot;He (Bansal) is a brilliant colleague. There were team chemistry issues with Rajiv and his exit was mutually agreed upon... He conducted his job with integrity,&quot; Sikka said.Stating that the company&apos;s former CFO was finally paid about Rs 5 crore and not Rs 17 crore as agreed, Seshasayee said &quot;taking out subjectivity and putting severance pay in contracts was a learning&quot; from the Bansal episode.Responding to the co-founders raising concerns, the chairman said, &quot;Here we have some stakeholders, founders and others along with them, who have nothing other than the best interest of the organisation on their mind and obviously, there will be a lot of passion.&quot;&quot;It is our obligation to listen to these voices, assimilate these messages, be sensitive to these comments and calibrate our actions,&quot; he said.He emphasised that there is no conflict of interest and whatever battle is being talked about is media creation.&quot;There is convergence. I don&apos;t think there is any battle,&quot; he said. &quot;Governance is a collective responsibility of the board. There could be issues of perception.&quot; He also backed independent directors D N Prahlad and Punita Kumar Sinha, saying these appointments were made on merit.On appointment of Cyril Amarchand Mangaldas, he said the law firm was not brought in to mediate, but to give a road map on governance.On being asked if he would step down from his position as suggested by Murthy, Seshasayee said he has been elected by Infosys shareholders and the board to do a job and that he will continue to do it.(PTI)
</post>
<signature>

</signature>
<external_links>

</external_links>
<country>IN</country>
<main_image>http://d1s8mqgwixvb29.cloudfront.net/article/article_large_image/1487012870_JNH9Mg_Infosys_Seshasayee.jpg</main_image>
<rating></rating>
</document>
