<?xml version="1.0" encoding="UTF-8"?>
<document>
<type>mainstream</type>
<forum>http://www.tribunnews.com/rss/regional</forum>
<forum_title>Tribunnews.com</forum_title>
<discussion_title>Godaan Narkoba di Tahanan Mengerikan`</discussion_title>
<language>indonesian</language>
<gmt_offset></gmt_offset>
<topic_url>http://www.tribunnews.com/regional/2017/02/14/godaan-narkoba-di-tahanan-mengerikan</topic_url>
<topic_text>
Godaan Narkoba di Tahanan Mengerikan` Pengendalian peredaran gelap narkoba dari balik jeruji rumah tahanan nyatanya bukan sebatas isapan jempol.   04:04 WIB 
TRIBUNNEWS.COM, BALIKPAPAN - Pengendalian peredaran gelap narkoba dari balik jeruji rumah tahanan nyatanya bukan sebatas isapan jempol. 
Bandar narkoba yang saat ini mendekam bukannya taubat, mereka justru tambah leluasa menjalankan bisnis haramnya. 
Umumnya, pelaku menjalankan bisnis narkoba lewat komunikasi dengan dunia luar. 
Penelusuran Tribun Kaltim, salah seorang tahanan kasus narkoba yang masih menjalani hukuman di sebuah Lembaga Pemasyarakatan di Kaltim bisa leluasa menerima panggilan telepon. 
&quot; Endak bisa dibilang sembunyi-sembunyi, sih. Yang jelas hampir semua napi punya kok (telepon seluler). Kalau ketahuan pas razia ya diambil,&quot; ujar tahanan yang namanya tidak mau dikorankan saat dihubungi Tribun melalui sambungan telepon. 
Menurut dia, jual beli telepon seluler memang terjadi di Lapas. Kebutuhan alat komunikasi sangat penting bagi para narapidana. 
Selain untuk mengetahui perkembangan di luar, juga sebagai hiburan. Tak jarang dijadikan alat komunikasi bisnis. 
&quot;Pintar-pintar kita aja. Banyak di sini caranya. Ada yang jual di sini. Teman di blok lain ada butuh uang dijual ponselnya. Kadang dari sipir, pokoknya di sini (lapas) semua serba uang. Mau enak hidup ya harus punya modal banyak,&quot; bebernya. 
Modus lainnya bisa menggunkan sistem titip dari luar. 
Bahkan hanya dengan merogoh kocek Rp 50 ribu ke sipir, telepon bisa sampai ke tangan pemesannya.
</topic_text>
<spam_score>0.00</spam_score>
<post_num>1</post_num>
<post_id>post-1</post_id>
<post_url>http://www.tribunnews.com/regional/2017/02/14/godaan-narkoba-di-tahanan-mengerikan</post_url>
<post_date>20170213</post_date>
<post_time>2104</post_time>
<username></username>
<post>
Godaan Narkoba di Tahanan Mengerikan` Pengendalian peredaran gelap narkoba dari balik jeruji rumah tahanan nyatanya bukan sebatas isapan jempol.   04:04 WIB 
TRIBUNNEWS.COM, BALIKPAPAN - Pengendalian peredaran gelap narkoba dari balik jeruji rumah tahanan nyatanya bukan sebatas isapan jempol. 
Bandar narkoba yang saat ini mendekam bukannya taubat, mereka justru tambah leluasa menjalankan bisnis haramnya. 
Umumnya, pelaku menjalankan bisnis narkoba lewat komunikasi dengan dunia luar. 
Penelusuran Tribun Kaltim, salah seorang tahanan kasus narkoba yang masih menjalani hukuman di sebuah Lembaga Pemasyarakatan di Kaltim bisa leluasa menerima panggilan telepon. 
&quot; Endak bisa dibilang sembunyi-sembunyi, sih. Yang jelas hampir semua napi punya kok (telepon seluler). Kalau ketahuan pas razia ya diambil,&quot; ujar tahanan yang namanya tidak mau dikorankan saat dihubungi Tribun melalui sambungan telepon. 
Menurut dia, jual beli telepon seluler memang terjadi di Lapas. Kebutuhan alat komunikasi sangat penting bagi para narapidana. 
Selain untuk mengetahui perkembangan di luar, juga sebagai hiburan. Tak jarang dijadikan alat komunikasi bisnis. 
&quot;Pintar-pintar kita aja. Banyak di sini caranya. Ada yang jual di sini. Teman di blok lain ada butuh uang dijual ponselnya. Kadang dari sipir, pokoknya di sini (lapas) semua serba uang. Mau enak hidup ya harus punya modal banyak,&quot; bebernya. 
Modus lainnya bisa menggunkan sistem titip dari luar. 
Bahkan hanya dengan merogoh kocek Rp 50 ribu ke sipir, telepon bisa sampai ke tangan pemesannya.
</post>
<signature>

</signature>
<external_links>

</external_links>
<country>US</country>
<main_image></main_image>
<rating></rating>
</document>
