<?xml version="1.0" encoding="UTF-8"?>
<document>
<type>mainstream</type>
<forum>http://www.dailymail.co.uk/ushome/index.rss</forum>
<forum_title>Ushome | Mail Online</forum_title>
<discussion_title>Prince William and Kate to visit Paris next month</discussion_title>
<language>english</language>
<gmt_offset></gmt_offset>
<topic_url>http://www.dailymail.co.uk/femail/article-4219430/William-Kate-visit-Paris-month.html?ITO=1490&amp;ns_mchannel=rss&amp;ns_campaign=1490</topic_url>
<topic_text>
Prince William is to visit Paris for the first time since his mother died in the city when he and the Duchess of Cambridge travel there on an official visit next month.
Their mini-tour, almost 20 years after Diana , Princess of Wales, was killed in a car crash in the French capital, is bound to be an emotional one for the second in line to the throne.
Although his younger brother, Prince Harry, has been to Paris in recent years to attend a rugby match, William, who has always been more reticent to speak about his mother in public, has not been to the city since the accident on August 31 1997.
The couple will spend two days in the city – March 17 and 18 - undertaking around eight engagements during their time there.
Prince William and his wife Kate will visit Paris next month, the first time the Duke has officially visited the city since the death of his mother almost 20 years ago 
Princess Diana was killed in a car crash in Paris in August 2017, almost 20 years ago 
Their full itinerary has yet to be announced but will include a reception for young French leaders from a variety of fields, a formal dinner at the residence of Her Majesty&apos;s Ambassador and attendance at the Wales v France Six Nations test at the Stade de France.
In a statement Kensington Palace said: ‘The Duke and Duchess of Cambridge will undertake an official two-day visit to Paris on 17th and 18th March. Their Royal Highness&apos; visit is at the request of the Foreign and Commonwealth Office. Full details of the visit will be announced in due course.’
All eyes will clearly be on Kate, 35, to fly the flag for British fashion in one of the most stylish cities on the globe.
The timing of the trip is also particularly significant given Britain’s post-Brexit negotiations with the rest of Europe.
It will be seen by some as part of a charm offensive by the British government, who are keen to use the British Royal Family as part of their ‘soft diplomacy’ efforts.
It is understood the duke and duchess will be staying with the British ambassador to France, Edward Llewellyn, who took up the position back in November.
Princess Diana captured on CCTV with her boyfriend Dodi at the Ritz Hotel in Paris shortly before her death 
He lives in a stunning residence, known as the Hotel de Charost, built in 1722-25, and once lived in by Napoleon Bonaparte’s sister.
In 1814 it was bought by the Duke of Wellington, then the newly-appointed British ambassador to France.
Back in 1997 Princess Diana was staying in Paris with her then boyfriend, Dodi Fayed, following a summer holiday to the South of France, while her children were with the Queen at Balmoral.
Prince Charles, right, accompanies his sons Prince William, left and Prince Harry after they arrived at Kensington Palace to view some of the flowers and mementos in 1997
The couple had taken up residence in a suite at the Ritz, owned by Dodi’s father, Mohamed Al Fayed, when they were killed in a car driven by the hotel’s acting head of security, Henri Paul, who an inquest later found to be drunk and speeding as they entered the Alma Tunnel.
The inquest found he had lost control of the car and crashed into a pillar, killing himself, Diana and Dodi. Only Dodi’s bodyguard survived.
William, who was just 15 when Princess Diana died, initially refused to speak publicly about his mother&apos;s death. 
PRINCESS DIANA&apos;S DEATH IN PARIS Diana arrived in Paris on 30 August 1997 with her boyfriend Dodi Fayed after spending nine days together on his father Mohammed Al-Fayed&apos;s yacht in Sardinia.
They pair dined at the Ritz hotel, owned by Dodi&apos;s father, and left after midnight to travel to an apartment in in Rue Arsène Houssaye, just off the Champs Elysees.
The Ritz&apos;s deputy head of security Henri Paul was tasked with driving a black Mercedes away from the main entrance of the hotel on Place Vendôme to fool the waiting papparazzi, while Diana and Dodi exited via the rear entrance on Rue Cambon.
Trevor Rees-Jones of the Fayed family&apos;s secturity team was driving the couple and took them into the Place de l&apos;Alma underpass. 
Photographers pursued them into the underpass and Paul, who was under the influence of alcohol and speeding, lost control of the Mercedes 280S while trying to outrun the press pack and careered into a support pillar.
Henri Paul and Dodi Fayed were killed instantly, but Diana was still alive and was removed from the wreckage
She suffered a cardiac arrest and died in hospital several hours later. 
An inquest concluded that Diana&apos;s death was &apos;caused, or contributed to, by the speed and manner of the driver of the Mercedes and the speed and manner of the following vehicles&apos;.
The Flame of Liberty, a replica of part of the Statue of Liberty, which stands on the Place de l’Alma has become an unofficial monument to the Princess, and is still visited by royal fans who lay pictures and flowers beside it. 
But in recent years he&apos;s been more open, especially after becoming the patron of Child Bereavement UK. 
&apos;Never being able to say the word &quot;Mummy&quot; again in your life sounds like a small thing,&apos; he revealed.
&apos;However, for many, including me, it&apos;s now really just a word – hollow and evoking only memories.&apos;
</topic_text>
<spam_score>0.00</spam_score>
<post_num>53</post_num>
<post_id>post-53</post_id>
<post_url>http://www.dailymail.co.uk/femail/article-4219430/William-Kate-visit-Paris-month.html?ITO=1490&amp;ns_mchannel=rss&amp;ns_campaign=1490#180333200</post_url>
<post_date>20170213</post_date>
<post_time>1416</post_time>
<username>betsy39</username>
<post>
Have they attended any Wales rugby matches here?8 engagements which amounts to a few hours. Sad that Al Fayed refused British security which Diana was still entitled to.
</post>
<signature>

</signature>
<external_links>

</external_links>
<country>GB</country>
<main_image>http://i.dailymail.co.uk/i/pix/2017/02/13/12/3D29A70F00000578-0-image-a-23_1486987432980.jpg</main_image>
<rating></rating>
</document>
