<?xml version="1.0" encoding="UTF-8"?>
<document>
<type>mainstream</type>
<forum></forum>
<forum_title></forum_title>
<discussion_title>Η σπαρακτική έκκληση της μητέρας του Παντελή Παντελίδη – Όσα ανέφερε ο πατέρας του καλλιτέχνη στην συνέντευξή του! – Teo Kanistras</discussion_title>
<language>greek</language>
<gmt_offset></gmt_offset>
<topic_url>http://www.teokanistras.gr/%ce%b7-%cf%83%cf%80%ce%b1%cf%81%ce%b1%ce%ba%cf%84%ce%b9%ce%ba%ce%ae-%ce%ad%ce%ba%ce%ba%ce%bb%ce%b7%cf%83%ce%b7-%cf%84%ce%b7%cf%82-%ce%bc%ce%b7%cf%84%ce%ad%cf%81%ce%b1%cf%82-%cf%84%ce%bf%cf%85-%cf%80/</topic_url>
<topic_text>
Tweet 
Μετηνσυμπλήρωσηενόςχρόνουακριβώςαπότομοιραίοπρωινότης 18ηςΦεβρουαρίου 2016 πουστέρισετηνζωήστοΠαντελήΠαντελίδη, οπατέραςτου, Σταύρος, δίνειτηνπρώτητουσυνέντευξη. ΜέσααπότηνδικήτουσυνέντευξηπερνάκαιτομήνυματηςγυναίκαςτουΑθηνάςΠαντελίδου, ηοποίαμέχριστιγμήςδενέχεικάνεικαμίαδήλωση. 
«ΟΠαντελήςήταναπότιςπρώτεςμέρες, μήνεςκάτιπουμαςαπασχολούσε, τογεγονόςότιαυτότοπαιδίπαίρνειτόσημεγάληέκτασηστηναγάπητουκόσμου. Είναιαπίστευτο. Κάποιοιείπανπωςείναιπέρααπότοανθρώπινοόριο, θαδείξει, ακόμαμαςαπασχολείκαιεμάς. Ακόμαμιλάμεσεχρόνοενεστώτα, δενπιστεύουμεπωςέχειφύγειτοπαιδίμας, νομίζουμεότιέχεικάνειέναταξίδιμακρινόκαιότικάποιαστιγμήθαγυρίσει». 
Ησπαρακτικήέκκλησητηςμητέραςτουαδικοχαμένουτραγουδιστή, Αθηνάς: «Τοπαιδίμουθέλω». Δενγίνεταινακαταλάβετεότιεκτόςαπότοκαλλιτεχνικόείναικαικάτιανθρώπινο, είναιηοικογένεια, μαςλείπει. «Λείπειέναμέλος, τοκρεβάτιτου, εκείπουκοιμότανε». ΔείτεαναλυτικάόλαόσαείπεοΣταύροςΠαντελίδηςστοβίντεοπουακολουθεί: 
</topic_text>
<spam_score>0.20</spam_score>
<post_num>1</post_num>
<post_id>post-1</post_id>
<post_url>http://www.teokanistras.gr/%ce%b7-%cf%83%cf%80%ce%b1%cf%81%ce%b1%ce%ba%cf%84%ce%b9%ce%ba%ce%ae-%ce%ad%ce%ba%ce%ba%ce%bb%ce%b7%cf%83%ce%b7-%cf%84%ce%b7%cf%82-%ce%bc%ce%b7%cf%84%ce%ad%cf%81%ce%b1%cf%82-%cf%84%ce%bf%cf%85-%cf%80/</post_url>
<post_date>20170213</post_date>
<post_time></post_time>
<username></username>
<post>
Tweet 
Μετηνσυμπλήρωσηενόςχρόνουακριβώςαπότομοιραίοπρωινότης 18ηςΦεβρουαρίου 2016 πουστέρισετηνζωήστοΠαντελήΠαντελίδη, οπατέραςτου, Σταύρος, δίνειτηνπρώτητουσυνέντευξη. ΜέσααπότηνδικήτουσυνέντευξηπερνάκαιτομήνυματηςγυναίκαςτουΑθηνάςΠαντελίδου, ηοποίαμέχριστιγμήςδενέχεικάνεικαμίαδήλωση. 
«ΟΠαντελήςήταναπότιςπρώτεςμέρες, μήνεςκάτιπουμαςαπασχολούσε, τογεγονόςότιαυτότοπαιδίπαίρνειτόσημεγάληέκτασηστηναγάπητουκόσμου. Είναιαπίστευτο. Κάποιοιείπανπωςείναιπέρααπότοανθρώπινοόριο, θαδείξει, ακόμαμαςαπασχολείκαιεμάς. Ακόμαμιλάμεσεχρόνοενεστώτα, δενπιστεύουμεπωςέχειφύγειτοπαιδίμας, νομίζουμεότιέχεικάνειέναταξίδιμακρινόκαιότικάποιαστιγμήθαγυρίσει». 
Ησπαρακτικήέκκλησητηςμητέραςτουαδικοχαμένουτραγουδιστή, Αθηνάς: «Τοπαιδίμουθέλω». Δενγίνεταινακαταλάβετεότιεκτόςαπότοκαλλιτεχνικόείναικαικάτιανθρώπινο, είναιηοικογένεια, μαςλείπει. «Λείπειέναμέλος, τοκρεβάτιτου, εκείπουκοιμότανε». ΔείτεαναλυτικάόλαόσαείπεοΣταύροςΠαντελίδηςστοβίντεοπουακολουθεί: 
</post>
<signature>

</signature>
<external_links>

</external_links>
<country>DE</country>
<main_image></main_image>
<rating></rating>
</document>
