<?xml version="1.0" encoding="UTF-8"?>
<document>
<type>mainstream</type>
<forum>http://hoy.es//rss/2.0/?seccion=navalmoral</forum>
<forum_title>RSS de noticias de navalmoral</forum_title>
<discussion_title>De &apos;Sonrisas y lágrimas&apos; a &apos;La maravillosa historia de la bella durmiente&quot;</discussion_title>
<language>spanish</language>
<gmt_offset></gmt_offset>
<topic_url>http://navalmoral.hoy.es/noticias/201702/13/sonrisas-lagrimas-maravillosa-historia-20170213113748.html</topic_url>
<topic_text>
Mбs informaciуn y cambio de configuraciуn. Aceptar ágrimas&apos; a &apos;La maravillosa historia de la bella durmiente&quot; ón 16:59 úblico familiar, que han llevado a cientos espectadores a los lugares donde se realizaron, la casa de cultura y el Teatro del Mercado. 
ñuelo que se han atrevido a sacar adelante una versión infantil del clásico ‘Sonrisas y lágrimas’. Un trabajo muy complicado, con canciones y bailes sobre el escenario, dirigido por Ana José González, que gustó mucho a pequeños y mayores, que valoraron con sus aplausos el enorme esfuerzo realizado. 
ás la representación tenía carácter benéfico, puesto que la recaudación se destinó a la lucha con el cáncer infantil al realizarse en beneficio de la Asociación Oncológica del Campo Arañuelo. Dada la buena acogida que tuvo- puesto que las entradas se vendieron en pocos minutos- se prevén más ‘Sonrisas y lágrimas’ para marzo. 
ábado el turno fue para el musical ‘La maravillosa historia de la bella durmiente’, que llenó las dos sesiones que se programaron en el Teatro del Mercado para disfrutar de una versión actualizada y muy divertida del cuento, “donde las princesas no quieren ser princesas, las brujas no son tan malas ni los príncipes tan tradicionales”. 
El montaje de Fábula Teatro venía avalado por el premio al mejor musical familiar del año y no defraudó. Lo Más
</topic_text>
<spam_score>0.00</spam_score>
<post_num>1</post_num>
<post_id>post-1</post_id>
<post_url>http://navalmoral.hoy.es/noticias/201702/13/sonrisas-lagrimas-maravillosa-historia-20170213113748.html</post_url>
<post_date>20170213</post_date>
<post_time>1559</post_time>
<username></username>
<post>
Mбs informaciуn y cambio de configuraciуn. Aceptar ágrimas&apos; a &apos;La maravillosa historia de la bella durmiente&quot; ón 16:59 úblico familiar, que han llevado a cientos espectadores a los lugares donde se realizaron, la casa de cultura y el Teatro del Mercado. 
ñuelo que se han atrevido a sacar adelante una versión infantil del clásico ‘Sonrisas y lágrimas’. Un trabajo muy complicado, con canciones y bailes sobre el escenario, dirigido por Ana José González, que gustó mucho a pequeños y mayores, que valoraron con sus aplausos el enorme esfuerzo realizado. 
ás la representación tenía carácter benéfico, puesto que la recaudación se destinó a la lucha con el cáncer infantil al realizarse en beneficio de la Asociación Oncológica del Campo Arañuelo. Dada la buena acogida que tuvo- puesto que las entradas se vendieron en pocos minutos- se prevén más ‘Sonrisas y lágrimas’ para marzo. 
ábado el turno fue para el musical ‘La maravillosa historia de la bella durmiente’, que llenó las dos sesiones que se programaron en el Teatro del Mercado para disfrutar de una versión actualizada y muy divertida del cuento, “donde las princesas no quieren ser princesas, las brujas no son tan malas ni los príncipes tan tradicionales”. 
El montaje de Fábula Teatro venía avalado por el premio al mejor musical familiar del año y no defraudó. Lo Más
</post>
<signature>

</signature>
<external_links>

</external_links>
<country>ES</country>
<main_image>http://www.hoy.es/noticias/201702/13/media/La%20Bella%201.jpg</main_image>
<rating></rating>
</document>
