<?xml version="1.0" encoding="UTF-8"?>
<document>
<type>mainstream</type>
<forum>http://www.christian-dogma.com/rss.php</forum>
<forum_title>christian dogma RSS feed</forum_title>
<discussion_title>تعليق صادم من داعية سلفى عن عيد الحب</discussion_title>
<language>arabic</language>
<gmt_offset></gmt_offset>
<topic_url>http://www.christian-dogma.com/t1248308-تعليق-صادم-من-داعية-سلفى-عن-عيد-الحب</topic_url>
<topic_text>
تعليق صادم من داعية سلفى عن عيد الحب منذ 35 ثانيه  28 pm قال سامح عبد الحميد، الداعية السلفى، إن عيد الحب يُشجع على الفسق والفجور، بالإضافة إلى أنه وسيلة لمنكرات وفواحش أشنع وأخطر. وأضاف الداعية السلفى، فى بيان له اليوم، أنه يعد عيد بدعة لا أساس له فى الشريعة، ويدعو إلى اشتغال القلب بمثل هذه الأمور التافهة المخالفة لهدى السلف الصالح رضى الله عنهم، مضيفًا: &quot;فعيد الحب عيد رومانى جاهلى، وارتبط العيد بالقس المعروف باسم فالنتاين، ولا زال هذا العيد يحتفل به الكفار ويشيعون فيه الفاحشة والمنكر، ويترتب على الاحتفال بهذا العيد مفاسد كثيرة مثل الاختلاط المحرم بين الفتيان والفتيات، وتبادل أحاديث العشق والفسق، وهو وسيلة لمنكرات وفواحش أشنع وأخطر&quot;. واستطرد عبد الحميد: &quot;فالنصيحة هى الابتعاد عن مثل هذه المناسبات الآثمة، والحرص على اتباع الشرع والهدى والانشغال بما ينفع فى الدين والدنيا&quot;.
</topic_text>
<spam_score>0.00</spam_score>
<post_num>1</post_num>
<post_id>post-1</post_id>
<post_url>http://www.christian-dogma.com/t1248308-تعليق-صادم-من-داعية-سلفى-عن-عيد-الحب</post_url>
<post_date>20170213</post_date>
<post_time>2128</post_time>
<username></username>
<post>
تعليق صادم من داعية سلفى عن عيد الحب منذ 35 ثانيه  28 pm قال سامح عبد الحميد، الداعية السلفى، إن عيد الحب يُشجع على الفسق والفجور، بالإضافة إلى أنه وسيلة لمنكرات وفواحش أشنع وأخطر. وأضاف الداعية السلفى، فى بيان له اليوم، أنه يعد عيد بدعة لا أساس له فى الشريعة، ويدعو إلى اشتغال القلب بمثل هذه الأمور التافهة المخالفة لهدى السلف الصالح رضى الله عنهم، مضيفًا: &quot;فعيد الحب عيد رومانى جاهلى، وارتبط العيد بالقس المعروف باسم فالنتاين، ولا زال هذا العيد يحتفل به الكفار ويشيعون فيه الفاحشة والمنكر، ويترتب على الاحتفال بهذا العيد مفاسد كثيرة مثل الاختلاط المحرم بين الفتيان والفتيات، وتبادل أحاديث العشق والفسق، وهو وسيلة لمنكرات وفواحش أشنع وأخطر&quot;. واستطرد عبد الحميد: &quot;فالنصيحة هى الابتعاد عن مثل هذه المناسبات الآثمة، والحرص على اتباع الشرع والهدى والانشغال بما ينفع فى الدين والدنيا&quot;.
</post>
<signature>

</signature>
<external_links>

</external_links>
<country>US</country>
<main_image>http://www.christian-dogma.com/im0photos/20170213/T148702129117de75761db1f330661afcdb1596d540image.jpg?w=550&amp;h=350&amp;.jpg</main_image>
<rating></rating>
</document>
