<?xml version="1.0" encoding="UTF-8"?>
<document>
<type>mainstream</type>
<forum>http://rssfeeds.ktvb.com/_/20/108691692/ktvb/sports</forum>
<forum_title>KTVB - Sports</forum_title>
<discussion_title>2017 Girls state basketball tournament</discussion_title>
<language>english</language>
<gmt_offset></gmt_offset>
<topic_url>http://rssfeeds.ktvb.com/_/20/108691692/ktvb/http&amp;#x3a;&amp;#x2f;&amp;#x2f;www&amp;#x2e;ktvb&amp;#x2e;com&amp;#x2f;sports&amp;#x2f;high-school&amp;#x2f;2017-girls-state-basketball-tournament&amp;#x2f;406453395</topic_url>
<topic_text>
2017 Girls state basketball tournament Share This Story 
General admission: $6 for general public, $5 for students with an ASB card or seniors 55 and older* (kids five and under are free) 
Tournament pass: $25/$20* (six games) 
Championship games: $8 for general public, $6 for students with an ASB card or seniors 55 and older* (kids five and under are free) 
*credit card fees apply at the Ford Idaho Center 
No outside food or beverage is allowed at any location. 
No noisemakers, face paint or inappropriate signs. 
Doors will open Thursday and Friday at 12:15 p.m. for the 1:15 p.m. &amp; 3 p.m. games and will reopen at 5:15 p.m. for the 6:15 p.m. and 8 p.m. games. 
5A 
at the Ford Idaho Center 
16200 Idaho Center Blvd. 
Post Falls vs. Mountain View - 1:15 p.m. ( WATCH ) 
Eagle vs. Highland - 3 p.m. ( WATCH ) 
Madison vs. Kuna - 6:15 p.m. ( WATCH ) 
Centennial vs. Lake City - 8 p.m. ( WATCH ) 

at Mountain View High School 
2000 S. Millennium Way 
Meridian, Idaho 83642 
(208) 855-4050 
PARKING: Front staff lot. Overflow parking will be on the east and south side of campus 
(Photo: Allsop, Danielle) 
Sandpoint vs. Preston - 1:15 p.m. ( WATCH ) 
Middleton vs. Minico - 3 p.m. ( WATCH ) 
Century vs. Bishop Kelly - 6:15 p.m. ( WATCH ) 
Twin Falls vs. Skyview - 8 p.m. ( WATCH ) 

Middleton, Idaho 83644 
(208) 585-6657 
PARKING: Spectators need to park in the student parking lot in front of the gym (the front sections will be blocked off for spectator parking). 
(Photo: Allsop, Danielle) 
Sugar-Salem vs. Priest River - 1:15 p.m. ( WATCH ) 
Kimberly vs. Weiser - 3 p.m. ( WATCH ) 
Timberlake vs. Teton - 6:15 p.m. ( WATCH ) 
Parma vs. Marsh Valley - 8 p.m. ( WATCH ) 

at Bishop Kelly High School 
7009 Franklin Road 
Boise, Idaho 83709 
(208) 375-6010 
PARKING: Please park at the back of the school on the east side of the main gym by the tennis courts and baseball fields. 
(Photo: Allsop, Danielle) 
St. Maries vs. Cole Valley - 1:15 p.m. ( WATCH ) 
Ririe vs. Marsing - 3 p.m. ( WATCH ) 
Soda Springs vs. Declo - 6:15 p.m. ( WATCH ) 
Melba vs. Malad - 8 p.m. ( WATCH )
</topic_text>
<spam_score>0.00</spam_score>
<post_num>1</post_num>
<post_id>post-1</post_id>
<post_url>http://rssfeeds.ktvb.com/_/20/108691692/ktvb/http&amp;#x3a;&amp;#x2f;&amp;#x2f;www&amp;#x2e;ktvb&amp;#x2e;com&amp;#x2f;sports&amp;#x2f;high-school&amp;#x2f;2017-girls-state-basketball-tournament&amp;#x2f;406453395</post_url>
<post_date>20170213</post_date>
<post_time>2026</post_time>
<username></username>
<post>
2017 Girls state basketball tournament Share This Story 
General admission: $6 for general public, $5 for students with an ASB card or seniors 55 and older* (kids five and under are free) 
Tournament pass: $25/$20* (six games) 
Championship games: $8 for general public, $6 for students with an ASB card or seniors 55 and older* (kids five and under are free) 
*credit card fees apply at the Ford Idaho Center 
No outside food or beverage is allowed at any location. 
No noisemakers, face paint or inappropriate signs. 
Doors will open Thursday and Friday at 12:15 p.m. for the 1:15 p.m. &amp; 3 p.m. games and will reopen at 5:15 p.m. for the 6:15 p.m. and 8 p.m. games. 
5A 
at the Ford Idaho Center 
16200 Idaho Center Blvd. 
Post Falls vs. Mountain View - 1:15 p.m. ( WATCH ) 
Eagle vs. Highland - 3 p.m. ( WATCH ) 
Madison vs. Kuna - 6:15 p.m. ( WATCH ) 
Centennial vs. Lake City - 8 p.m. ( WATCH ) 

at Mountain View High School 
2000 S. Millennium Way 
Meridian, Idaho 83642 
(208) 855-4050 
PARKING: Front staff lot. Overflow parking will be on the east and south side of campus 
(Photo: Allsop, Danielle) 
Sandpoint vs. Preston - 1:15 p.m. ( WATCH ) 
Middleton vs. Minico - 3 p.m. ( WATCH ) 
Century vs. Bishop Kelly - 6:15 p.m. ( WATCH ) 
Twin Falls vs. Skyview - 8 p.m. ( WATCH ) 

Middleton, Idaho 83644 
(208) 585-6657 
PARKING: Spectators need to park in the student parking lot in front of the gym (the front sections will be blocked off for spectator parking). 
(Photo: Allsop, Danielle) 
Sugar-Salem vs. Priest River - 1:15 p.m. ( WATCH ) 
Kimberly vs. Weiser - 3 p.m. ( WATCH ) 
Timberlake vs. Teton - 6:15 p.m. ( WATCH ) 
Parma vs. Marsh Valley - 8 p.m. ( WATCH ) 

at Bishop Kelly High School 
7009 Franklin Road 
Boise, Idaho 83709 
(208) 375-6010 
PARKING: Please park at the back of the school on the east side of the main gym by the tennis courts and baseball fields. 
(Photo: Allsop, Danielle) 
St. Maries vs. Cole Valley - 1:15 p.m. ( WATCH ) 
Ririe vs. Marsing - 3 p.m. ( WATCH ) 
Soda Springs vs. Declo - 6:15 p.m. ( WATCH ) 
Melba vs. Malad - 8 p.m. ( WATCH )
</post>
<signature>

</signature>
<external_links>

</external_links>
<country>US</country>
<main_image>http://content.ktvb.com/photo/2017/02/13/State%20basketball%20logo_1487017582905_8505133_ver1.0.jpg</main_image>
<rating></rating>
</document>
