<?xml version="1.0" encoding="UTF-8"?>
<document>
<type>mainstream</type>
<forum></forum>
<forum_title></forum_title>
<discussion_title>Search | foundry-planet.com - B2B Portal</discussion_title>
<language>english</language>
<gmt_offset></gmt_offset>
<topic_url>http://www.foundry-planet.com/search/?tx_kesearch_pi1[sword]=%22B%C3%BChler%20AG%22&amp;amp;tx_kesearch_pi1[filter][1]=&amp;amp;cHash=d548d12a944c225c035d05350375b1ad</topic_url>
<topic_text>
1. New Bühler Ecoline S series Date: 23-11-16 ... the Apple or Android store (“Ecoline S”) and used on smartphones or in combination with 3D glasses. Bühler AG , Bühler,Buhler,Ecoline S,die casting,casters,high-performance die casting equipment,minimal air... Date: 28-07-15 ... and DataView along with the great Show at the Booth with the X-Ray-Shiftscreen and Concept-Car Bühler AG 3. Bühler Invests in Quality Date: 03-07-14 ... great change in thinking.” And Bühler is perfectly situated to cope with China’s demanding growth. Bühler AG Date: 09-10-12 ... have one single source offering complete and competent support in every respect. ###COMPANY_LINK### Bühler AG Bühler AG 5. Bühler AG : Date: 22-10-05 ... Steiner, who is taking charge of the Buhler affiliate in North America. The board of directors of Bühler AG appointed Stefan Scheiber to corporate management with effect from July 1. In his new function,... 
</topic_text>
<spam_score>0.19</spam_score>
<post_num>1</post_num>
<post_id>post-1</post_id>
<post_url>http://www.foundry-planet.com/search/?tx_kesearch_pi1[sword]=%22B%C3%BChler%20AG%22&amp;amp;tx_kesearch_pi1[filter][1]=&amp;amp;cHash=d548d12a944c225c035d05350375b1ad</post_url>
<post_date>20141103</post_date>
<post_time></post_time>
<username></username>
<post>
1. New Bühler Ecoline S series Date: 23-11-16 ... the Apple or Android store (“Ecoline S”) and used on smartphones or in combination with 3D glasses. Bühler AG , Bühler,Buhler,Ecoline S,die casting,casters,high-performance die casting equipment,minimal air... Date: 28-07-15 ... and DataView along with the great Show at the Booth with the X-Ray-Shiftscreen and Concept-Car Bühler AG 3. Bühler Invests in Quality Date: 03-07-14 ... great change in thinking.” And Bühler is perfectly situated to cope with China’s demanding growth. Bühler AG Date: 09-10-12 ... have one single source offering complete and competent support in every respect. ###COMPANY_LINK### Bühler AG Bühler AG 5. Bühler AG : Date: 22-10-05 ... Steiner, who is taking charge of the Buhler affiliate in North America. The board of directors of Bühler AG appointed Stefan Scheiber to corporate management with effect from July 1. In his new function,... 
</post>
<signature>

</signature>
<external_links>

</external_links>
<country>DE</country>
<main_image></main_image>
<rating></rating>
</document>
