<?xml version="1.0" encoding="UTF-8"?>
<document>
<type>mainstream</type>
<forum>http://www.basketsession.com/feed</forum>
<forum_title>BasketSession.com</forum_title>
<discussion_title>JR Smith va revenir plus tôt que prévu</discussion_title>
<language>french</language>
<gmt_offset></gmt_offset>
<topic_url>http://www.basketsession.com/actu/jr-smith-va-revenir-plus-tot-prevu-368201/</topic_url>
<topic_text>
Bonne nouvelle pour les Cavs. JR Smith devrait revenir de blessure d&apos;ici 3 semaines et calmer l&apos;impatience de LeBron James. 13 février 2017, 22:25 BasketSession Partager 
C&apos;était peut-être pour cette raison que LeBron Jame s était un peu moins en demande de renforts ces derniers jours. Selon ESPN, JR Smith sera apte au service dans environ 3 semaines, lui qui ne devait revenir de sa grave blessure au pouce qu&apos;à la fin du mois de mars. 
Une recrue de choix pour les Cavs, qui ont il est vrai eu tendance à tirer la langue depuis l&apos;absence de leur arrière fantasque. BREAKING: JR Smith making rapid recovery. Could return as early as three weeks. (Via @ESPN ) 
— Cleveland Sportsline (@CLEsportsline) 13 février 2017 Les stats de JR Smith Year
</topic_text>
<spam_score>0.00</spam_score>
<post_num>1</post_num>
<post_id>post-1</post_id>
<post_url>http://www.basketsession.com/actu/jr-smith-va-revenir-plus-tot-prevu-368201/</post_url>
<post_date>20170213</post_date>
<post_time>2125</post_time>
<username>BasketSession</username>
<post>
Bonne nouvelle pour les Cavs. JR Smith devrait revenir de blessure d&apos;ici 3 semaines et calmer l&apos;impatience de LeBron James. 13 février 2017, 22:25 BasketSession Partager 
C&apos;était peut-être pour cette raison que LeBron Jame s était un peu moins en demande de renforts ces derniers jours. Selon ESPN, JR Smith sera apte au service dans environ 3 semaines, lui qui ne devait revenir de sa grave blessure au pouce qu&apos;à la fin du mois de mars. 
Une recrue de choix pour les Cavs, qui ont il est vrai eu tendance à tirer la langue depuis l&apos;absence de leur arrière fantasque. BREAKING: JR Smith making rapid recovery. Could return as early as three weeks. (Via @ESPN ) 
— Cleveland Sportsline (@CLEsportsline) 13 février 2017 Les stats de JR Smith Year
</post>
<signature>

</signature>
<external_links>

</external_links>
<country>FR</country>
<main_image>http://www.basketsession.com/wp-content/uploads/2015/05/jr-smith-1400.jpg</main_image>
<rating></rating>
</document>
