<?xml version="1.0" encoding="UTF-8"?>
<document>
<type>mainstream</type>
<forum></forum>
<forum_title></forum_title>
<discussion_title>5 profesiones que van a desaparecer</discussion_title>
<language>spanish</language>
<gmt_offset></gmt_offset>
<topic_url>http://www.muyinteresante.es/tecnologia/articulo/5-profesiones-que-van-a-desaparecer-561486996199</topic_url>
<topic_text>
5 profesiones que van a desaparecer 5 profesiones que van a desaparecer Lectura: 2 minutos Cancelar Enviar El avance de la tecnología provocará que de aquí a 2050 una serie de profesiones hayan pasado a la historia. También te puede interesar: ¿Cuánto sabes sobre internet? Los trabajos manuales son los que se encuentran con mayor peso en la balanza si pensamos en oficios que puedan llegar a desaparecer en los próximos años. De hecho, en los últimos 15 años se han producido cambios radicales desde el punto de vista profesional, que han obligado a las empresas a subirse al carro de la tecnología. ¿Qué oficios están en grave riesgo a raíz de la irrupción de Internet , de los smartphones y de otros dispositivos que nos hacen la vida más fácil? El portal especializado en formación Cursos.com explora cinco de ellas: Agente de viajes Internet ha permitido que el sector de los viajes se reinvente , así como bajar los precios y llegar de manera más precisa y eficiente al consumidor. Pero las agencias tradicionales han ido e irán cerrando y los agentes de viajes serán cosa del pasado en 2050. 
Cajero de banco Las entidades bancarias cada vez redirigen más a sus clientes a hacer sus trámites vía Internet. De aquí a 2050 todo lo relacionado con la banca será automático en los bancos o se gestionará vía Internet. Teleoperador Con la mejora del reconocimiento de voz y con los avances en Inteligencia Artificial , el gremio de teleoperadores está abocado a desaparecer de aquí a 2050. 

</topic_text>
<spam_score>0.20</spam_score>
<post_num>1</post_num>
<post_id>post-1</post_id>
<post_url>http://www.muyinteresante.es/tecnologia/articulo/5-profesiones-que-van-a-desaparecer-561486996199</post_url>
<post_date>20170213</post_date>
<post_time></post_time>
<username></username>
<post>
5 profesiones que van a desaparecer 5 profesiones que van a desaparecer Lectura: 2 minutos Cancelar Enviar El avance de la tecnología provocará que de aquí a 2050 una serie de profesiones hayan pasado a la historia. También te puede interesar: ¿Cuánto sabes sobre internet? Los trabajos manuales son los que se encuentran con mayor peso en la balanza si pensamos en oficios que puedan llegar a desaparecer en los próximos años. De hecho, en los últimos 15 años se han producido cambios radicales desde el punto de vista profesional, que han obligado a las empresas a subirse al carro de la tecnología. ¿Qué oficios están en grave riesgo a raíz de la irrupción de Internet , de los smartphones y de otros dispositivos que nos hacen la vida más fácil? El portal especializado en formación Cursos.com explora cinco de ellas: Agente de viajes Internet ha permitido que el sector de los viajes se reinvente , así como bajar los precios y llegar de manera más precisa y eficiente al consumidor. Pero las agencias tradicionales han ido e irán cerrando y los agentes de viajes serán cosa del pasado en 2050. 
Cajero de banco Las entidades bancarias cada vez redirigen más a sus clientes a hacer sus trámites vía Internet. De aquí a 2050 todo lo relacionado con la banca será automático en los bancos o se gestionará vía Internet. Teleoperador Con la mejora del reconocimiento de voz y con los avances en Inteligencia Artificial , el gremio de teleoperadores está abocado a desaparecer de aquí a 2050. 

</post>
<signature>

</signature>
<external_links>

</external_links>
<country>ES</country>
<main_image>http://estaticos.muyinteresante.es/uploads/images/article/58a1c2f95cafe842448b456c/profesiones_0.jpg</main_image>
<rating></rating>
</document>
