<?xml version="1.0" encoding="UTF-8"?>
<document>
<type>mainstream</type>
<forum>http://www.bhaskar.com/rss-feed/2313/</forum>
<forum_title>bhaskar</forum_title>
<discussion_title>29 साल में गुज्जू गर्ल बनी कंपनी की CEO, आईटी प्रोफेशनल्स के लिए बनाया प्लेटफार्म</discussion_title>
<language>hindi</language>
<gmt_offset></gmt_offset>
<topic_url>http://www.bhaskar.com/news/GUJ-VAD-OMC-29-year-girl-who-become-a-ceo-of-it-company-news-hindi-5527584-PHO.html</topic_url>
<topic_text>
जम्मू-कश्मीर Home » Gujarat » Vadodra » 29 Year Girl Who Become A CEO Of IT Company 29 साल में गुज्जू गर्ल बनी कंपनी की CEO, आईटी प्रोफेशनल्स के लिए बनाया प्लेटफार्म   15:02 PM IST +9 
केवल 29 साल की उम्र में शुरु की प्रोफेशनल आईटी कंपनी। वडोदरा। नारी सशक्तिकरण की बात काफी समय से देशभर में चल रही है। ऐसे में युवतियां भी अब विभिन्न क्षेत्रों में अपना वर्चस्व स्थापित कर रही हैं। वडोदरा की एक आईटी प्रोफेशनल युवती ने केवल 29 साल की उम्र में आईटी कंपनी की शुरुआत कर देश और दुनिया में अपना डंका बजाने जा रही है। सितम्बर 2016 में वडोदरा से शुरू की गई आईटी कंपनी अब अन्य देशों में ऑफिस स्टार्टअप करने जा रही है। 2008 में शुरू की थी कैरियर की शुरुआत… वडोदरा की पायल पटेल अपने बिजनेस बेकग्राउंउ वाली फेमिली से है। एमएस यूनिवर्सिटी से एमसीए और एमबीए की डिग्री लेने के बाद आईटी सर्टिफिकेश एंड सर्कल एक्सपोर्ट लिमिटेड में टेक्निकल सपोर्ट पर्सन के रूप में 2008 से अपने कैरियर की शुरुआत की। इसके बाद IBM] Infosys, HCL जैसी मल्टीनेशनल कंपनियों में भी काम किया। स्वभाव से मेहनती पायल ने अपने कैरियर में फिर पीछे मुड़कर नहीं देखा। उसके कदम हमेशा सफलता की ओर बढ़ते रहे। आज 29 साल की उम्र में इनबॉक्स इंफोटेक प्राइवेट लिमिटेड नाम की आईटी कंपनी की मालिक बन गई हैं। बहुत ही जल्द वह ऑस्ट्रेलिया और मेलबोर्न में अपनी कंपनी की ब्रांच शुरू करने वाली हैं। दृढ़ मनोबल और निडर स्वभाव पायल ने अपने दृढ़ मनोबल और निडर स्वभाव की वजह से आईटी कंपनी की स्थापना कर जरूरतमंद युवाओं को रोजगार देते हुए उन्हें एक प्लेटफार्म भी दे रही हैं। इस समय वडोदरा के अलावा हैदराबाद में उसकी कंपनी काम कर रही है। बहुत ही जल्दी ऑस्ट्रेलिया और मेलबोर्न में भी कंपनी की शाखाएं शुरू की जाएंगी। इस दिशा में पायल एवं उसके स्टाफ के लोग काफी मेहनत कर रहे हैं। युवा सीईओ से अन्य युवा भी प्रेरित हो रहे हैं। युवा जुड़ते गए, कंपनी विस्तार पाते गई भास्कर से बातचीत में पायल ने बताया कि विभिन्न क्षेत्रों में कार्यरत कार्पोरेट कंपनियां दिन रात मेहनत कर रहीं हैं, पर उन्हें उनके काम का आऊटपुट नहीं मिल रहा है। ऐसे में यही मेहनत हम अपनी ही कंपनी के लिए करें, तो काफी कुछ हासिल किया जा सकता है। इसी उद्देश्य के साथ एक एम लेकर हमने सितम्बर 2016 में वडोदरा से अपनी कंपनी की शुरुआत की। फुटपाथ पर रहने वाले बच्चों के लिए भी समय निकाल लेती हैं पायल ने बताया कि आर्थिक रूप से सम्पन्न होने के बाद मैंने ध्यान दिया, उन लोगों पर जो फुटपाथ पर रहकर अपना जीवन गुजार रहे हैं। इनकी कई आवश्यकताएं होती हैं। इनके लिए क्या किया जाए? इसलिए वे उन बच्चों के साथ भी अपना समय गुजारती हैं। उनकी आवश्यकताओं की पूर्ति करती हैं। उनके लिए शैक्षणिक कार्यक्रमों के अलावा अन्य कई सेवाभावी कार्य कर रहीं हैं।  
</topic_text>
<spam_score>0.00</spam_score>
<post_num>1</post_num>
<post_id>post-1</post_id>
<post_url>http://www.bhaskar.com/news/GUJ-VAD-OMC-29-year-girl-who-become-a-ceo-of-it-company-news-hindi-5527584-PHO.html</post_url>
<post_date>20170213</post_date>
<post_time>0932</post_time>
<username></username>
<post>
जम्मू-कश्मीर Home » Gujarat » Vadodra » 29 Year Girl Who Become A CEO Of IT Company 29 साल में गुज्जू गर्ल बनी कंपनी की CEO, आईटी प्रोफेशनल्स के लिए बनाया प्लेटफार्म   15:02 PM IST +9 
केवल 29 साल की उम्र में शुरु की प्रोफेशनल आईटी कंपनी। वडोदरा। नारी सशक्तिकरण की बात काफी समय से देशभर में चल रही है। ऐसे में युवतियां भी अब विभिन्न क्षेत्रों में अपना वर्चस्व स्थापित कर रही हैं। वडोदरा की एक आईटी प्रोफेशनल युवती ने केवल 29 साल की उम्र में आईटी कंपनी की शुरुआत कर देश और दुनिया में अपना डंका बजाने जा रही है। सितम्बर 2016 में वडोदरा से शुरू की गई आईटी कंपनी अब अन्य देशों में ऑफिस स्टार्टअप करने जा रही है। 2008 में शुरू की थी कैरियर की शुरुआत… वडोदरा की पायल पटेल अपने बिजनेस बेकग्राउंउ वाली फेमिली से है। एमएस यूनिवर्सिटी से एमसीए और एमबीए की डिग्री लेने के बाद आईटी सर्टिफिकेश एंड सर्कल एक्सपोर्ट लिमिटेड में टेक्निकल सपोर्ट पर्सन के रूप में 2008 से अपने कैरियर की शुरुआत की। इसके बाद IBM] Infosys, HCL जैसी मल्टीनेशनल कंपनियों में भी काम किया। स्वभाव से मेहनती पायल ने अपने कैरियर में फिर पीछे मुड़कर नहीं देखा। उसके कदम हमेशा सफलता की ओर बढ़ते रहे। आज 29 साल की उम्र में इनबॉक्स इंफोटेक प्राइवेट लिमिटेड नाम की आईटी कंपनी की मालिक बन गई हैं। बहुत ही जल्द वह ऑस्ट्रेलिया और मेलबोर्न में अपनी कंपनी की ब्रांच शुरू करने वाली हैं। दृढ़ मनोबल और निडर स्वभाव पायल ने अपने दृढ़ मनोबल और निडर स्वभाव की वजह से आईटी कंपनी की स्थापना कर जरूरतमंद युवाओं को रोजगार देते हुए उन्हें एक प्लेटफार्म भी दे रही हैं। इस समय वडोदरा के अलावा हैदराबाद में उसकी कंपनी काम कर रही है। बहुत ही जल्दी ऑस्ट्रेलिया और मेलबोर्न में भी कंपनी की शाखाएं शुरू की जाएंगी। इस दिशा में पायल एवं उसके स्टाफ के लोग काफी मेहनत कर रहे हैं। युवा सीईओ से अन्य युवा भी प्रेरित हो रहे हैं। युवा जुड़ते गए, कंपनी विस्तार पाते गई भास्कर से बातचीत में पायल ने बताया कि विभिन्न क्षेत्रों में कार्यरत कार्पोरेट कंपनियां दिन रात मेहनत कर रहीं हैं, पर उन्हें उनके काम का आऊटपुट नहीं मिल रहा है। ऐसे में यही मेहनत हम अपनी ही कंपनी के लिए करें, तो काफी कुछ हासिल किया जा सकता है। इसी उद्देश्य के साथ एक एम लेकर हमने सितम्बर 2016 में वडोदरा से अपनी कंपनी की शुरुआत की। फुटपाथ पर रहने वाले बच्चों के लिए भी समय निकाल लेती हैं पायल ने बताया कि आर्थिक रूप से सम्पन्न होने के बाद मैंने ध्यान दिया, उन लोगों पर जो फुटपाथ पर रहकर अपना जीवन गुजार रहे हैं। इनकी कई आवश्यकताएं होती हैं। इनके लिए क्या किया जाए? इसलिए वे उन बच्चों के साथ भी अपना समय गुजारती हैं। उनकी आवश्यकताओं की पूर्ति करती हैं। उनके लिए शैक्षणिक कार्यक्रमों के अलावा अन्य कई सेवाभावी कार्य कर रहीं हैं।  
</post>
<signature>

</signature>
<external_links>

</external_links>
<country>US</country>
<main_image>http://i9.dainikbhaskar.com/thumbnail/680x588/web2images/www.bhaskar.com/2017/02/13/01_1486978042.jpg</main_image>
<rating></rating>
</document>
