<?xml version="1.0" encoding="UTF-8"?>
<document>
<type>mainstream</type>
<forum>http://www.poslovni.hr/feeds/najnovije.xml</forum>
<forum_title>Poslovni.hr - najnoviji članci</forum_title>
<discussion_title>Agrokorove tvrtke na burzi izgubile 350 milijuna kuna</discussion_title>
<language>croatian</language>
<gmt_offset></gmt_offset>
<topic_url>http://www.poslovni.hr/burze/agrokorove-tvrtke-na-burzi-izgubile-350-milijuna-kuna-324173</topic_url>
<topic_text>
Agrokorove tvrtke na burzi izgubile 350 milijuna kuna Burze 13.2.2017. 22:00 Tomislav Pili Jedina dionica koja je ove godine u dobitku je Jamnica za koju ulagači vjeruju da će se najlakše prodati. 
Potonuće vrijednosti Agrokorovih obveznica prije desetak dana snažno se odrazilo i na dionice kompanija tog koncerna, pa im se vrijednost ove godine istopila za 350 milijuna kuna. 
Sve glasnija &quot;šuškanja&quot; o financijskoj nestabilnosti najvećeg privatnog poslodavca u zemlji rezultirala su gubitkom vrijednosti pet Agrokorovih burzovnih perjanica. Gledano od početka godine, najviše je oslabila dionica Zvijezde, i to za više od 12 posto. Slijedi je dionica Leda s padom većim od osam posto, a dionici Vupika vrijednost je manja 7,5 posto. Belju je vrijednost manja za 3,8 posto, a Tisku za tri posto. 
No, Tisak valja uzeti s rezervom s obzirom da se tom dionicom vrlo rijetko trguje. Za Romana Rinkovca, člana uprave Credosa, pad vrijednosti tih dionica vremenski se poklapa s prvim vijestima o problemima s Agrokorovim obveznicama, pa se može reći da je vrlo vjerojatno kod nekih investitora zavladala nervoza. Jedina dionica koja ove godine bilježi rast je Jamnica, i to od 0,7 posto. 
K tome, već je danima među najlikvidnijima. &quot;Jamnica i Ledo su definitivno Agrokorove perjanice, pa je za pretpostaviti kako investitori špekuliraju s mogućnošću da se većinski vlasnik u slučaju takve nužde odluči za prodaju makar određenog udjela&quot;, kaže Rinkovec. Drugi financijski analitičari u neslužbenom razgovoru ističu kako se investitorima čini da Agrokor za Jamnicu najviše može dobiti i najlakše će je prodati, ako do takvog scenarija dođe.
</topic_text>
<spam_score>0.00</spam_score>
<post_num>1</post_num>
<post_id>post-1</post_id>
<post_url>http://www.poslovni.hr/burze/agrokorove-tvrtke-na-burzi-izgubile-350-milijuna-kuna-324173</post_url>
<post_date>20170213</post_date>
<post_time>2100</post_time>
<username>Tomislav Pili</username>
<post>
Agrokorove tvrtke na burzi izgubile 350 milijuna kuna Burze 13.2.2017. 22:00 Tomislav Pili Jedina dionica koja je ove godine u dobitku je Jamnica za koju ulagači vjeruju da će se najlakše prodati. 
Potonuće vrijednosti Agrokorovih obveznica prije desetak dana snažno se odrazilo i na dionice kompanija tog koncerna, pa im se vrijednost ove godine istopila za 350 milijuna kuna. 
Sve glasnija &quot;šuškanja&quot; o financijskoj nestabilnosti najvećeg privatnog poslodavca u zemlji rezultirala su gubitkom vrijednosti pet Agrokorovih burzovnih perjanica. Gledano od početka godine, najviše je oslabila dionica Zvijezde, i to za više od 12 posto. Slijedi je dionica Leda s padom većim od osam posto, a dionici Vupika vrijednost je manja 7,5 posto. Belju je vrijednost manja za 3,8 posto, a Tisku za tri posto. 
No, Tisak valja uzeti s rezervom s obzirom da se tom dionicom vrlo rijetko trguje. Za Romana Rinkovca, člana uprave Credosa, pad vrijednosti tih dionica vremenski se poklapa s prvim vijestima o problemima s Agrokorovim obveznicama, pa se može reći da je vrlo vjerojatno kod nekih investitora zavladala nervoza. Jedina dionica koja ove godine bilježi rast je Jamnica, i to od 0,7 posto. 
K tome, već je danima među najlikvidnijima. &quot;Jamnica i Ledo su definitivno Agrokorove perjanice, pa je za pretpostaviti kako investitori špekuliraju s mogućnošću da se većinski vlasnik u slučaju takve nužde odluči za prodaju makar određenog udjela&quot;, kaže Rinkovec. Drugi financijski analitičari u neslužbenom razgovoru ističu kako se investitorima čini da Agrokor za Jamnicu najviše može dobiti i najlakše će je prodati, ako do takvog scenarija dođe.
</post>
<signature>

</signature>
<external_links>

</external_links>
<country>HR</country>
<main_image>http://www.poslovni.hr/media/cache/72/51/7251dbc6c1096f91763375c65a8d5665.jpg</main_image>
<rating></rating>
</document>
