<?xml version="1.0" encoding="UTF-8"?>
<document>
<type>mainstream</type>
<forum>http://rssfeeds.kgw.com/_/20/109998750/kgw/local</forum>
<forum_title>KGW - Local</forum_title>
<discussion_title>Murder suspect attempts jail escape</discussion_title>
<language>english</language>
<gmt_offset></gmt_offset>
<topic_url>http://rssfeeds.kgw.com/_/20/109998750/kgw/http&amp;#x3a;&amp;#x2f;&amp;#x2f;www&amp;#x2e;kgw&amp;#x2e;com&amp;#x2f;news&amp;#x2f;crime&amp;#x2f;triple-murder-suspect-tries-to-break-out-of-jail&amp;#x2f;407972344</topic_url>
<topic_text>
Triple-murder suspect tries to break out of Clark County Jail KGW 12:44   Brent Luyster is led into court Monday morning. (Photo: Eric Patterson, KGW) CONNECT TWEET LINKEDIN GOOGLE+ PINTEREST 
PORTLAND, Ore. -- Brent Luyster, who has been charged with murdering three people in Woodland last July, tried to break out of the Clark County Jail on Sunday night. 
The Clark County Sheriff&apos;s Office reported that an exterior cell window was broken as part of an escape attempt by Luyster. The attempt was stopped by a corrections deputy during a routine perimeter security check. 
&quot;The jail facility is currently in lockdown status,&quot; said Undersheriff Mike Cooke. &quot;The jail will remain in lockdown until we&apos;ve had a chance to assess the security of the entire facility. We need to make sure this escape attempt was isolated to this one inmate and does not involve other inmates or other areas of the jail facility.&quot; 
BACKGROUND: Woodland triple-murder suspect may face death penalty 
Luyster&apos;s arraignment has been pushed back three times and is now scheduled for Tuesday, according to The Columbian . 
The investigation into Luyster began when deputies were first called at 10:20 p.m. on July 15 about a gunshot victim at an AM/PM on CC Street. They found a woman suffering from a gunshot wound to the face, according to Sgt. Tony Barnes of the Clark County Sheriff&apos;s Office. 
Court documents revealed the woman was unable to speak with deputies, but she was able write the answers to their questions. She told them she passed out, then &quot;army-crawled&quot; away from the home to escape. She says she flagged down a car and rode to the gas station to get help. 
Deputies learned the shooting happened at a home in the 4000 block of Northwest 417th Street. Upon arrival, they found three people dead. 
The victims have been identified as Joseph Lamar, Janell Knight and Zachary Thompson. According to court documents, all three victims were shot in the head. 
Documents reveal the two men were found dead, on their backs, side by side in the driveway. The woman was found dead, on her back, on the couch inside the home. 
Luyster was considered armed and dangerous while deputies searched for him. 
Cowlitz County deputies and Washington State Patrol troopers detained Luyster at around 4:15 p.m. on July 16. He was found driving a gold Ford Explorer on Ocean Beach Highway and taken into custody without incident. 
(© 2017 KGW)
</topic_text>
<spam_score>0.00</spam_score>
<post_num>1</post_num>
<post_id>post-1</post_id>
<post_url>http://rssfeeds.kgw.com/_/20/109998750/kgw/http&amp;#x3a;&amp;#x2f;&amp;#x2f;www&amp;#x2e;kgw&amp;#x2e;com&amp;#x2f;news&amp;#x2f;crime&amp;#x2f;triple-murder-suspect-tries-to-break-out-of-jail&amp;#x2f;407972344</post_url>
<post_date>20170213</post_date>
<post_time>2044</post_time>
<username></username>
<post>
Triple-murder suspect tries to break out of Clark County Jail KGW 12:44   Brent Luyster is led into court Monday morning. (Photo: Eric Patterson, KGW) CONNECT TWEET LINKEDIN GOOGLE+ PINTEREST 
PORTLAND, Ore. -- Brent Luyster, who has been charged with murdering three people in Woodland last July, tried to break out of the Clark County Jail on Sunday night. 
The Clark County Sheriff&apos;s Office reported that an exterior cell window was broken as part of an escape attempt by Luyster. The attempt was stopped by a corrections deputy during a routine perimeter security check. 
&quot;The jail facility is currently in lockdown status,&quot; said Undersheriff Mike Cooke. &quot;The jail will remain in lockdown until we&apos;ve had a chance to assess the security of the entire facility. We need to make sure this escape attempt was isolated to this one inmate and does not involve other inmates or other areas of the jail facility.&quot; 
BACKGROUND: Woodland triple-murder suspect may face death penalty 
Luyster&apos;s arraignment has been pushed back three times and is now scheduled for Tuesday, according to The Columbian . 
The investigation into Luyster began when deputies were first called at 10:20 p.m. on July 15 about a gunshot victim at an AM/PM on CC Street. They found a woman suffering from a gunshot wound to the face, according to Sgt. Tony Barnes of the Clark County Sheriff&apos;s Office. 
Court documents revealed the woman was unable to speak with deputies, but she was able write the answers to their questions. She told them she passed out, then &quot;army-crawled&quot; away from the home to escape. She says she flagged down a car and rode to the gas station to get help. 
Deputies learned the shooting happened at a home in the 4000 block of Northwest 417th Street. Upon arrival, they found three people dead. 
The victims have been identified as Joseph Lamar, Janell Knight and Zachary Thompson. According to court documents, all three victims were shot in the head. 
Documents reveal the two men were found dead, on their backs, side by side in the driveway. The woman was found dead, on her back, on the couch inside the home. 
Luyster was considered armed and dangerous while deputies searched for him. 
Cowlitz County deputies and Washington State Patrol troopers detained Luyster at around 4:15 p.m. on July 16. He was found driving a gold Ford Explorer on Ocean Beach Highway and taken into custody without incident. 
(© 2017 KGW)
</post>
<signature>

</signature>
<external_links>

</external_links>
<country>US</country>
<main_image>http://content.kgw.com/photo/2016/07/18/BRENT_LUYSTER_1468866197511_4151294_ver1.0.JPG</main_image>
<rating></rating>
</document>
