<?xml version="1.0" encoding="UTF-8"?>
<document>
<type>mainstream</type>
<forum>http://kuer.org//rss.xml</forum>
<forum_title>KUER 90.1, NPR Utah</forum_title>
<discussion_title>Pollution Has Worked Its Way Down To The World&apos;s Deepest Waters</discussion_title>
<language>english</language>
<gmt_offset></gmt_offset>
<topic_url>http://kuer.org/post/pollution-has-worked-its-way-down-worlds-deepest-waters</topic_url>
<topic_text>
By Christopher Joyce • 1 hour ago Tiny, shrimplike amphipods living in the Mariana Trench were contaminated at levels similar to those found in crabs living in waters fed by one of China&apos;s most polluted rivers. Dr. Alan Jamieson/Newcastle University Originally published on February 13, 2017 1:18 pm 
The Mariana Trench in the northern Pacific is the deepest part of the world&apos;s oceans. You might think a place that remote would be untouched by human activity. 
But the Mariana Trench is polluted. 
At its deepest — about 7 miles down — the water in the trench is near freezing. The pressure would crush a human like a bug. Scientists have only recently explored it. 
Among them is biologist Alan Jamieson of Newcastle University in England. His team dropped what they call a mechanical &quot;lander&quot; down into the trench. It had cameras and water samplers and some baited traps. They didn&apos;t really know what they&apos;d find. 
When the lander surfaced, the traps contained amphipods — shrimplike crustaceans. That wasn&apos;t terribly surprising, as amphipods are known to live at great depths. But bringing them back from the Mariana Trench was a rarity, and Jamieson thought there might be something to learn from them. He took the creatures to an environmental scientist. 
&quot;So we just sort of turn up with this really weird looking animal,&quot; he says, &quot;and joking aside, he came back and said these are really badly contaminated.&quot; 
The amphipods were contaminated with PCBs — polychlorinated biphenyls — toxic chemicals used for decades in industry, as well as other industrial pollutants known as persistent organic pollutants. 
&quot;Every sample we had,&quot; Jamieson says, &quot;had contaminants in it at very high or extraordinarily high levels.&quot; 
How high? He compared the contamination level in his Mariana amphipods to crabs living in waters fed by one of China&apos;s most polluted rivers, as well as amphipods from other parts of the world. &quot;And what we were finding in the deepest place in the world were (levels) hugely higher, 50 times in some cases,&quot; he says. 
The team found the same thing in another deep sea trench in the Pacific --heavily contaminated amphipods. 
Jamieson, who was at the University of Aberdeen in Scotland when he did the research, describes the results in the journal Nature Ecology &amp; Evolution . He thinks the pollutants might get to the trenches by latching on to plastic that&apos;s floating in the ocean. Fish and other marine animals absorb pollutants, as well. Eventually, the plastic and the dead animals fall to the bottom. Like dirt in your house, a lot of it will collect at the lowest points. It&apos;s simply a matter of gravity, and the trenches are as deep as it gets. 
&quot;Once it gets deeper and deeper and deeper, there&apos;s nowhere else for it to go, because there&apos;s no mechanism to put it back to the surface again,&quot; Jamieson explains. 
PCBs were banned decades ago. But they&apos;re still out there. Marine biologist Katherine Dafforn at the University of New South Wales in Australia says the discovery of such high levels in these trenches is &quot;disturbing.&quot; 
&quot;A lot of chemicals will have far-reaching impacts that we don&apos;t necessarily know about,&quot; Dafforn says. 
And those impacts might be in places that people don&apos;t pay much attention. 
Jamieson says just because pollution is out of sight doesn&apos;t mean it&apos;s harmless. &quot;We&apos;ve got to remember, planet Earth is mostly deep sea,&quot; he says, &quot;and to think that it&apos;s OK just to ignore it is a little bit irresponsible.&quot; Copyright 2017 NPR. To see more, visit NPR . © 2017 KUER
</topic_text>
<spam_score>0.00</spam_score>
<post_num>1</post_num>
<post_id>post-1</post_id>
<post_url>http://kuer.org/post/pollution-has-worked-its-way-down-worlds-deepest-waters</post_url>
<post_date>20170213</post_date>
<post_time>1946</post_time>
<username>Christopher Joyce</username>
<post>
By Christopher Joyce • 1 hour ago Tiny, shrimplike amphipods living in the Mariana Trench were contaminated at levels similar to those found in crabs living in waters fed by one of China&apos;s most polluted rivers. Dr. Alan Jamieson/Newcastle University Originally published on February 13, 2017 1:18 pm 
The Mariana Trench in the northern Pacific is the deepest part of the world&apos;s oceans. You might think a place that remote would be untouched by human activity. 
But the Mariana Trench is polluted. 
At its deepest — about 7 miles down — the water in the trench is near freezing. The pressure would crush a human like a bug. Scientists have only recently explored it. 
Among them is biologist Alan Jamieson of Newcastle University in England. His team dropped what they call a mechanical &quot;lander&quot; down into the trench. It had cameras and water samplers and some baited traps. They didn&apos;t really know what they&apos;d find. 
When the lander surfaced, the traps contained amphipods — shrimplike crustaceans. That wasn&apos;t terribly surprising, as amphipods are known to live at great depths. But bringing them back from the Mariana Trench was a rarity, and Jamieson thought there might be something to learn from them. He took the creatures to an environmental scientist. 
&quot;So we just sort of turn up with this really weird looking animal,&quot; he says, &quot;and joking aside, he came back and said these are really badly contaminated.&quot; 
The amphipods were contaminated with PCBs — polychlorinated biphenyls — toxic chemicals used for decades in industry, as well as other industrial pollutants known as persistent organic pollutants. 
&quot;Every sample we had,&quot; Jamieson says, &quot;had contaminants in it at very high or extraordinarily high levels.&quot; 
How high? He compared the contamination level in his Mariana amphipods to crabs living in waters fed by one of China&apos;s most polluted rivers, as well as amphipods from other parts of the world. &quot;And what we were finding in the deepest place in the world were (levels) hugely higher, 50 times in some cases,&quot; he says. 
The team found the same thing in another deep sea trench in the Pacific --heavily contaminated amphipods. 
Jamieson, who was at the University of Aberdeen in Scotland when he did the research, describes the results in the journal Nature Ecology &amp; Evolution . He thinks the pollutants might get to the trenches by latching on to plastic that&apos;s floating in the ocean. Fish and other marine animals absorb pollutants, as well. Eventually, the plastic and the dead animals fall to the bottom. Like dirt in your house, a lot of it will collect at the lowest points. It&apos;s simply a matter of gravity, and the trenches are as deep as it gets. 
&quot;Once it gets deeper and deeper and deeper, there&apos;s nowhere else for it to go, because there&apos;s no mechanism to put it back to the surface again,&quot; Jamieson explains. 
PCBs were banned decades ago. But they&apos;re still out there. Marine biologist Katherine Dafforn at the University of New South Wales in Australia says the discovery of such high levels in these trenches is &quot;disturbing.&quot; 
&quot;A lot of chemicals will have far-reaching impacts that we don&apos;t necessarily know about,&quot; Dafforn says. 
And those impacts might be in places that people don&apos;t pay much attention. 
Jamieson says just because pollution is out of sight doesn&apos;t mean it&apos;s harmless. &quot;We&apos;ve got to remember, planet Earth is mostly deep sea,&quot; he says, &quot;and to think that it&apos;s OK just to ignore it is a little bit irresponsible.&quot; Copyright 2017 NPR. To see more, visit NPR . © 2017 KUER
</post>
<signature>

</signature>
<external_links>

</external_links>
<country>US</country>
<main_image>http://mediad.publicbroadcasting.net/p/shared/npr/styles/medium/nprshared/201702/515002984.jpg</main_image>
<rating></rating>
</document>
