<?xml version="1.0" encoding="UTF-8"?>
<document>
<type>mainstream</type>
<forum>http://feeds.feedburner.com/tablon_b1</forum>
<forum_title>Tablondeanuncios.com | Feeds Compra venta Coches</forum_title>
<discussion_title>Ford focus</discussion_title>
<language>spanish</language>
<gmt_offset></gmt_offset>
<topic_url>http://www.tablondeanuncios.com/coches-ford-segunda-mano/ford_focus-3518427.htm</topic_url>
<topic_text>
Combustible: Gasolina,   116/1796, Año de matriculación: 2000, Kilómetros: 165000     Dirección asistida.   tiene   reproductor de cd electr. Ventana refrigeración (aire acondicionado) volante multifunción dirección asistida sintonizador / radio central servicios externos rieles de techo electr. Espejos seguridad y medio ambiente abs electr. Inmovilizador. Color azul..  
</topic_text>
<spam_score>0.00</spam_score>
<post_num>1</post_num>
<post_id>post-1</post_id>
<post_url>http://www.tablondeanuncios.com/coches-ford-segunda-mano/ford_focus-3518427.htm</post_url>
<post_date>20170213</post_date>
<post_time>2153</post_time>
<username></username>
<post>
Combustible: Gasolina,   116/1796, Año de matriculación: 2000, Kilómetros: 165000     Dirección asistida.   tiene   reproductor de cd electr. Ventana refrigeración (aire acondicionado) volante multifunción dirección asistida sintonizador / radio central servicios externos rieles de techo electr. Espejos seguridad y medio ambiente abs electr. Inmovilizador. Color azul..  
</post>
<signature>

</signature>
<external_links>

</external_links>
<country>ES</country>
<main_image>http://images0.tablondeanuncios.com/imagenesdin/35/18/foto3518427.jpg</main_image>
<rating></rating>
</document>
