<?xml version="1.0" encoding="UTF-8"?>
<document>
<type>mainstream</type>
<forum>http://propeller.hu/feed/content-sajat.xml</forum>
<forum_title>Propeller - Saját anyagok</forum_title>
<discussion_title>Megrázó interjúban nyilatkozott az olaszországi buszbaleset egyik túlélője – videó</discussion_title>
<language>hungarian</language>
<gmt_offset></gmt_offset>
<topic_url>http://propeller.hu/itthon/3266534-megrazo-interjuban-nyilatkozott-olaszorszagi-buszbaleset-egyik-tuleloje-video</topic_url>
<topic_text>
comment 0 hozzászólás 
Az olaszországi buszbaleset egyik túlélője hosszas vívódás után döntött úgy, hogy először és utoljára elmondja mindenkinek mi történt velük azon a borzasztó tragikus éjszakán Veronánál. 
András felesége ezzel a síúttal kezdett volna új életet. Fiát három éve pszichológushoz kellett vinni, mert attól rettegett, hogy egyszer egy autóban el fognak aludni és tragikus balesetük lesz. 
Egyelőre büntetésnek érzi, hogy életben maradt, hogy feleségét és fiát is el kellett temetnie.
</topic_text>
<spam_score>0.00</spam_score>
<post_num>1</post_num>
<post_id>post-1</post_id>
<post_url>http://propeller.hu/itthon/3266534-megrazo-interjuban-nyilatkozott-olaszorszagi-buszbaleset-egyik-tuleloje-video</post_url>
<post_date>20170213</post_date>
<post_time>2058</post_time>
<username></username>
<post>
comment 0 hozzászólás 
Az olaszországi buszbaleset egyik túlélője hosszas vívódás után döntött úgy, hogy először és utoljára elmondja mindenkinek mi történt velük azon a borzasztó tragikus éjszakán Veronánál. 
András felesége ezzel a síúttal kezdett volna új életet. Fiát három éve pszichológushoz kellett vinni, mert attól rettegett, hogy egyszer egy autóban el fognak aludni és tragikus balesetük lesz. 
Egyelőre büntetésnek érzi, hogy életben maradt, hogy feleségét és fiát is el kellett temetnie.
</post>
<signature>

</signature>
<external_links>

</external_links>
<country>HU</country>
<main_image>http://propeller.hu/images/cikk/2017_02/papp_andras.jpg</main_image>
<rating></rating>
</document>
