<?xml version="1.0" encoding="UTF-8"?>
<document>
<type>mainstream</type>
<forum>http://www.internetgourmet.it/feed/</forum>
<forum_title>The Internet Gourmet</forum_title>
<discussion_title>E come stai?</discussion_title>
<language>italian</language>
<gmt_offset></gmt_offset>
<topic_url>http://internetgourmet.it/e-come-stai/</topic_url>
<topic_text>
E come stai? Domanda inutile… cantava Lucio Battisti. Quante volte è stato chiesto anche a noi? Tantissime. E altrettante volte abbiamo replicato: “Insomma”, “Così così” o, se eravamo soddisfatti, “Non mi lamento, dai” A differenza della canzone io non penso sia una domanda inutile – se fatta con sincero interesse – sono più inutili quelle mezze risposte, grigie e opache. Tutti abbiamo periodi nei quali qualcosa non va, ma niente è per sempre, e quel niente non è tutto. La noia per quel genere di riscontri, da un lato, e la gratitudine per quella parte di tutto che invece funziona, mi hanno spronata già da un po’ a ribattere in modo chiaro e positivo con un bel: “Bene, grazie”. Queste parole sono rivolte a chi ho di fronte, ma lo sono ancor più a me che le pronuncio. Il loro effetto risuonerà oltre il semplice udito. Scrivi un commento
</topic_text>
<spam_score>0.00</spam_score>
<post_num>1</post_num>
<post_id>post-1</post_id>
<post_url>http://internetgourmet.it/e-come-stai/</post_url>
<post_date>20170213</post_date>
<post_time>1100</post_time>
<username>Elisa Matteucci</username>
<post>
E come stai? Domanda inutile… cantava Lucio Battisti. Quante volte è stato chiesto anche a noi? Tantissime. E altrettante volte abbiamo replicato: “Insomma”, “Così così” o, se eravamo soddisfatti, “Non mi lamento, dai” A differenza della canzone io non penso sia una domanda inutile – se fatta con sincero interesse – sono più inutili quelle mezze risposte, grigie e opache. Tutti abbiamo periodi nei quali qualcosa non va, ma niente è per sempre, e quel niente non è tutto. La noia per quel genere di riscontri, da un lato, e la gratitudine per quella parte di tutto che invece funziona, mi hanno spronata già da un po’ a ribattere in modo chiaro e positivo con un bel: “Bene, grazie”. Queste parole sono rivolte a chi ho di fronte, ma lo sono ancor più a me che le pronuncio. Il loro effetto risuonerà oltre il semplice udito. Scrivi un commento
</post>
<signature>

</signature>
<external_links>

</external_links>
<country>IT</country>
<main_image>http://internetgourmet.it/wp-content/uploads/2017/02/come_stai_240.png</main_image>
<rating></rating>
</document>
