<?xml version="1.0" encoding="UTF-8"?>
<document>
<type>mainstream</type>
<forum>http://www.nikkan.co.jp/rss/nksrdf.rdf</forum>
<forum_title>日刊工業新聞 電子版</forum_title>
<discussion_title>長野・佐久発の生活密着型商品探る 会議所、きょうから技術展</discussion_title>
<language>japanese</language>
<gmt_offset></gmt_offset>
<topic_url>http://www.nikkan.co.jp/articles/view/00417159</topic_url>
<topic_text>
長野県の佐久商工会議所は地元企業の独自技術を、生活密着型の新たな商品開発につなげる取り組みを始める。「医・食・住」をはじめ現場に埋もれている課題やニーズを積極的に掘り起こすとともに、各社が持つ基盤技術を生かす形で地域内外の企業との連携を促し新たな産業創出を目指す。第１弾として、１... （残り：440文字／本文：580文字）
</topic_text>
<spam_score>0.00</spam_score>
<post_num>1</post_num>
<post_id>post-1</post_id>
<post_url>http://www.nikkan.co.jp/articles/view/00417159</post_url>
<post_date>20170213</post_date>
<post_time>2034</post_time>
<username></username>
<post>
長野県の佐久商工会議所は地元企業の独自技術を、生活密着型の新たな商品開発につなげる取り組みを始める。「医・食・住」をはじめ現場に埋もれている課題やニーズを積極的に掘り起こすとともに、各社が持つ基盤技術を生かす形で地域内外の企業との連携を促し新たな産業創出を目指す。第１弾として、１... （残り：440文字／本文：580文字）
</post>
<signature>

</signature>
<external_links>

</external_links>
<country>JP</country>
<main_image></main_image>
<rating></rating>
</document>
