<?xml version="1.0" encoding="UTF-8"?>
<document>
<type>mainstream</type>
<forum>http://klcc.org/rss.xml</forum>
<forum_title></forum_title>
<discussion_title>To Save The Planet, Give Cows Better Pasture</discussion_title>
<language>english</language>
<gmt_offset></gmt_offset>
<topic_url>http://klcc.org/post/save-planet-give-cows-better-pasture</topic_url>
<topic_text>
Cattle grazing in southwestern Colombia. This combination of nutritious grasses and trees, known as silvopastoralism, can increase farm production and aid the environment. Courtesy of Neil Palmer / CIAT Mike McCloskey (right) and his cousin Manuel Perez are converting this former sugar cane farm into high-quality pasture for cattle. Dan Charles / NPR Cattle grow faster, and cause less damage to the environment, when they have better grass to eat. Courtesy of Neil Palmer / CIAT 
The other day, in Puerto Rico, I stumbled across one small piece of an agricultural revolution. It didn&apos;t look all that revolutionary — just an abandoned sugar plantation where workers are clearing away a mass of grass, bushes and trees in order to create better pasture for cattle. 
Mike McCloskey, the dairy magnate who&apos;s behind this particular venture , says that the tropical grasses that he&apos;s removing are terrible food for cattle; they&apos;re full of cellulose and lignin, and not very nutritious. &quot;The problem with tropical pastures, in the past, is that they&apos;re very low in their digestibility,&quot; he says. 
McCloskey should know. He grew up in Puerto Rico, worked as a veterinarian with dairy farmers in Mexico and California, then got into dairy farming himself and became one of the biggest milk producers in the United States. 
He&apos;s planning to grow varieties of grass called Mulato and Cayman on this pasture. The grasses grow quickly, they&apos;re far more nutritious and cattle love them. 
And, by the way, they are a key to fighting global warming. 
&quot;I&apos;m kind of obsessed with this topic&quot; of better pasture for cattle in the tropics, admits Tim Searchinger , a researcher at Princeton University and senior fellow at the World Resources Institute. &quot;It&apos;s the single most decisive factor for whether we&apos;ll be able to feed the world with an acceptable level of greenhouse gas emissions.&quot; 
Cattle are a huge source of greenhouse gas emissions. According to widely accepted calculations, global livestock production accounts for about 15 percent of all human-caused greenhouse gas emissions. This includes the impact of clearing forests to make way for pastures. 
But there&apos;s an enormous disparity in emissions from cattle in different parts of the world. Basically, the more slowly cattle grow, or the less milk they give, the greater their greenhouse gas emissions per pound of beef or milk. And in many parts of the world, cattle grow very slowly, because they&apos;re grazing on sparse and poorly maintained pastures. 
The impact is astounding. Producing a pound of beef in East Africa probably causes a hundred times more global warming than the same product from a feedlot in the United States. 
The good news, Searchinger says, is that &quot;there are enormous opportunities to improve efficiency&quot; at a very modest cost. 
Chief among those opportunities: faster-growing, more nutritious grasses like the ones that McCloskey wants to establish in Puerto Rico. Those grasses are part of a botanical family known by the scientific name Brachiaria that came originally from eastern Africa. Researchers at the International Center for Tropical Agriculture (CIAT), based in Colombia, identified specific varieties that are best for cattle grazing. They&apos;re helping to distribute them across the tropics. Commercial seed companies are selling the new seeds in Brazil, Mexico and Kenya. 
According to Michael Peters, who leads CIAT&apos;s research on tropical grazing, pastures made up of these grasses can support three times more cattle, compared to typical tropical pastures today. The animals also gain weight twice as quickly. It translates into a six-fold increase in production per acre, and a dramatic cut in greenhouse emissions. 
&quot;It sounds too good to be true, but we are completely confident about it,&quot; Peters says. There are limitations: Farmers need to manage cattle on these pastures to avoiding over-grazing, and add a bit of fertilizer every few years. Also, these grasses need plentiful rainfall — at least 35 inches a year, and a rainy season at least six months long. 
But compared to their impact, the new grasses really don&apos;t cost much. &quot;In rice, you need to invest a lot of money to achieve significant reduction&quot; of greenhouse gas emissions, says Jacobo Arango, a researcher at CIAT. &quot;The same in other crops. Livestock is the sector where you can get more reduction for less money.&quot; 
Adding other plants to the mix of pasture vegetation would make it even better, Peters admits. Legumes like beans or clover would enrich the soil. Trees would provide shade. 
Such pastures do exist in the tropics, and visiting them is &quot;practically a religious experience,&quot; says Searchinger. But Peters says that CIAT&apos;s efforts to promote them haven&apos;t been very successful. Maintaining them takes too much work. Farmers have been more enthusiastic about all-grass pastures. According to Peters, Brazilian farmers have planted the new grasses on more than 200 million acres of grazing land. 
Arango says that in some places, improving pastures requires farmers to adopt new attitudes toward grazing. &quot;Maybe people don&apos;t think of pasture in the tropics as a crop, or something that they need to invest in,&quot; he says. Instead, many farmers think of pasture as something natural &quot;that just grows there, and you put your animals there, and you don&apos;t have to do anything more.&quot; 
In Puerto Rico, McCloskey isn&apos;t really building these pastures as a way to increase production; instead, it&apos;s a way to lower costs. Right now, he says, Puerto Rico&apos;s dairy farmers don&apos;t graze their dairy cattle outside at all, because their Holstein cows, which were bred in temperate climates to produce lots of milk, don&apos;t tolerate tropical heat and insect pests. But keeping cows indoors in the tropics, keeping them cool and bringing in feed from farms far away, involves &quot;tremendous costs,&quot; McCloskey says. 
He thinks these new pastures are one part of the solution. The other part is a new genetic strain of dairy cows that scientists in Brazil created. It&apos;s the result of mating a Holstein and a &quot;Brahma-type&quot; breed known as Gyr. Each of the new hybrid animals will be created by in-vitro fertilization. &quot;We&apos;ll get good productivity and great tropical resistance to heat and parasites and ticks and all the things that have been difficult&quot; for dairy cattle in the tropics, McCloskey says. 
McCloskey doesn&apos;t expect to set up a large-scale dairy in Puerto Rico himself. His project is supposed to show that cattle grazing can work. He&apos;s planning to raise heifers on the pasture and sell them to Puerto Rico&apos;s existing dairy farmers, along with beef cattle. 
If it works, he says, the impact could be enormous. &quot;We believe that the right breed, and the right pastures, can really revolutionize how milk can be produced in the tropics,&quot; he says. &quot;Not only in Puerto Rico! We&apos;re looking at this as a possibility for great changes all through the tropics.&quot; Copyright 2017 NPR. To see more, visit NPR . © 2017 KLCC KLCC, 136 W 8th Ave, Eugene OR 97401 541-463-6000
</topic_text>
<spam_score>0.00</spam_score>
<post_num>1</post_num>
<post_id>post-1</post_id>
<post_url>http://klcc.org/post/save-planet-give-cows-better-pasture</post_url>
<post_date>20170213</post_date>
<post_time>1732</post_time>
<username>Dan Charles</username>
<post>
Cattle grazing in southwestern Colombia. This combination of nutritious grasses and trees, known as silvopastoralism, can increase farm production and aid the environment. Courtesy of Neil Palmer / CIAT Mike McCloskey (right) and his cousin Manuel Perez are converting this former sugar cane farm into high-quality pasture for cattle. Dan Charles / NPR Cattle grow faster, and cause less damage to the environment, when they have better grass to eat. Courtesy of Neil Palmer / CIAT 
The other day, in Puerto Rico, I stumbled across one small piece of an agricultural revolution. It didn&apos;t look all that revolutionary — just an abandoned sugar plantation where workers are clearing away a mass of grass, bushes and trees in order to create better pasture for cattle. 
Mike McCloskey, the dairy magnate who&apos;s behind this particular venture , says that the tropical grasses that he&apos;s removing are terrible food for cattle; they&apos;re full of cellulose and lignin, and not very nutritious. &quot;The problem with tropical pastures, in the past, is that they&apos;re very low in their digestibility,&quot; he says. 
McCloskey should know. He grew up in Puerto Rico, worked as a veterinarian with dairy farmers in Mexico and California, then got into dairy farming himself and became one of the biggest milk producers in the United States. 
He&apos;s planning to grow varieties of grass called Mulato and Cayman on this pasture. The grasses grow quickly, they&apos;re far more nutritious and cattle love them. 
And, by the way, they are a key to fighting global warming. 
&quot;I&apos;m kind of obsessed with this topic&quot; of better pasture for cattle in the tropics, admits Tim Searchinger , a researcher at Princeton University and senior fellow at the World Resources Institute. &quot;It&apos;s the single most decisive factor for whether we&apos;ll be able to feed the world with an acceptable level of greenhouse gas emissions.&quot; 
Cattle are a huge source of greenhouse gas emissions. According to widely accepted calculations, global livestock production accounts for about 15 percent of all human-caused greenhouse gas emissions. This includes the impact of clearing forests to make way for pastures. 
But there&apos;s an enormous disparity in emissions from cattle in different parts of the world. Basically, the more slowly cattle grow, or the less milk they give, the greater their greenhouse gas emissions per pound of beef or milk. And in many parts of the world, cattle grow very slowly, because they&apos;re grazing on sparse and poorly maintained pastures. 
The impact is astounding. Producing a pound of beef in East Africa probably causes a hundred times more global warming than the same product from a feedlot in the United States. 
The good news, Searchinger says, is that &quot;there are enormous opportunities to improve efficiency&quot; at a very modest cost. 
Chief among those opportunities: faster-growing, more nutritious grasses like the ones that McCloskey wants to establish in Puerto Rico. Those grasses are part of a botanical family known by the scientific name Brachiaria that came originally from eastern Africa. Researchers at the International Center for Tropical Agriculture (CIAT), based in Colombia, identified specific varieties that are best for cattle grazing. They&apos;re helping to distribute them across the tropics. Commercial seed companies are selling the new seeds in Brazil, Mexico and Kenya. 
According to Michael Peters, who leads CIAT&apos;s research on tropical grazing, pastures made up of these grasses can support three times more cattle, compared to typical tropical pastures today. The animals also gain weight twice as quickly. It translates into a six-fold increase in production per acre, and a dramatic cut in greenhouse emissions. 
&quot;It sounds too good to be true, but we are completely confident about it,&quot; Peters says. There are limitations: Farmers need to manage cattle on these pastures to avoiding over-grazing, and add a bit of fertilizer every few years. Also, these grasses need plentiful rainfall — at least 35 inches a year, and a rainy season at least six months long. 
But compared to their impact, the new grasses really don&apos;t cost much. &quot;In rice, you need to invest a lot of money to achieve significant reduction&quot; of greenhouse gas emissions, says Jacobo Arango, a researcher at CIAT. &quot;The same in other crops. Livestock is the sector where you can get more reduction for less money.&quot; 
Adding other plants to the mix of pasture vegetation would make it even better, Peters admits. Legumes like beans or clover would enrich the soil. Trees would provide shade. 
Such pastures do exist in the tropics, and visiting them is &quot;practically a religious experience,&quot; says Searchinger. But Peters says that CIAT&apos;s efforts to promote them haven&apos;t been very successful. Maintaining them takes too much work. Farmers have been more enthusiastic about all-grass pastures. According to Peters, Brazilian farmers have planted the new grasses on more than 200 million acres of grazing land. 
Arango says that in some places, improving pastures requires farmers to adopt new attitudes toward grazing. &quot;Maybe people don&apos;t think of pasture in the tropics as a crop, or something that they need to invest in,&quot; he says. Instead, many farmers think of pasture as something natural &quot;that just grows there, and you put your animals there, and you don&apos;t have to do anything more.&quot; 
In Puerto Rico, McCloskey isn&apos;t really building these pastures as a way to increase production; instead, it&apos;s a way to lower costs. Right now, he says, Puerto Rico&apos;s dairy farmers don&apos;t graze their dairy cattle outside at all, because their Holstein cows, which were bred in temperate climates to produce lots of milk, don&apos;t tolerate tropical heat and insect pests. But keeping cows indoors in the tropics, keeping them cool and bringing in feed from farms far away, involves &quot;tremendous costs,&quot; McCloskey says. 
He thinks these new pastures are one part of the solution. The other part is a new genetic strain of dairy cows that scientists in Brazil created. It&apos;s the result of mating a Holstein and a &quot;Brahma-type&quot; breed known as Gyr. Each of the new hybrid animals will be created by in-vitro fertilization. &quot;We&apos;ll get good productivity and great tropical resistance to heat and parasites and ticks and all the things that have been difficult&quot; for dairy cattle in the tropics, McCloskey says. 
McCloskey doesn&apos;t expect to set up a large-scale dairy in Puerto Rico himself. His project is supposed to show that cattle grazing can work. He&apos;s planning to raise heifers on the pasture and sell them to Puerto Rico&apos;s existing dairy farmers, along with beef cattle. 
If it works, he says, the impact could be enormous. &quot;We believe that the right breed, and the right pastures, can really revolutionize how milk can be produced in the tropics,&quot; he says. &quot;Not only in Puerto Rico! We&apos;re looking at this as a possibility for great changes all through the tropics.&quot; Copyright 2017 NPR. To see more, visit NPR . © 2017 KLCC KLCC, 136 W 8th Ave, Eugene OR 97401 541-463-6000
</post>
<signature>

</signature>
<external_links>

</external_links>
<country>US</country>
<main_image>http://mediad.publicbroadcasting.net/p/shared/npr/styles/medium/nprshared/201702/514552801.jpg</main_image>
<rating></rating>
</document>
