<?xml version="1.0" encoding="UTF-8"?>
<document>
<type>mainstream</type>
<forum>http://rssfeeds.13newsnow.com/_/20/109698338/wvec/local</forum>
<forum_title>WVEC - Local</forum_title>
<discussion_title>George H. W. Bush Carrier Strike...</discussion_title>
<language>english</language>
<gmt_offset></gmt_offset>
<topic_url>http://rssfeeds.13newsnow.com/_/20/109698338/wvec/http&amp;#x3a;&amp;#x2f;&amp;#x2f;www&amp;#x2e;13newsnow&amp;#x2e;com&amp;#x2f;news&amp;#x2f;military&amp;#x2f;bush-carrier-strike-group-launches-strikes-from-med&amp;#x2f;407989364</topic_url>
<topic_text>
Bush Carrier Strike Group launches strikes from Med Staff , WVEC 4:28   170213-N-YL257-027 MEDITERRANEAN SEA (Feb. 13, 2017) Capt. Jim McCall, commander, Carrier Air Wing 8, launches an F/A-18F Super Hornet attached to the Black Lions of Strike Fighter Squadron (VFA) 213 from the aircraft carrier USS George H.W. Bush (CVN 77) in support of Operation Inherent Resolve. The George H.W. Bush Carrier Strike Group is conducting naval operations in the U.S. 6th Fleet area of operations in support of U.S. national security interests. (U.S. Navy photo by Mass Communication Specialist 3rd Class Christopher Gaines/Released) (Photo: (U.S. Navy photo by Mass Communication Specialist 3rd Class Christopher Gaines/Released))   
MEDITERRANEAN SEA (WVEC) -- The United States Navy said Monday that the George H. W. Bush Carrier Strike Group (GHWBCSG) began strike missions in support of Operation Inherent Resolve (OIR) in the eastern Mediterranean Sea. 
The Navy explained that the strike group&apos;s operations in that part of the world demonstrated the branch&apos;s capability to conduct precision strikes on Islamic State of Iraq and the Levant (ISIL) targets from a number of theaters and highlighted the flexibility of the Navy&apos;s force. 
The GHWBCSG entered the Med on February 2. The Navy said the strike group would continue to support the United States&apos; allies and partners, deter potential threats, and conduct strikes against ISIL operators and infrastructure. 
Operation Inherent Resolve represents the commitment of the U.S. and its partner nations to eliminate the terrorist group ISIL and the threat it poses regionally and to the international community. 
The GHWBCSG consists of flagship aircraft carrier USS George H.W. Bush (CVN 77) with embarked staffs of CSG-2, Carrier Air Wing (CVW) 8 and Destroyer Squadron (DESRON) 22 and the squadrons of CVW-8; guided-missile cruisers USS Philippine Sea (CG 58) and USS Hue City (CG 66); and DESRON-22 guided-missile destroyers USS Laboon (DDG 58) and USS Truxtun (DDG 103). 
(© 2017 WVEC)
</topic_text>
<spam_score>0.00</spam_score>
<post_num>1</post_num>
<post_id>post-1</post_id>
<post_url>http://rssfeeds.13newsnow.com/_/20/109698338/wvec/http&amp;#x3a;&amp;#x2f;&amp;#x2f;www&amp;#x2e;13newsnow&amp;#x2e;com&amp;#x2f;news&amp;#x2f;military&amp;#x2f;bush-carrier-strike-group-launches-strikes-from-med&amp;#x2f;407989364</post_url>
<post_date>20170213</post_date>
<post_time>2128</post_time>
<username></username>
<post>
Bush Carrier Strike Group launches strikes from Med Staff , WVEC 4:28   170213-N-YL257-027 MEDITERRANEAN SEA (Feb. 13, 2017) Capt. Jim McCall, commander, Carrier Air Wing 8, launches an F/A-18F Super Hornet attached to the Black Lions of Strike Fighter Squadron (VFA) 213 from the aircraft carrier USS George H.W. Bush (CVN 77) in support of Operation Inherent Resolve. The George H.W. Bush Carrier Strike Group is conducting naval operations in the U.S. 6th Fleet area of operations in support of U.S. national security interests. (U.S. Navy photo by Mass Communication Specialist 3rd Class Christopher Gaines/Released) (Photo: (U.S. Navy photo by Mass Communication Specialist 3rd Class Christopher Gaines/Released))   
MEDITERRANEAN SEA (WVEC) -- The United States Navy said Monday that the George H. W. Bush Carrier Strike Group (GHWBCSG) began strike missions in support of Operation Inherent Resolve (OIR) in the eastern Mediterranean Sea. 
The Navy explained that the strike group&apos;s operations in that part of the world demonstrated the branch&apos;s capability to conduct precision strikes on Islamic State of Iraq and the Levant (ISIL) targets from a number of theaters and highlighted the flexibility of the Navy&apos;s force. 
The GHWBCSG entered the Med on February 2. The Navy said the strike group would continue to support the United States&apos; allies and partners, deter potential threats, and conduct strikes against ISIL operators and infrastructure. 
Operation Inherent Resolve represents the commitment of the U.S. and its partner nations to eliminate the terrorist group ISIL and the threat it poses regionally and to the international community. 
The GHWBCSG consists of flagship aircraft carrier USS George H.W. Bush (CVN 77) with embarked staffs of CSG-2, Carrier Air Wing (CVW) 8 and Destroyer Squadron (DESRON) 22 and the squadrons of CVW-8; guided-missile cruisers USS Philippine Sea (CG 58) and USS Hue City (CG 66); and DESRON-22 guided-missile destroyers USS Laboon (DDG 58) and USS Truxtun (DDG 103). 
(© 2017 WVEC)
</post>
<signature>

</signature>
<external_links>

</external_links>
<country>US</country>
<main_image>http://content.13newsnow.com/photo/2017/02/13/GHWBush1_1487020084600_8505731_ver1.0.jpg</main_image>
<rating></rating>
</document>
