<?xml version="1.0" encoding="UTF-8"?>
<document>
<type>mainstream</type>
<forum>http://www.ccenterdispatch.com//search/?q=&amp;t=article&amp;l=100&amp;d=&amp;d1=&amp;d2=&amp;s=start_time&amp;sd=desc&amp;c[]=news,news/*&amp;f=rss</forum>
<forum_title>Clay Center Dispatch On-Line - news,news/</forum_title>
<discussion_title>Judge tosses part of ex-University of Kansas rower&apos;s lawsuit</discussion_title>
<language>english</language>
<gmt_offset></gmt_offset>
<topic_url>http://www.ccenterdispatch.com/news/state/article_320f735a-d34a-5172-86c6-77d00289bb87.html</topic_url>
<topic_text>
Judge tosses part of ex-University of Kansas rower&apos;s lawsuit Associated Press | 0 comments 
LAWRENCE, Kan. (AP) — A federal judge has dismissed part of a lawsuit filed by a former University of Kansas rower who alleged she was sexually assaulted by a former football player. 
The ruling Friday means that Daisy Tackett will no longer be able to argue that the university should have known there was a heightened risk of sexual assault at apartments where football players lived with less supervision than in residence halls. 
But she can continue to pursue other claims, including that that the university was &quot;deliberately indifferent&quot; to her rape report, that her rowing coach made inappropriate comments about rowers&apos; body types, and that the coach retaliated against her, the Lawrence Journal-World ( http://bit.ly/2kDbFE1 ) reports. 
Tackett alleges she was raped in the fall of 2014 while a freshman. She reported the rape to university officials about a year later, after another rowing team member, Sarah McClure, said she had been sexually assaulted by the same man. 
The Associated Press generally doesn&apos;t identify victims of alleged sexual assault, but Tackett and McClure, who separately sued the school, have said they want their names used. 
The player was never charged and denied any wrongdoing. The university&apos;s office of Institutional Opportunity and Access, though, concluded that he had &quot;non-consensual sex&quot; with Tackett and violated the school&apos;s sexual harassment policy with McClure. 
In their Title IX lawsuits, the women say the school showed &quot;deliberate indifference&quot; by allowing the player to withdraw instead of expelling him. 
Judge J. Thomas Marten wrote in dismissing some of the claims that there were no allegations that the university &quot;somehow encouraged the misconduct.&quot; 
Tackett had also argued that the school required female rowers to go to football games and cheer for the players, and encouraged the women to attend off-campus parties with football recruits. 
Her attorney, Dan Curry, said Tackett and her parents may appeal the decision not to allow part of the case to move forward, but that &quot;on the whole&quot; they were &quot;pleased&quot; the case was proceeding. 
The university had requested that the whole case be thrown out. University spokeswoman Erinn Barcomb-Peterson said in an email that the school was &quot;pleased the court has dismissed significant portions of this lawsuit.&quot; 
___ 
Information from: Lawrence (Kan.) Journal-World, http://www.ljworld.com
</topic_text>
<spam_score>0.00</spam_score>
<post_num>1</post_num>
<post_id>post-1</post_id>
<post_url>http://www.ccenterdispatch.com/news/state/article_320f735a-d34a-5172-86c6-77d00289bb87.html</post_url>
<post_date>20170213</post_date>
<post_time>1936</post_time>
<username></username>
<post>
Judge tosses part of ex-University of Kansas rower&apos;s lawsuit Associated Press | 0 comments 
LAWRENCE, Kan. (AP) — A federal judge has dismissed part of a lawsuit filed by a former University of Kansas rower who alleged she was sexually assaulted by a former football player. 
The ruling Friday means that Daisy Tackett will no longer be able to argue that the university should have known there was a heightened risk of sexual assault at apartments where football players lived with less supervision than in residence halls. 
But she can continue to pursue other claims, including that that the university was &quot;deliberately indifferent&quot; to her rape report, that her rowing coach made inappropriate comments about rowers&apos; body types, and that the coach retaliated against her, the Lawrence Journal-World ( http://bit.ly/2kDbFE1 ) reports. 
Tackett alleges she was raped in the fall of 2014 while a freshman. She reported the rape to university officials about a year later, after another rowing team member, Sarah McClure, said she had been sexually assaulted by the same man. 
The Associated Press generally doesn&apos;t identify victims of alleged sexual assault, but Tackett and McClure, who separately sued the school, have said they want their names used. 
The player was never charged and denied any wrongdoing. The university&apos;s office of Institutional Opportunity and Access, though, concluded that he had &quot;non-consensual sex&quot; with Tackett and violated the school&apos;s sexual harassment policy with McClure. 
In their Title IX lawsuits, the women say the school showed &quot;deliberate indifference&quot; by allowing the player to withdraw instead of expelling him. 
Judge J. Thomas Marten wrote in dismissing some of the claims that there were no allegations that the university &quot;somehow encouraged the misconduct.&quot; 
Tackett had also argued that the school required female rowers to go to football games and cheer for the players, and encouraged the women to attend off-campus parties with football recruits. 
Her attorney, Dan Curry, said Tackett and her parents may appeal the decision not to allow part of the case to move forward, but that &quot;on the whole&quot; they were &quot;pleased&quot; the case was proceeding. 
The university had requested that the whole case be thrown out. University spokeswoman Erinn Barcomb-Peterson said in an email that the school was &quot;pleased the court has dismissed significant portions of this lawsuit.&quot; 
___ 
Information from: Lawrence (Kan.) Journal-World, http://www.ljworld.com
</post>
<signature>

</signature>
<external_links>

</external_links>
<country>US</country>
<main_image>http://www.ccenterdispatch.com/app/dispatchlogoFACEBOOK.jpg</main_image>
<rating></rating>
</document>
