<?xml version="1.0" encoding="UTF-8"?>
<document>
<type>mainstream</type>
<forum>http://molisedoc.com/intrattenimento/</forum>
<forum_title>Intrattenimento</forum_title>
<discussion_title>Vodafone promozione San Valentino: Internet in regalo per tutti i clienti</discussion_title>
<language>italian</language>
<gmt_offset>-6</gmt_offset>
<topic_url>http://molisedoc.com/2017/02/vodafone-promozione-san-valentino-internet-in-regalo-per/</topic_url>
<topic_text>
Tuttavia, nei prossimi giorni probabilmente vedremo uno spot differente dato che Vodafone regalerà a tutti i suoi clienti 4 Giga di internet per San Valentino . L&apos;offerta è valida dalla mezzanotte di lunedì 13 febbraio e per le successive 24 ore, senza dove consumare il traffico del proprio piano tariffario.
Durante questo lasso di tempo (dalla mezzanotte di oggi fino alle 23:59 di domani), non verranno intaccati in alcun modo i contatori esistenti.
Vodafone celebra San Valentino , la festa degli innamorati, regalando una giornata di Internet gratis per tutti i clienti privati, professionisti e aziende.
Le giornate di navigazione gratuita offerte in regalo da Vodafone in occasioni speciali compiono tre anni all&apos;interno del progetto We CARE con cui l&apos;operatore punta a consolidare e valorizzare il rapporto di fiducia con i clienti. Per attivare la promozione non si dovrà fare nulla di particolare: l&apos;internet in regalo si attiverà automaticamente su tutti i dispositivi che usano Vodafone .
I 4 Giga in regalo per San Valentino offerti da Vodafone potranno essere utilizzati non solo con lo smartphone, ma anche con il tablet e con la chiavetta. Anche la disattivazione è assolutamente automatica con i clienti che, terminati i 4GB o terminato il vincolo temporale, continueranno a navigare come di consueto con la propria offerta se al suo interno è previsto del traffico dati.
</topic_text>
<spam_score>0.00</spam_score>
<post_num>1</post_num>
<post_id>post-1</post_id>
<post_url>http://molisedoc.com/2017/02/vodafone-promozione-san-valentino-internet-in-regalo-per/</post_url>
<post_date>20170213</post_date>
<post_time></post_time>
<username>molisedoc.com</username>
<post>
Tuttavia, nei prossimi giorni probabilmente vedremo uno spot differente dato che Vodafone regalerà a tutti i suoi clienti 4 Giga di internet per San Valentino . L&apos;offerta è valida dalla mezzanotte di lunedì 13 febbraio e per le successive 24 ore, senza dove consumare il traffico del proprio piano tariffario.
Durante questo lasso di tempo (dalla mezzanotte di oggi fino alle 23:59 di domani), non verranno intaccati in alcun modo i contatori esistenti.
Vodafone celebra San Valentino , la festa degli innamorati, regalando una giornata di Internet gratis per tutti i clienti privati, professionisti e aziende.
Le giornate di navigazione gratuita offerte in regalo da Vodafone in occasioni speciali compiono tre anni all&apos;interno del progetto We CARE con cui l&apos;operatore punta a consolidare e valorizzare il rapporto di fiducia con i clienti. Per attivare la promozione non si dovrà fare nulla di particolare: l&apos;internet in regalo si attiverà automaticamente su tutti i dispositivi che usano Vodafone .
I 4 Giga in regalo per San Valentino offerti da Vodafone potranno essere utilizzati non solo con lo smartphone, ma anche con il tablet e con la chiavetta. Anche la disattivazione è assolutamente automatica con i clienti che, terminati i 4GB o terminato il vincolo temporale, continueranno a navigare come di consueto con la propria offerta se al suo interno è previsto del traffico dati.
</post>
<signature>

</signature>
<external_links>
<external_link>http://www.vodafone.it/portal/Privati/Vantaggi-Vodafone/Per-i-gia-Clienti/sanvalentino4giga?icmp=LMSV17CSU</external_link><external_link>http://gizblog.it/wp-content/uploads/2017/02/Vodafone-san-valentino-offerta-4-gb.png</external_link><external_link>https://www.addtoany.com/share_save</external_link>
</external_links>
<country>US</country>
<main_image></main_image>
<rating></rating>
</document>
