<?xml version="1.0" encoding="UTF-8"?>
<document>
<type>mainstream</type>
<forum>http://navbharattimes.indiatimes.com/rssfeedsdefault.cms</forum>
<forum_title>Navbharat Times</forum_title>
<discussion_title>Dead body:kanker: son forced to carry father&apos;s dead body on his bike for 22 kms - other cities</discussion_title>
<language>hindi</language>
<gmt_offset></gmt_offset>
<topic_url>http://navbharattimes.indiatimes.com/state/chhattisgarh/other-cities/kanker-son-forced-to-carry-fathers-dead-body-on-his-bike-for-22-kms/articleshow/57133046.cms</topic_url>
<topic_text>
कांकेर 
छत्तीसगढ़ में एक बार फिर मानवता शर्मशार हुई। सरगुजा संभाग के बाद अब बस्तर संभाग के कांकेर में एक बेटे को अपने पिता का शव मोटरसाइकिल में बांधकर पोस्टमॉर्टम के लिए ले जाना पड़ा। उसके पिता महादेव मंडल ने फांसी लगा ली थी। इरपानार इलाके के गांव पीवी 106 निवासी महादेव मंडल (78) शनिवार को अपने ही घर में संदिग्ध हालत में फांसी पर लटके मिले।

जब पुत्र अमल मंडल ने इसकी जानकारी पुलिस को दी तो पुलिस ने कहा, &apos;शव को पोस्टमॉर्टम के लिए बांदे हेल्थ सेंटर लेकर पहुंचो, हम भी वहां पहुंचते हैं।&apos; पुत्र ने पिता के शव को बांदे उपस्वास्थ्य केंद्र ले जाने के लिए वाहन की व्यवस्था करने का काफी प्रयास किया लेकिन कोई वाहन नहीं मिला। अंत में उसे पिता के शव को बाइक पर रखकर करीब 22 किलोमीटर दूर बांदे उपस्वास्थ्य केंद्र ले जाना पड़ा।

अमल शव को बाइक पर रखकर जब बांदे पहुंचे तो शाम हो गई थी जिस कारण शनिवार को पोस्टमॉर्टम नहीं हो पाया। रविवार की सुबह शव का पोस्टमॉर्टम किया गया। इसके बाद गांव वापस ले जाने के लिए अस्पताल प्रशासन ने शव वाहन की व्यवस्था की। बांदे उपस्वास्थ्य केंद्र के चिकित्सक गौतम व्यापारी का कहना है, &apos;अमल अपने पिता के शव को कैसे अस्पताल तक लाए, इसकी मुझे जानकारी नहीं है। पोस्टमॉर्टम के बाद अस्पताल प्रशासन ने शव वाहन की व्यवस्था की।&apos;
</topic_text>
<spam_score>0.00</spam_score>
<post_num>1</post_num>
<post_id>post-1</post_id>
<post_url>http://navbharattimes.indiatimes.com/state/chhattisgarh/other-cities/kanker-son-forced-to-carry-fathers-dead-body-on-his-bike-for-22-kms/articleshow/57133046.cms</post_url>
<post_date>20170213</post_date>
<post_time>2236</post_time>
<username>timesofindia.indiatimes.com</username>
<post>
कांकेर 
छत्तीसगढ़ में एक बार फिर मानवता शर्मशार हुई। सरगुजा संभाग के बाद अब बस्तर संभाग के कांकेर में एक बेटे को अपने पिता का शव मोटरसाइकिल में बांधकर पोस्टमॉर्टम के लिए ले जाना पड़ा। उसके पिता महादेव मंडल ने फांसी लगा ली थी। इरपानार इलाके के गांव पीवी 106 निवासी महादेव मंडल (78) शनिवार को अपने ही घर में संदिग्ध हालत में फांसी पर लटके मिले।

जब पुत्र अमल मंडल ने इसकी जानकारी पुलिस को दी तो पुलिस ने कहा, &apos;शव को पोस्टमॉर्टम के लिए बांदे हेल्थ सेंटर लेकर पहुंचो, हम भी वहां पहुंचते हैं।&apos; पुत्र ने पिता के शव को बांदे उपस्वास्थ्य केंद्र ले जाने के लिए वाहन की व्यवस्था करने का काफी प्रयास किया लेकिन कोई वाहन नहीं मिला। अंत में उसे पिता के शव को बाइक पर रखकर करीब 22 किलोमीटर दूर बांदे उपस्वास्थ्य केंद्र ले जाना पड़ा।

अमल शव को बाइक पर रखकर जब बांदे पहुंचे तो शाम हो गई थी जिस कारण शनिवार को पोस्टमॉर्टम नहीं हो पाया। रविवार की सुबह शव का पोस्टमॉर्टम किया गया। इसके बाद गांव वापस ले जाने के लिए अस्पताल प्रशासन ने शव वाहन की व्यवस्था की। बांदे उपस्वास्थ्य केंद्र के चिकित्सक गौतम व्यापारी का कहना है, &apos;अमल अपने पिता के शव को कैसे अस्पताल तक लाए, इसकी मुझे जानकारी नहीं है। पोस्टमॉर्टम के बाद अस्पताल प्रशासन ने शव वाहन की व्यवस्था की।&apos;
</post>
<signature>

</signature>
<external_links>

</external_links>
<country>IN</country>
<main_image>http://navbharattimes.indiatimes.com/thumb/msid-57133859,width-300,resizemode-4/state/chhattisgarh/other-cities/kanker-son-forced-to-carry-fathers-dead-body-on-his-bike-for-22-kms.jpg</main_image>
<rating></rating>
</document>
