<?xml version="1.0" encoding="UTF-8"?>
<document>
<type>mainstream</type>
<forum>http://feeds.feedburner.com/mundodeportivo-futbol-copa</forum>
<forum_title>Copa del Rey</forum_title>
<discussion_title>Iniesta: “La final en el Calderón tendrá una connotación emotiva”</discussion_title>
<language>spanish</language>
<gmt_offset></gmt_offset>
<topic_url>http://www.mundodeportivo.com/futbol/fc-barcelona/20170213/428363404/iniesta-copa-calderon-barca.html</topic_url>
<topic_text>
MundoDeportivo.com   22:01 
Horas después de que la Federación oficializara que la   entre el Barça y el Alavés se disputará el 27 de mayo en el Vicente Calderón, han trascendido unas declaraciones de Andrés Iniesta en Castilla-La Mancha Media en las que valoraba de forma positiva dicha sede. “Si es en el Calderón y es el último año de ese estadio también tendrá una connotación emotiva y además me parece un grandísimo estadio”, comentó el capitán azulgrana. Temas relacionados
</topic_text>
<spam_score>0.00</spam_score>
<post_num>1</post_num>
<post_id>post-1</post_id>
<post_url>http://www.mundodeportivo.com/futbol/fc-barcelona/20170213/428363404/iniesta-copa-calderon-barca.html</post_url>
<post_date>20170213</post_date>
<post_time>2058</post_time>
<username></username>
<post>
MundoDeportivo.com   22:01 
Horas después de que la Federación oficializara que la   entre el Barça y el Alavés se disputará el 27 de mayo en el Vicente Calderón, han trascendido unas declaraciones de Andrés Iniesta en Castilla-La Mancha Media en las que valoraba de forma positiva dicha sede. “Si es en el Calderón y es el último año de ese estadio también tendrá una connotación emotiva y además me parece un grandísimo estadio”, comentó el capitán azulgrana. Temas relacionados
</post>
<signature>

</signature>
<external_links>

</external_links>
<country>ES</country>
<main_image>http://www.mundodeportivo.com/r/GODO/MD/p4/Barca/Imagenes/2017/02/13/Recortada/img_pmorata_20160523-035640_imagenes_md_propias_pmorata_ft1a7579-kQkE-U428363404bQ-980x554@MundoDeportivo-Web.JPG</main_image>
<rating></rating>
</document>
