<?xml version="1.0" encoding="UTF-8"?>
<document>
<type>mainstream</type>
<forum>http://www.christian-dogma.com/rss.php</forum>
<forum_title>christian dogma RSS feed</forum_title>
<discussion_title>ابن شقيق زوجة مبارك يفجر مفاجأة عن المكالمة المنسوبة له</discussion_title>
<language>arabic</language>
<gmt_offset></gmt_offset>
<topic_url>http://www.christian-dogma.com/t1248311-ابن-شقيق-زوجة-مبارك-يفجر-مفاجأة-عن-المكالمة-المنسوبة-له</topic_url>
<topic_text>
ابن شقيق زوجة مبارك يفجر مفاجأة عن المكالمة المنسوبة له منذ 25 ثانيه  35 pm بلغ عن المحتوى أكد &quot;خالد ثابت&quot; ابن شقيق زوجة الرئيس الأسبق محمد حسنى مبارك عدم صحة التسجيل الصوتى المنسوب لمبارك، والذى تم نشره على عدد من المواقع الإلكترونية. وأضاف &quot;ثابت&quot;، في تصريحات لموقع &quot;انفراد&quot;: أن الرئيس الأسبق لم يتحدث مع أحد، ولم يدلى بأى معلومات أو تصريحات. وانتشرت أمس، مكالمة منسوبة للرئيس الأسبق &quot;محمد حسني مبارك&quot;، مع أحد الصحفيين الكويتيين بمناسبة الذكرى السادسة لتنحيه عن إدارة البلاد. وتحدث &quot;مبارك&quot; فيها عن تقييمه للرئيس &quot;السيسي&quot;، وموقفه من مصرية جزيرتي تيران وصنافير، كما قدم رسالة للمصريين في الذكرى السادسة لتنحيه عن حكم مصر. هذا الخبر منقول من : وكالات موضوعات مثبته
</topic_text>
<spam_score>0.00</spam_score>
<post_num>1</post_num>
<post_id>post-1</post_id>
<post_url>http://www.christian-dogma.com/t1248311-ابن-شقيق-زوجة-مبارك-يفجر-مفاجأة-عن-المكالمة-المنسوبة-له</post_url>
<post_date>20170213</post_date>
<post_time>2135</post_time>
<username></username>
<post>
ابن شقيق زوجة مبارك يفجر مفاجأة عن المكالمة المنسوبة له منذ 25 ثانيه  35 pm بلغ عن المحتوى أكد &quot;خالد ثابت&quot; ابن شقيق زوجة الرئيس الأسبق محمد حسنى مبارك عدم صحة التسجيل الصوتى المنسوب لمبارك، والذى تم نشره على عدد من المواقع الإلكترونية. وأضاف &quot;ثابت&quot;، في تصريحات لموقع &quot;انفراد&quot;: أن الرئيس الأسبق لم يتحدث مع أحد، ولم يدلى بأى معلومات أو تصريحات. وانتشرت أمس، مكالمة منسوبة للرئيس الأسبق &quot;محمد حسني مبارك&quot;، مع أحد الصحفيين الكويتيين بمناسبة الذكرى السادسة لتنحيه عن إدارة البلاد. وتحدث &quot;مبارك&quot; فيها عن تقييمه للرئيس &quot;السيسي&quot;، وموقفه من مصرية جزيرتي تيران وصنافير، كما قدم رسالة للمصريين في الذكرى السادسة لتنحيه عن حكم مصر. هذا الخبر منقول من : وكالات موضوعات مثبته
</post>
<signature>

</signature>
<external_links>

</external_links>
<country>US</country>
<main_image>http://www.christian-dogma.com/im0photos/20170213/T1487021679b52a5f1cfdd491e96f502ac966d1b2dfimage.jpg?w=550&amp;h=350&amp;.jpg</main_image>
<rating></rating>
</document>
