<?xml version="1.0" encoding="UTF-8"?>
<document>
<type>mainstream</type>
<forum>http://merhabahaber.com/rss/</forum>
<forum_title>Konya Merhaba Gazetesi - Konya Haberleri, Konya&apos;dan son dakika gelişmeleri</forum_title>
<discussion_title>El Bab şehidinin cenazesi Gaziantep’e getirildi</discussion_title>
<language>turkish</language>
<gmt_offset></gmt_offset>
<topic_url>http://www.merhabahaber.com/el-bab-sehidinin-cenazesi-gaziantepe-getirildi-1023483h.htm</topic_url>
<topic_text>
El Bab şehidinin cenazesi Gaziantep’e getirildi 23:53 13 Şubat 2017 Haber Kaynağı El Bab şehidinin cenazesi Gaziantep’e getirildi Fırat Kalkanı Harekatı&apos;nın devam ettiği Suriye&apos;nin El Bab kentinde şehit düşen Uzman Çavuş Murat Tevlim&apos;in cenazesi Gaziantep&apos;e getirildi. A+ A- 
Fırat Kalkanı Harekatı&apos;nın devam ettiği Suriye&apos;nin El Bab kentinde şehit düşen Uzman Çavuş Murat Tevlim&apos;in cenazesi Gaziantep&apos;e getirildi. 
Fırat Kalkanı Harekatı&apos;nda El Bab kentinde terör örgütü DAEŞ ile girilen çatışmada şehit düşen 29 yaşındaki Uzman Çavuş Murat Tevlim&apos;in cenazesi, Gaziantep Adli Tıp Kurumuna getirildi. Aslen Erzincanlı olan şehidin cenazesi, yarın yapılacak törenin ardından ailesinin yaşadığı Kocaeli&apos;ye gönderilecek. Önceki ve Sonraki Haberler
</topic_text>
<spam_score>0.00</spam_score>
<post_num>1</post_num>
<post_id>post-1</post_id>
<post_url>http://www.merhabahaber.com/el-bab-sehidinin-cenazesi-gaziantepe-getirildi-1023483h.htm</post_url>
<post_date>20170213</post_date>
<post_time>2053</post_time>
<username></username>
<post>
El Bab şehidinin cenazesi Gaziantep’e getirildi 23:53 13 Şubat 2017 Haber Kaynağı El Bab şehidinin cenazesi Gaziantep’e getirildi Fırat Kalkanı Harekatı&apos;nın devam ettiği Suriye&apos;nin El Bab kentinde şehit düşen Uzman Çavuş Murat Tevlim&apos;in cenazesi Gaziantep&apos;e getirildi. A+ A- 
Fırat Kalkanı Harekatı&apos;nın devam ettiği Suriye&apos;nin El Bab kentinde şehit düşen Uzman Çavuş Murat Tevlim&apos;in cenazesi Gaziantep&apos;e getirildi. 
Fırat Kalkanı Harekatı&apos;nda El Bab kentinde terör örgütü DAEŞ ile girilen çatışmada şehit düşen 29 yaşındaki Uzman Çavuş Murat Tevlim&apos;in cenazesi, Gaziantep Adli Tıp Kurumuna getirildi. Aslen Erzincanlı olan şehidin cenazesi, yarın yapılacak törenin ardından ailesinin yaşadığı Kocaeli&apos;ye gönderilecek. Önceki ve Sonraki Haberler
</post>
<signature>

</signature>
<external_links>

</external_links>
<country></country>
<main_image>http://d.merhabahaber.com/news/591251.jpg</main_image>
<rating></rating>
</document>
