<?xml version="1.0" encoding="UTF-8"?>
<document>
<type>mainstream</type>
<forum>http://www.cuisinosphere.com/rss.php</forum>
<forum_title>Cuisinosphère | À la une</forum_title>
<discussion_title>Boulettes de viande au fenouil &amp; sauce à la bière blanche</discussion_title>
<language>english</language>
<gmt_offset></gmt_offset>
<topic_url>http://www.cuisinosphere.com/article/boulettes-de-viande-au-fenouil--sauce-a-la-biere-blanche-3490361/</topic_url>
<topic_text>
Boulettes de viande au fenouil &amp; sauce à la bière blanche Posté par Altergusto il y a 1 heure 24 minutes ( http://www.altergusto.fr ) Cela fait quelque temps déjà que je vous raconte que j’utilise de plus en plus la bière en cuisine. Surtout dans le pain, façon naan, plat et express ou en cocotte. Mais, petit à petit, je deviens un peu plus...Boulettes de viande au fenouil &amp; sauce à la bière blanche est un article de Alter Gusto.  
</topic_text>
<spam_score>0.00</spam_score>
<post_num>1</post_num>
<post_id>post-1</post_id>
<post_url>http://www.cuisinosphere.com/article/boulettes-de-viande-au-fenouil--sauce-a-la-biere-blanche-3490361/</post_url>
<post_date>20170213</post_date>
<post_time>2111</post_time>
<username>Altergusto</username>
<post>
Boulettes de viande au fenouil &amp; sauce à la bière blanche Posté par Altergusto il y a 1 heure 24 minutes ( http://www.altergusto.fr ) Cela fait quelque temps déjà que je vous raconte que j’utilise de plus en plus la bière en cuisine. Surtout dans le pain, façon naan, plat et express ou en cocotte. Mais, petit à petit, je deviens un peu plus...Boulettes de viande au fenouil &amp; sauce à la bière blanche est un article de Alter Gusto.  
</post>
<signature>

</signature>
<external_links>

</external_links>
<country>FR</country>
<main_image></main_image>
<rating></rating>
</document>
