<?xml version="1.0" encoding="UTF-8"?>
<document>
<type>mainstream</type>
<forum>http://www.basketsession.com/feed</forum>
<forum_title>BasketSession.com</forum_title>
<discussion_title>Michael Jordan et Adam Silver pour résoudre le conflit Dolan-Oakley ?</discussion_title>
<language>french</language>
<gmt_offset></gmt_offset>
<topic_url>http://www.basketsession.com/actu/michael-jordan-et-adam-silver-pour-resoudre-le-conflit-dolan-oakley-368195/</topic_url>
<topic_text>
Le conflit entre Charles Oakley et James Dolan ne peut plus durer. Adam Silver et Michael Jordan vont joindre leurs efforts pour renouer le contact. 13 février 2017, 21:22 ShaiMamou Partager 
La NBA prend visiblement très au sérieux le conflit entre Charles Oakley et James Dolan, le propriétaire des New York Knicks. Adam Silve r, agacé dès qu&apos;une franchise donne une mauvaise image d&apos;elle-même et donc de la ligue, s&apos;est saisi du dossier. 
Selon le New York Daily News , le patron de la NBA va solliciter l&apos;aide de Michael Jordan , grand ami d&apos;Oakley, pour organiser une conférence téléphonique ou un rendez-vous concret entre les deux hommes pour régler leurs différends. 
Pour rappel, Charles Oakley a été banni du Madison Square Garden jusqu&apos;à nouvel ordre après avoir été accusé par Dolan et la sécurité de la salle d&apos;avoir eu un comportement agressif et menaçant la semaine passée lors du match contre les Clippers.
</topic_text>
<spam_score>0.00</spam_score>
<post_num>1</post_num>
<post_id>post-1</post_id>
<post_url>http://www.basketsession.com/actu/michael-jordan-et-adam-silver-pour-resoudre-le-conflit-dolan-oakley-368195/</post_url>
<post_date>20170213</post_date>
<post_time>2022</post_time>
<username>Shaï Mamou</username>
<post>
Le conflit entre Charles Oakley et James Dolan ne peut plus durer. Adam Silver et Michael Jordan vont joindre leurs efforts pour renouer le contact. 13 février 2017, 21:22 ShaiMamou Partager 
La NBA prend visiblement très au sérieux le conflit entre Charles Oakley et James Dolan, le propriétaire des New York Knicks. Adam Silve r, agacé dès qu&apos;une franchise donne une mauvaise image d&apos;elle-même et donc de la ligue, s&apos;est saisi du dossier. 
Selon le New York Daily News , le patron de la NBA va solliciter l&apos;aide de Michael Jordan , grand ami d&apos;Oakley, pour organiser une conférence téléphonique ou un rendez-vous concret entre les deux hommes pour régler leurs différends. 
Pour rappel, Charles Oakley a été banni du Madison Square Garden jusqu&apos;à nouvel ordre après avoir été accusé par Dolan et la sécurité de la salle d&apos;avoir eu un comportement agressif et menaçant la semaine passée lors du match contre les Clippers.
</post>
<signature>

</signature>
<external_links>

</external_links>
<country>FR</country>
<main_image>http://www.basketsession.com/wp-content/uploads/2016/03/michael-jordan-charlotte-hornets.jpg</main_image>
<rating></rating>
</document>
