<?xml version="1.0" encoding="UTF-8"?>
<document>
<type>mainstream</type>
<forum>http://www.christian-dogma.com/rss.php</forum>
<forum_title>christian dogma RSS feed</forum_title>
<discussion_title>أديب لن أندهش إذا استمر وزير التعليم في منصبه</discussion_title>
<language>arabic</language>
<gmt_offset></gmt_offset>
<topic_url>http://www.christian-dogma.com/t1248307-أديب-لن-أندهش-إذا-استمر-وزير-التعليم-في-منصبه</topic_url>
<topic_text>
أديب لن أندهش إذا استمر وزير التعليم في منصبه منذ 32 ثانيه  27 pm بلغ عن المحتوى قال الإعلامي عمرو أديب، إنه لن يكون مندهشًا إذا جاء غدًا ووجد وزير التربية والتعليم الدكتور الهلالي الشربيني، مستمرًا في منصبه. وأضاف &quot;أديب&quot;، خلال تقديمه برنامج &quot;كل يوم&quot;، المذاع عبر فضائية &quot;on e&quot;، اليوم الإثنين، أن الوزارة الحالية ترى أن أداء الشربيني جيد جدًا، متابعًا: &quot;أنا مش مصدق حتى الآن إنه ممكن يتغير&quot;. وأشار إلى أن هناك شخصيات كثيرة رفضت المنصب الوزاري لعدم وجود قانون يحميهم. شاهد المحتوى الأصلي علي بوابة الفجر الاليكترونية موضوعات مثبته
</topic_text>
<spam_score>0.00</spam_score>
<post_num>1</post_num>
<post_id>post-1</post_id>
<post_url>http://www.christian-dogma.com/t1248307-أديب-لن-أندهش-إذا-استمر-وزير-التعليم-في-منصبه</post_url>
<post_date>20170213</post_date>
<post_time>2127</post_time>
<username></username>
<post>
أديب لن أندهش إذا استمر وزير التعليم في منصبه منذ 32 ثانيه  27 pm بلغ عن المحتوى قال الإعلامي عمرو أديب، إنه لن يكون مندهشًا إذا جاء غدًا ووجد وزير التربية والتعليم الدكتور الهلالي الشربيني، مستمرًا في منصبه. وأضاف &quot;أديب&quot;، خلال تقديمه برنامج &quot;كل يوم&quot;، المذاع عبر فضائية &quot;on e&quot;، اليوم الإثنين، أن الوزارة الحالية ترى أن أداء الشربيني جيد جدًا، متابعًا: &quot;أنا مش مصدق حتى الآن إنه ممكن يتغير&quot;. وأشار إلى أن هناك شخصيات كثيرة رفضت المنصب الوزاري لعدم وجود قانون يحميهم. شاهد المحتوى الأصلي علي بوابة الفجر الاليكترونية موضوعات مثبته
</post>
<signature>

</signature>
<external_links>

</external_links>
<country>US</country>
<main_image>http://www.christian-dogma.com/im0photos/20170213/T1487021233c36c4113a3a62e654ad745e7fa4ac04bimage.jpg?w=550&amp;h=350&amp;.jpg</main_image>
<rating></rating>
</document>
