<?xml version="1.0" encoding="UTF-8"?>
<document>
<type>mainstream</type>
<forum>http://www.lapsoriasis.com/foro/presentate-aqui.11/index.rss</forum>
<forum_title>Presentate aquí</forum_title>
<discussion_title>Presentación tratamiento de café</discussion_title>
<language>spanish</language>
<gmt_offset></gmt_offset>
<topic_url>https://www.lapsoriasis.com/tema/presentacion-tratamiento-de-cafe.2216/</topic_url>
<topic_text>
Este sitio usa cookies. Si sigues navegando estás aceptando el uso de nuestras cookies. Leer más. Presentación tratamiento de café Shabop Nuevo en la web Buenas: Como bien os podréis imaginar tengo psoriasis, desde hace 4 años. La cosa está en que he estado probando pomadas (Daivobet, daivobex y clovate), estas parecen que mejoren pero a la que no me pongo porque la plaquita no está vuelve a surgir... A la vez que me hidrato la piel constantemente... Durante 5 años, por cuestiones ideológicas, he realizado una dieta basada en el vegetarianismo (he de decir que no he realizado el ideal de dieta pero bueno), hace uno un mes estuve de vacaciones y volví a comer a carne y tal. La cosa está en que me ha salido un rebrote de unas ronchitas más esparcidas por el cuerpo... Fuí a un naturista porque quería hacerme una limpieza de hígado a través de unas infusiones (puesto que las funciones de la piel según éstos va relacionado con el estado del hígado) y comentó que el rebrote también podría ser del cambio de un tipo de dieta al otro, teniendo en cuenta que finalizo la carrera y tal todo pinta a que es estresante para mi cuerpo y para mi piel. A parte estoy realizando un tratamiento de cenizas de café. Que al parecer a muchas personas ha mejorado su psoriasis... Supongo que es un momento de desesperación puesto que el complejo está y el aumento de picores por todo el cuerpo se encuentra latente en mi día a día... y rascarme no puedo u.u&apos;. Quisiera saber si a través de una buena dieta que regenere y elimine las toxinas del cuerpo mi piel puede mejorar y que estas placas sean más controladas y tal... se que su total extinción es imposible y lo asumo, pero necesitaría saber si alguien ha realizado algún tipo de dieta de este tipo o alguna recomendación que le haya servido para la mejora y el bienestar de su piel... Muchas gracias!
</topic_text>
<spam_score>0.00</spam_score>
<post_num>1</post_num>
<post_id>post-1</post_id>
<post_url>https://www.lapsoriasis.com/tema/presentacion-tratamiento-de-cafe.2216/</post_url>
<post_date>20170213</post_date>
<post_time>1651</post_time>
<username>Shabop (invalid@example.com)</username>
<post>
Este sitio usa cookies. Si sigues navegando estás aceptando el uso de nuestras cookies. Leer más. Presentación tratamiento de café Shabop Nuevo en la web Buenas: Como bien os podréis imaginar tengo psoriasis, desde hace 4 años. La cosa está en que he estado probando pomadas (Daivobet, daivobex y clovate), estas parecen que mejoren pero a la que no me pongo porque la plaquita no está vuelve a surgir... A la vez que me hidrato la piel constantemente... Durante 5 años, por cuestiones ideológicas, he realizado una dieta basada en el vegetarianismo (he de decir que no he realizado el ideal de dieta pero bueno), hace uno un mes estuve de vacaciones y volví a comer a carne y tal. La cosa está en que me ha salido un rebrote de unas ronchitas más esparcidas por el cuerpo... Fuí a un naturista porque quería hacerme una limpieza de hígado a través de unas infusiones (puesto que las funciones de la piel según éstos va relacionado con el estado del hígado) y comentó que el rebrote también podría ser del cambio de un tipo de dieta al otro, teniendo en cuenta que finalizo la carrera y tal todo pinta a que es estresante para mi cuerpo y para mi piel. A parte estoy realizando un tratamiento de cenizas de café. Que al parecer a muchas personas ha mejorado su psoriasis... Supongo que es un momento de desesperación puesto que el complejo está y el aumento de picores por todo el cuerpo se encuentra latente en mi día a día... y rascarme no puedo u.u&apos;. Quisiera saber si a través de una buena dieta que regenere y elimine las toxinas del cuerpo mi piel puede mejorar y que estas placas sean más controladas y tal... se que su total extinción es imposible y lo asumo, pero necesitaría saber si alguien ha realizado algún tipo de dieta de este tipo o alguna recomendación que le haya servido para la mejora y el bienestar de su piel... Muchas gracias!
</post>
<signature>

</signature>
<external_links>

</external_links>
<country>NL</country>
<main_image>https://www.lapsoriasis.com/styles/flexile/xenforo/avatars/avatar_m.png</main_image>
<rating></rating>
</document>
