<?xml version="1.0" encoding="UTF-8"?>
<document>
<type>mainstream</type>
<forum>http://merhabahaber.com/rss/</forum>
<forum_title>Konya Merhaba Gazetesi - Konya Haberleri, Konya&apos;dan son dakika gelişmeleri</forum_title>
<discussion_title>Osmaniye’de kahvehanede silahlı kavga: 2 ölü, 2 yaralı</discussion_title>
<language>turkish</language>
<gmt_offset></gmt_offset>
<topic_url>http://www.merhabahaber.com/osmaniyede-kahvehanede-silahli-kavga-2-olu-2-yarali-1023481h.htm</topic_url>
<topic_text>
Osmaniye’de kahvehanede silahlı kavga: 2 ölü, 2 yaralı 23:43 13 Şubat 2017 Haber Kaynağı Osmaniye’de kahvehanede silahlı kavga: 2 ölü, 2 yaralı Osmaniye&apos;de bir kahvehanede iki grup arasında çıkan silahlı kavgada 2 kişi öldü, biri ağır 2 kişi yaralandı. A+ A- 
Osmaniye&apos;de bir kahvehanede iki grup arasında çıkan silahlı kavgada 2 kişi öldü, biri ağır 2 kişi yaralandı. 
Olay, akşam saatlerinde İstiklal Mahallesi Atatürk Caddesi 5008. Sokak&apos;taki bir kahvehanede meydana geldi. Alınan bilgiye göre, kahvehanede bulunan iki grup arasında tartışma çıktı. Tartışmanın silahlı kavgaya dönüşmesi sonucu Ali Asiltürk (43) ve Yunus Tuncel (40) hayatını kaybederken, Abdurrahman A. ile Nazif G. de yaralandı. Olay yerine çok sayıda polis ile ambulans gönderildi. Ambulanslarla hastaneye kaldırılan yaralılardan Abdurrahman A.&apos;nın hayati tehlikesinin bulunduğu öğrenildi. Silahı kullandığı iddia edilen Hasan K. polis tarafından yakalanarak gözaltına alınırken, olayla ilgili inceleme devam ediyor. Önceki ve Sonraki Haberler
</topic_text>
<spam_score>0.00</spam_score>
<post_num>1</post_num>
<post_id>post-1</post_id>
<post_url>http://www.merhabahaber.com/osmaniyede-kahvehanede-silahli-kavga-2-olu-2-yarali-1023481h.htm</post_url>
<post_date>20170213</post_date>
<post_time>2043</post_time>
<username></username>
<post>
Osmaniye’de kahvehanede silahlı kavga: 2 ölü, 2 yaralı 23:43 13 Şubat 2017 Haber Kaynağı Osmaniye’de kahvehanede silahlı kavga: 2 ölü, 2 yaralı Osmaniye&apos;de bir kahvehanede iki grup arasında çıkan silahlı kavgada 2 kişi öldü, biri ağır 2 kişi yaralandı. A+ A- 
Osmaniye&apos;de bir kahvehanede iki grup arasında çıkan silahlı kavgada 2 kişi öldü, biri ağır 2 kişi yaralandı. 
Olay, akşam saatlerinde İstiklal Mahallesi Atatürk Caddesi 5008. Sokak&apos;taki bir kahvehanede meydana geldi. Alınan bilgiye göre, kahvehanede bulunan iki grup arasında tartışma çıktı. Tartışmanın silahlı kavgaya dönüşmesi sonucu Ali Asiltürk (43) ve Yunus Tuncel (40) hayatını kaybederken, Abdurrahman A. ile Nazif G. de yaralandı. Olay yerine çok sayıda polis ile ambulans gönderildi. Ambulanslarla hastaneye kaldırılan yaralılardan Abdurrahman A.&apos;nın hayati tehlikesinin bulunduğu öğrenildi. Silahı kullandığı iddia edilen Hasan K. polis tarafından yakalanarak gözaltına alınırken, olayla ilgili inceleme devam ediyor. Önceki ve Sonraki Haberler
</post>
<signature>

</signature>
<external_links>

</external_links>
<country></country>
<main_image>http://d.merhabahaber.com/news/0.jpg</main_image>
<rating></rating>
</document>
