<?xml version="1.0" encoding="UTF-8"?>
<document>
<type>mainstream</type>
<forum>http://telegraf.al/rss</forum>
<forum_title>Gazeta Telegraf Me ne dita nis ndryshe</forum_title>
<discussion_title>Pranga 3 ‘skifterëve’ shqiptarë në Itali, si u identifikuan përmes WhatsApp-it</discussion_title>
<language>albanian</language>
<gmt_offset></gmt_offset>
<topic_url>http://telegraf.al/aktualitet/pranga-3-skiftereve-shqiptare-ne-itali-si-u-identifikuan-permes-whatsapp-it</topic_url>
<topic_text>
Pranga 3 ‘skifterëve’ shqiptarë në Itali, si u identifikuan përmes WhatsApp-it Today Tre shqiptarë kanë rënë në pranga, pasi akuzohen për disa vjedhje. Mediat italiane bëjnë me dije se arrestimi u bë falë një grupi në WhatsApp të krijuar mes banorëve të një zone në jug të Italisë. Hetuesit e çështjes në komisariatin Greco Turro në Milano arritën të prangosnin autorët e një ‘goditje’ të madhe të ndodhur në 6 shkurt në këtë zonë. Mësohet se tre shqiptarët, të moshave 21-27 vjeç, një dhomë hoteli e kishin kthyer në një ‘treg’ të sendeve të vjedhura. Përveç 5 mijë eurove dhe një 6 mijë dollarësh, atyre iu gjetën 25 ora, 15 varëse, dhjetëra portofola dhe çanta dhe 10 karta telefoni. Sakaq, pas arrestimit të ‘skifterëve’ policia ftoi qytetarët që ishin grabitur që të paraqiteshin në komisariat për të parë nëse ndonjë prej sendeve të bllokuara, i përkiste atyre. Të ngjashme
</topic_text>
<spam_score>0.00</spam_score>
<post_num>1</post_num>
<post_id>post-1</post_id>
<post_url>http://telegraf.al/aktualitet/pranga-3-skiftereve-shqiptare-ne-itali-si-u-identifikuan-permes-whatsapp-it</post_url>
<post_date>20170213</post_date>
<post_time>2124</post_time>
<username></username>
<post>
Pranga 3 ‘skifterëve’ shqiptarë në Itali, si u identifikuan përmes WhatsApp-it Today Tre shqiptarë kanë rënë në pranga, pasi akuzohen për disa vjedhje. Mediat italiane bëjnë me dije se arrestimi u bë falë një grupi në WhatsApp të krijuar mes banorëve të një zone në jug të Italisë. Hetuesit e çështjes në komisariatin Greco Turro në Milano arritën të prangosnin autorët e një ‘goditje’ të madhe të ndodhur në 6 shkurt në këtë zonë. Mësohet se tre shqiptarët, të moshave 21-27 vjeç, një dhomë hoteli e kishin kthyer në një ‘treg’ të sendeve të vjedhura. Përveç 5 mijë eurove dhe një 6 mijë dollarësh, atyre iu gjetën 25 ora, 15 varëse, dhjetëra portofola dhe çanta dhe 10 karta telefoni. Sakaq, pas arrestimit të ‘skifterëve’ policia ftoi qytetarët që ishin grabitur që të paraqiteshin në komisariat për të parë nëse ndonjë prej sendeve të bllokuara, i përkiste atyre. Të ngjashme
</post>
<signature>

</signature>
<external_links>

</external_links>
<country>AL</country>
<main_image>http://telegraf.al/content/uploads/2017/feb/13/banda-e-hajduteve-c1200x600.jpg</main_image>
<rating></rating>
</document>
