<?xml version="1.0" encoding="UTF-8"?>
<document>
<type>mainstream</type>
<forum>http://rss.joins.com/news/joins_politics_assemgov_list.xml</forum>
<forum_title>중앙일보 | 국회·정당</forum_title>
<discussion_title>민주당 경선 선거인단 모집 15일 시작…참여 방법은?</discussion_title>
<language>korean</language>
<gmt_offset></gmt_offset>
<topic_url>http://news.joins.com/article/21253343</topic_url>
<topic_text>
민주당 경선 선거인단 모집 15일 시작…참여 방법은? [중앙일보] 입력 2017.02.14 06:19 핀터레스트 URL 복사 SNS 공유 더보기 닫기 더불어민주당이 당 대선주자 후보를 결정하는 경선을 위해 오는 15일부터 선거인단을 모집한다. 이번 선거인단에는 기존 민주당 당원이 아닌 일반 국민도 참여할 수 있다. 민주당은 선거인단 모집 과정에서 &apos;금융기관용 무료 공인인증서&apos;를 본인인증 수단으로 활용한다는 계획이다.민주당 경선의 선거인단 등록 방식은 △현장 서류 접수 △전화(콜센터) 접수 △인터넷 접수 등 세 가지다. 이 중 인터넷 접수에서 금융거래 때 사용하는 무료 공인인증서를 통한 본인 확인 방식을 활용할 수 있다. 정당의 전당대회와 경선에서 본인인증 수단으로 무료 공인인증서가 도입되는 것은 이번이 처음이다. 이전에는 발급비용 4400원인 범용공인인증서가 있어야 인터넷 접수가 가능했다.민주당 관계자는 13일 매일경제신문과의 인터뷰에서 &quot;이번 경선에 금융기관용 무료 공인인증서가 본인인증 수단으로 신규 도입될 전망&quot;이라며 &quot;기존 유료 범용공인인증서로만 접수할 때보다 인터넷을 통한 선거인단 등록 규모가 늘어날 것으로 전망된다&quot;고 밝히기도 했다.민주당 선거인단 모집은 15일부터 3주 동안 1차로 진행된다. 2차 선거인단 모집은 아직 날짜가 정해지지 않았다. 박근혜 대통령의 탄핵소추안이 헌법재판소에서 인용결정이 내려지면 그 직후부터 1주일 동안 추가 신청을 받을 예정이다. 선거인단 모집 대상은 만 19세 이상 모든 국민이다.또, 투표는 선거인단 등록 후 직접 경선 현장에 찾아와서 투표를 하거나 전화 혹은 인터넷을 통해서도 가능하다. 모바일 ARS를 통해 참여해도 되고, 민주당이 계획 중인 서울·경기·영호남 등 권역별 순회 경선을 통해 투표에 참여해도 된다.오원석 기자 oh.wonseok@joongang.co.kr
</topic_text>
<spam_score>0.00</spam_score>
<post_num>1</post_num>
<post_id>post-1</post_id>
<post_url>http://news.joins.com/article/21253343</post_url>
<post_date>20170213</post_date>
<post_time>2119</post_time>
<username>오원석 기자</username>
<post>
민주당 경선 선거인단 모집 15일 시작…참여 방법은? [중앙일보] 입력 2017.02.14 06:19 핀터레스트 URL 복사 SNS 공유 더보기 닫기 더불어민주당이 당 대선주자 후보를 결정하는 경선을 위해 오는 15일부터 선거인단을 모집한다. 이번 선거인단에는 기존 민주당 당원이 아닌 일반 국민도 참여할 수 있다. 민주당은 선거인단 모집 과정에서 &apos;금융기관용 무료 공인인증서&apos;를 본인인증 수단으로 활용한다는 계획이다.민주당 경선의 선거인단 등록 방식은 △현장 서류 접수 △전화(콜센터) 접수 △인터넷 접수 등 세 가지다. 이 중 인터넷 접수에서 금융거래 때 사용하는 무료 공인인증서를 통한 본인 확인 방식을 활용할 수 있다. 정당의 전당대회와 경선에서 본인인증 수단으로 무료 공인인증서가 도입되는 것은 이번이 처음이다. 이전에는 발급비용 4400원인 범용공인인증서가 있어야 인터넷 접수가 가능했다.민주당 관계자는 13일 매일경제신문과의 인터뷰에서 &quot;이번 경선에 금융기관용 무료 공인인증서가 본인인증 수단으로 신규 도입될 전망&quot;이라며 &quot;기존 유료 범용공인인증서로만 접수할 때보다 인터넷을 통한 선거인단 등록 규모가 늘어날 것으로 전망된다&quot;고 밝히기도 했다.민주당 선거인단 모집은 15일부터 3주 동안 1차로 진행된다. 2차 선거인단 모집은 아직 날짜가 정해지지 않았다. 박근혜 대통령의 탄핵소추안이 헌법재판소에서 인용결정이 내려지면 그 직후부터 1주일 동안 추가 신청을 받을 예정이다. 선거인단 모집 대상은 만 19세 이상 모든 국민이다.또, 투표는 선거인단 등록 후 직접 경선 현장에 찾아와서 투표를 하거나 전화 혹은 인터넷을 통해서도 가능하다. 모바일 ARS를 통해 참여해도 되고, 민주당이 계획 중인 서울·경기·영호남 등 권역별 순회 경선을 통해 투표에 참여해도 된다.오원석 기자 oh.wonseok@joongang.co.kr
</post>
<signature>

</signature>
<external_links>

</external_links>
<country>KR</country>
<main_image>http://pds.joins.com/news/component/htmlphoto_mmdata/201702/14/htm_2017021461913524600.jpg</main_image>
<rating></rating>
</document>
