<?xml version="1.0" encoding="UTF-8"?>
<document>
<type>mainstream</type>
<forum>http://www.myfoxal.com/Global/category.asp?C=120652&amp;clienttype=rss</forum>
<forum_title>FOX6 WBRC - MyFoxAL.com - Money</forum_title>
<discussion_title>The Latest: Trump says he wants to tweak NAFTA</discussion_title>
<language>english</language>
<gmt_offset></gmt_offset>
<topic_url>http://www.wbrc.com/story/34490106/the-latest-trump-says-he-wants-to-tweak-nafta</topic_url>
<topic_text>
The Latest: Trump says he wants to tweak NAFTA - WBRC FOX6 News - Birmingham, AL Member Center: The Latest: Trump says he wants to tweak NAFTA 2017-02-13T21:04:15Z 2017-02-13T21:04:15Z (Sean Kilpatrick/The Canadian Press via AP, File). FILE - In this Nov. 29, 2016 file photo, Canada&apos;s Prime Minister Justin Trudeau holds a press conference at the National Press Theatre in Ottawa, Ontario. On Monday, Feb. 13, 2017, President Donald Tru... (AP Photo/Evan Vucci, File). FILE- In this Feb. 1, 2017, file photo, President Donald Trump, accompanied by his daughter Ivanka, waves as they walk to board Marine One on the South Lawn of the White House in Washington. According to officials, Ivanka T... (Darryl Dyck/The Canadian Press via AP). People attend a rally at the Peace Arch-Douglas near the border between Canada and the United States, in Surrey, British Columbia, Sunday, Feb. 12, 2017. Canadian Prime Minister Justin Trudeau is scheduled to me... 
WASHINGTON (AP) - The Latest on meetings between Canadian Prime Minister Justin Trudeau&apos;s and President Donald Trump (all times EST): 
3 p.m. 
President Donald Trump says there will be &quot;tweaking&quot; to the U.S. trade agreement with Canada. 
Speaking at a news conference with Canada Prime Minister Justin Trudeau, Trump suggested that he was content but had some unspecified objections to trade with Canada through the North American Free Trade Agreement. The president has targeted the two decade-old pact for criticism, saying it caused factory jobs to move to Mexico. 
&quot;We have a very outstanding trade relationship with Canada,&quot; Trump said Monday. 
Trump has threated to leave the three-country trade agreement unless portions are renegotiated that protect U.S. workers. Trump has threated a border tax on American companies that shutter their domestic factories and import goods from Mexico instead. 
Canada is the single largest source of foreign oil imports into the U.S. market. 
__ 
2:25 p.m. 
President Donald Trump is reaffirming the U.S. relationship with Canada as he begins a joint press conference with Canadian Prime Minister Justin Trudeau. 
Trump says America &quot;is deeply fortunate to have a neighbor like Canada.&quot; 
He says the two countries share much more than a border, including shared values and defense interests. And he&apos;s commending Canada&apos;s contribution to the effort to defeat the Islamic State group. 
Trump says that both countries are stronger when they work together and is pledging to work with Trudeau &quot;in pursuit of our many shared interests.&quot; 
He is also touting a meeting the two convened at the White House. He says, &quot;the full power of women can do better than anybody else.&quot; 
__ 
1:50 p.m. 
President Donald Trump and Canadian Prime Minister Justin Trudeau are stressing their &quot;profound shared economic interests&quot; as they meet for the first time. 
The neighboring leaders released a statement Monday. They promised to &quot;work tirelessly to provide growth and jobs for both countries.&quot; 
The statement also noted that &quot;Canada is the most important foreign market for thirty-five U.S. states, and more than $2 billion in two-way trade flows across our shared border every day.&quot; 
Relations with the U.S. are crucial to Canada. More than 75 percent of Canada&apos;s exports go to the U.S., while 18 percent of U.S. exports go to Canada. There are fears among Canadians that they could be hurt as Trump targets Mexico in a re-negotiation of the North American Free Trade Agreement. 
__ 
12:35 p.m. 
Canadian Prime Minister Justin Trudeau brought a personal gift to President Donald Trump Monday. 
Trudeau brought a photo of Trump with Trudeau&apos;s father, the late Canadian Prime Minister Pierre Trudeau. Trump says it is a picture of the two at the Waldorf-Astoria hotel in New York. 
Trump says he knew Pierre Trudeau and respected him &quot;greatly.&quot; He said he would keep the photo in a &quot;very special place.&quot; 
Trump and Trudeau had their first face-to-face meeting Monday. Trump spoke during a round table discussion on women in the workforce. 
__ 
12:20 p.m. 
President Donald Trump says he is looking to work with Canada&apos;s Prime Minister Justin Trudeau to ease access to capital for female entrepreneurs. 
Trump and Trudeau are taking part in a round table discussion about women in the workforce as part of their first official meeting. 
Trump says the &quot;system is not working so well for entrepreneurs&quot; - particularly for women. 
Trudeau adds that having &quot;women in business is a powerful leverage for success.&quot; 
Trump&apos;s daughter, Ivanka Trump, attended the meeting and helped recruit participants and set the agenda. 
The two countries will announce a joint task force and are expected to discuss issues like childcare and maternity leave. 
__ 
11 a.m. 
Canadian Prime Minister Justin Trudeau is at the White House to meet with President Donald Trump. 
Trump welcomed Trudeau with a handshake Monday, as the leaders met for the first time. 
Their schedule includes private talks and a round table conversation about women in the workplace. 
Trudeau and Trump have different world views. The liberal Trudeau champions free trade and has welcomed 40,000 Syrian refugees. Trump has taken a protectionist stance on trade and wants to crack down on the inflow of migrants and refugees. 
Relations with the U.S. are crucial to Canada. More than 75 percent of Canada&apos;s exports go to the U.S. There is a fear among Canadians that they could be hurt as Trump targets Mexico in a re-negotiation of the North American Free Trade Agreement. 
__ 
9 a.m. 
Canadian Prime Minister Justin Trudeau arrives in Washington, aiming to build a relationship with President Donald Trump that doesn&apos;t threaten trade. 
In the first face-to-face meeting with the new U.S. president, Trudeau will talk about free trade at the White House. The two leaders will also participate in a roundtable discussion about women in the workplace. 
The prime minister&apos;s plane landed at Dulles airport Monday morning after heavy winds forced a change from Andrews Air Force base.  
</topic_text>
<spam_score>0.00</spam_score>
<post_num>1</post_num>
<post_id>post-1</post_id>
<post_url>http://www.wbrc.com/story/34490106/the-latest-trump-says-he-wants-to-tweak-nafta</post_url>
<post_date>20170213</post_date>
<post_time>2104</post_time>
<username></username>
<post>
The Latest: Trump says he wants to tweak NAFTA - WBRC FOX6 News - Birmingham, AL Member Center: The Latest: Trump says he wants to tweak NAFTA 2017-02-13T21:04:15Z 2017-02-13T21:04:15Z (Sean Kilpatrick/The Canadian Press via AP, File). FILE - In this Nov. 29, 2016 file photo, Canada&apos;s Prime Minister Justin Trudeau holds a press conference at the National Press Theatre in Ottawa, Ontario. On Monday, Feb. 13, 2017, President Donald Tru... (AP Photo/Evan Vucci, File). FILE- In this Feb. 1, 2017, file photo, President Donald Trump, accompanied by his daughter Ivanka, waves as they walk to board Marine One on the South Lawn of the White House in Washington. According to officials, Ivanka T... (Darryl Dyck/The Canadian Press via AP). People attend a rally at the Peace Arch-Douglas near the border between Canada and the United States, in Surrey, British Columbia, Sunday, Feb. 12, 2017. Canadian Prime Minister Justin Trudeau is scheduled to me... 
WASHINGTON (AP) - The Latest on meetings between Canadian Prime Minister Justin Trudeau&apos;s and President Donald Trump (all times EST): 
3 p.m. 
President Donald Trump says there will be &quot;tweaking&quot; to the U.S. trade agreement with Canada. 
Speaking at a news conference with Canada Prime Minister Justin Trudeau, Trump suggested that he was content but had some unspecified objections to trade with Canada through the North American Free Trade Agreement. The president has targeted the two decade-old pact for criticism, saying it caused factory jobs to move to Mexico. 
&quot;We have a very outstanding trade relationship with Canada,&quot; Trump said Monday. 
Trump has threated to leave the three-country trade agreement unless portions are renegotiated that protect U.S. workers. Trump has threated a border tax on American companies that shutter their domestic factories and import goods from Mexico instead. 
Canada is the single largest source of foreign oil imports into the U.S. market. 
__ 
2:25 p.m. 
President Donald Trump is reaffirming the U.S. relationship with Canada as he begins a joint press conference with Canadian Prime Minister Justin Trudeau. 
Trump says America &quot;is deeply fortunate to have a neighbor like Canada.&quot; 
He says the two countries share much more than a border, including shared values and defense interests. And he&apos;s commending Canada&apos;s contribution to the effort to defeat the Islamic State group. 
Trump says that both countries are stronger when they work together and is pledging to work with Trudeau &quot;in pursuit of our many shared interests.&quot; 
He is also touting a meeting the two convened at the White House. He says, &quot;the full power of women can do better than anybody else.&quot; 
__ 
1:50 p.m. 
President Donald Trump and Canadian Prime Minister Justin Trudeau are stressing their &quot;profound shared economic interests&quot; as they meet for the first time. 
The neighboring leaders released a statement Monday. They promised to &quot;work tirelessly to provide growth and jobs for both countries.&quot; 
The statement also noted that &quot;Canada is the most important foreign market for thirty-five U.S. states, and more than $2 billion in two-way trade flows across our shared border every day.&quot; 
Relations with the U.S. are crucial to Canada. More than 75 percent of Canada&apos;s exports go to the U.S., while 18 percent of U.S. exports go to Canada. There are fears among Canadians that they could be hurt as Trump targets Mexico in a re-negotiation of the North American Free Trade Agreement. 
__ 
12:35 p.m. 
Canadian Prime Minister Justin Trudeau brought a personal gift to President Donald Trump Monday. 
Trudeau brought a photo of Trump with Trudeau&apos;s father, the late Canadian Prime Minister Pierre Trudeau. Trump says it is a picture of the two at the Waldorf-Astoria hotel in New York. 
Trump says he knew Pierre Trudeau and respected him &quot;greatly.&quot; He said he would keep the photo in a &quot;very special place.&quot; 
Trump and Trudeau had their first face-to-face meeting Monday. Trump spoke during a round table discussion on women in the workforce. 
__ 
12:20 p.m. 
President Donald Trump says he is looking to work with Canada&apos;s Prime Minister Justin Trudeau to ease access to capital for female entrepreneurs. 
Trump and Trudeau are taking part in a round table discussion about women in the workforce as part of their first official meeting. 
Trump says the &quot;system is not working so well for entrepreneurs&quot; - particularly for women. 
Trudeau adds that having &quot;women in business is a powerful leverage for success.&quot; 
Trump&apos;s daughter, Ivanka Trump, attended the meeting and helped recruit participants and set the agenda. 
The two countries will announce a joint task force and are expected to discuss issues like childcare and maternity leave. 
__ 
11 a.m. 
Canadian Prime Minister Justin Trudeau is at the White House to meet with President Donald Trump. 
Trump welcomed Trudeau with a handshake Monday, as the leaders met for the first time. 
Their schedule includes private talks and a round table conversation about women in the workplace. 
Trudeau and Trump have different world views. The liberal Trudeau champions free trade and has welcomed 40,000 Syrian refugees. Trump has taken a protectionist stance on trade and wants to crack down on the inflow of migrants and refugees. 
Relations with the U.S. are crucial to Canada. More than 75 percent of Canada&apos;s exports go to the U.S. There is a fear among Canadians that they could be hurt as Trump targets Mexico in a re-negotiation of the North American Free Trade Agreement. 
__ 
9 a.m. 
Canadian Prime Minister Justin Trudeau arrives in Washington, aiming to build a relationship with President Donald Trump that doesn&apos;t threaten trade. 
In the first face-to-face meeting with the new U.S. president, Trudeau will talk about free trade at the White House. The two leaders will also participate in a roundtable discussion about women in the workplace. 
The prime minister&apos;s plane landed at Dulles airport Monday morning after heavy winds forced a change from Andrews Air Force base.  
</post>
<signature>

</signature>
<external_links>

</external_links>
<country>US</country>
<main_image>http://images.worldnow.com/AP/images/13120856_G.jpg</main_image>
<rating></rating>
</document>
