<?xml version="1.0" encoding="UTF-8"?>
<document>
<type>mainstream</type>
<forum>http://telegraf.al/rss</forum>
<forum_title>Gazeta Telegraf Me ne dita nis ndryshe</forum_title>
<discussion_title>Ndiheni të vetmuar? Ja 3 gjërat që duhet të bëni</discussion_title>
<language>albanian</language>
<gmt_offset></gmt_offset>
<topic_url>http://telegraf.al/kulture/ndiheni-te-vetmuar-ja-3-gjerat-qe-duhet-te-beni</topic_url>
<topic_text>
Ndiheni të vetmuar? Ja 3 gjërat që duhet të bëni Today Të paktën në një moment, jeni ndjerë të vetmuar. Ndoshta kjo ndjenjë ka ardhur pasi keni kuptuar se jeni ndryshe nga të tjerët, ose askush nuk ju kupton juve.E kjo ndodh edhe nëse jeni në një shtëpi të mbushur plot me njerëz. Mbi të gjitha keni përjetuar ndjenjën e thellë e të tmerrshme, e të qenit të vetmuar. Për disa njerëz, ndjenja e vetmisë nuk largohet asnjëherë nga ata, por ja çfarë duhet të bëni për të mo u ndjerë të vetmuar. 1-Pranoje se kush je Vetmia shpesh buron nga mosgjetja e rehatisë për veten, kur jeni me njerëz të tjerë. Dhe kjo ndjenjë ndodh pasi ju nuk i kushtoni shumë rëndësi vetes tuaj. Mësoni të kënaqe me atë çfarë jeni. Nuk është e nevojshme të jeni perfekt, por nëse e pranoni veten ashtu siç jeni, do të krijoni disa lidhje persona që nuk i kishin menduar ndonjëherë. 2-Vlerësojeni veten Injorojini ato zërat negati v dhe mërzitës që ju pëshpërijnë në vesh “askush nuk të pëlqen ty” e shumë gjëra të tjera. Ju jeni një person i mrekullueshem, çdokush ka të meta. Kur dëgjoni këto fjalë negative, filloni të mendoni rreth gjërave pozitive për vete. Shoqërohuni me njerëz që ju bëjnë për të qeshur, dhe shmangni ata që ju bëjnë të qani. 3-Provoni gjëra të reja Monotonia dhe rutina janë të mërzitshme. Provoni gjëra të reja që nuk i keni provuar më parë, ose as që i keni menduar për parë. Hidhuni me parashutë, bëni ski, ose ngjitje në mal. Të ngjashme
</topic_text>
<spam_score>0.00</spam_score>
<post_num>1</post_num>
<post_id>post-1</post_id>
<post_url>http://telegraf.al/kulture/ndiheni-te-vetmuar-ja-3-gjerat-qe-duhet-te-beni</post_url>
<post_date>20170213</post_date>
<post_time>2215</post_time>
<username></username>
<post>
Ndiheni të vetmuar? Ja 3 gjërat që duhet të bëni Today Të paktën në një moment, jeni ndjerë të vetmuar. Ndoshta kjo ndjenjë ka ardhur pasi keni kuptuar se jeni ndryshe nga të tjerët, ose askush nuk ju kupton juve.E kjo ndodh edhe nëse jeni në një shtëpi të mbushur plot me njerëz. Mbi të gjitha keni përjetuar ndjenjën e thellë e të tmerrshme, e të qenit të vetmuar. Për disa njerëz, ndjenja e vetmisë nuk largohet asnjëherë nga ata, por ja çfarë duhet të bëni për të mo u ndjerë të vetmuar. 1-Pranoje se kush je Vetmia shpesh buron nga mosgjetja e rehatisë për veten, kur jeni me njerëz të tjerë. Dhe kjo ndjenjë ndodh pasi ju nuk i kushtoni shumë rëndësi vetes tuaj. Mësoni të kënaqe me atë çfarë jeni. Nuk është e nevojshme të jeni perfekt, por nëse e pranoni veten ashtu siç jeni, do të krijoni disa lidhje persona që nuk i kishin menduar ndonjëherë. 2-Vlerësojeni veten Injorojini ato zërat negati v dhe mërzitës që ju pëshpërijnë në vesh “askush nuk të pëlqen ty” e shumë gjëra të tjera. Ju jeni një person i mrekullueshem, çdokush ka të meta. Kur dëgjoni këto fjalë negative, filloni të mendoni rreth gjërave pozitive për vete. Shoqërohuni me njerëz që ju bëjnë për të qeshur, dhe shmangni ata që ju bëjnë të qani. 3-Provoni gjëra të reja Monotonia dhe rutina janë të mërzitshme. Provoni gjëra të reja që nuk i keni provuar më parë, ose as që i keni menduar për parë. Hidhuni me parashutë, bëni ski, ose ngjitje në mal. Të ngjashme
</post>
<signature>

</signature>
<external_links>

</external_links>
<country>AL</country>
<main_image>http://telegraf.al/content/uploads/2017/feb/13/1487024487-image-620x330-c1200x600.jpg</main_image>
<rating></rating>
</document>
