<?xml version="1.0" encoding="UTF-8"?>
<document>
<type>mainstream</type>
<forum>http://arabic.cnn.com/%D8%A7%D9%84%D8%AD%D8%B1%D8%A8-%D8%A7%D9%84%D8%B3%D9%88%D8%B1%D9%8A%D8%A9</forum>
<forum_title>CNN Arabic - الحرب السورية</forum_title>
<discussion_title>فيصل القاسم: هذا ما يعنيه إعادة تمثال حافظ الأسد إلى حماة</discussion_title>
<language>arabic</language>
<gmt_offset>-6</gmt_offset>
<topic_url>http://arabic.cnn.com/socialmedia/2017/02/12/faisal-qassem-facebook-syria-assad-statue</topic_url>
<topic_text>
دبي، الإمارات العربية المتحدة (CNN)— نشر الإعلامي السوري، فيصل القاسم، صورة قال إنها تمثال للرئيس السوري السابق حافظ الأسد في مدينة حماة، قائلا إن ذلك يعني العودة إلى ذلك العصر و&quot;زريبة الطاعة&quot; على حد تعبيره.
جاء ذلك في تدوينة للقاسم على صفحته بموقع التواصل الاجتماعي، فيسبوك، حيث قال في تعليق على الصورة التي لا يمكن لموقع CNN التأكد من مصداقيتها أو مكان التقاطها &quot;إعادة تمثال حافظ الاسد إلى مدينة حماة التي ذبح حافظ اهلها وسواها بالأرض عام 1982 رسالة لكل السوريين: لا تحلموا بالتغيير ولا بالإصلاح ولا بالمصالحة ولا بفتح صفحة جديدة مع الشعب السوري، بل انتظروا البسطار المخابراتي والعسكري فقط.. سنعود بكم إلى عصر حافظ وليس حتى الى عصر بشار الذي كان أكثر انفتاحاً قبل الثورة. سنعيدكم إلى زريبة الطاعة جميعاً.. لهذا أيها السوريون: أعدوا لهم ما استطعتم من قوة. وخلوا السلاح صاحي.&quot;
وتابع القاسم في تدوينة منفصلة: &quot; النظام السوري أعاد تمثال حافظ اسد إلى مدينة حماة ووضع له أكثر من ألف كلب حراسة كي يحموا التمثال.. ما قيمة التماثيل إذا كانت بحاجة لكلاب حراسة؟ تماثيل القادة العظام تحميها ذاكرة الشعوب ولا تحتاج إلى كلاب لتحميها. أما التماثيل المفروضة بقوة الحديد والنار رغماً عن الشعوب ستحطمها الشعوب وستدوس وستبول عليها كما بالت على ألوف التماثيل الحقيرة في سوريا.&quot;
ويشار إلى أن موقع CNN بالعربية لا يمكنه التأكد بشكل مستقل من الأنباء والمعلومات التي يتم تناقلها عبر وسائل التواصل الاجتماعي.
فيصل القاسم سوريا الحرب السورية الحكومة السورية المعارضة السورية حماة تدوينات روابط ذات علاقة بعد تحدي فيصل القاسم.. سانا تنشر صورة حديثة لبشار لأسد جورج وسوف يغرّد حول صحة بشار الأسد بعد نفي دمشق.. فيصل القاسم: مصادري تؤكد إصابة الأسد بمرض خطورته 70% فيصل القاسم &quot;يغص&quot; على منظر وداع ترامب لأوباما: الأسد شرد نصف الشعب ليبقى فيصل القاسم يربط طرد أمريكا لدبلوماسيين روس بهدنة سوريا فيصل القاسم يعيد نشر فيديو لرئيس مصر الأسبق: التاريخ يعيد نفسه بسوريا فيصل القاسم عن محاولة الانقلاب بتركيا: استعان أردوغان بشعبه على العسكر بينما استعان الأسد بالعسكر على شعبه
</topic_text>
<spam_score>0.54</spam_score>
<post_num>9</post_num>
<post_id>post-9</post_id>
<post_url>http://arabic.cnn.com/socialmedia/2017/02/12/faisal-qassem-facebook-syria-assad-statue</post_url>
<post_date>20170212</post_date>
<post_time>1216</post_time>
<username>Amar Al-amar</username>
<post>
النظام السوري أعاد تمثال حافظ اسد إلى مدينة حماة ووضع له أكثر من ألف كلب حراسة كي يحموا التمثال. (ما قيمة التماثيل اذا كانت بحاجة لكلاب حراسة؟) (تماثيل القادة العظام تحميها ذاكرة الشعوب ولا تحتاج إلى كلاب لتحميها.) ( أما التماثيل المفروضة بقوة الحديد والنار رغماً عن الشعوب ستحطمها الشعوب وستدوس وستبول عليها كما بالت على ألوف التماثيل الحقيرة في سوريا.) ---
</post>
<signature>

</signature>
<external_links>

</external_links>
<country>US</country>
<main_image>http://i.cdn.turner.com/dr/cnnarabic/cnnarabic/release/sites/default/files/image/16681862_1567610473296071_2535709088475707432_n.jpg</main_image>
<rating></rating>
</document>
