<?xml version="1.0" encoding="UTF-8"?>
<document>
<type>mainstream</type>
<forum>http://www.asrar7days.com/rss.html</forum>
<forum_title>أسرار الاسبوع</forum_title>
<discussion_title>العالم الان .. «رايتس ووتش» تتهم الأمم المتحدة بـ«التواطؤ» فى إبعاد لاجئين أفغان من باكستان</discussion_title>
<language>arabic</language>
<gmt_offset></gmt_offset>
<topic_url>http://www.asrar7days.com/world/468040.html</topic_url>
<topic_text>
العالم الان .. «رايتس ووتش» تتهم الأمم المتحدة بـ«التواطؤ» فى إبعاد لاجئين أفغان من باكستان  29 مساءً Sponsored Links 
اسرار الاسبوع اتهمت منظمة هيومن رايتس ووتش فى تقرير نشرته اليوم فى كابول، المفوضية السامية لشئون اللاجئين التابعة للأمم المتحدة بـ«التواطؤ» فى عمليات الإبعاد الجماعية للاجئين الأفغان من باكستان. 
وقالت المنظمة أن أكثر من 500 ألف لاجئ يقيم بعضهم منذ عقود فى باكستان عادوا إلى بلدهم فى النصف الثانى من 2016، فى أغلب الأحيان تحت ضغط الشرطة والسلطات الباكستانية التى انتهكت بذلك حقوقهم. Sponsored Links 
ورأت المنظمة أنه بمضاعفتها التعويض المقدم للذين يعودون من باكستان، من 200 إلى 400 دولار لكل شخص فى يونيو 2016، «تشجع» المفوضية على«إعادة الأفغان إلى بلدهم»، وأصبحت «متواطئة بحكم الأمر الواقع فى انتهاك» حقوقهم بموجب القانون الدولى. 
وأكدت هيومن رايتس ووتش فى التقرير الذى يحمل عنوان «قمع فى باكستان وتواطؤ من الأمم المتحدة: عملية الطرد الواسعة للاجئين الأفغان» أن «المفوضية السامية (للأمم المتحدة) التزمت الصمت فى مواجهة عمليات الطرد على نطاق واسع بدون أن تشير ولو لمرة واحدة إلى أن هؤلاء المبعدين يهربون أولا من تجاوزات الشرطة». وتابعت المنظمة المدافعة عن حقوق الإنسان «بدلا من ذلك، تحدثت (الأمم المتحدة) علنا عن عمليات إعادة طوعية وبمساعدة» للاجئين الأفغان إلى بلدهم. 
وأضافت أنه بين الذين أعيدوا إلى أفغانستان «هناك 360 ألف شخص سجلوا من قبل كلاجئين» لدى المفوضية، وهو ما يعنى للمنظمة «أنها أكبر عملية إعادة قسرية فى العالم فى السنوات الأخيرة». 
إلى ذلك، دخل أكثر من مئتى ألف لاجئ سرى أيضا إلى افغانستان إلا أن مهمة المفوضية السامية للاجئين لا تغطيهم نظريا. وقالت المنظمة إن «هؤلاء عليهم الآن مواجهة دوامة عنف فى افغانستان» البلد الذى يشهد نزاعا ويعانى من غياب الأمن والفقر وقد يتعرضون فيه لعمليات تهجير جديدة.
</topic_text>
<spam_score>0.00</spam_score>
<post_num>1</post_num>
<post_id>post-1</post_id>
<post_url>http://www.asrar7days.com/world/468040.html</post_url>
<post_date>20170213</post_date>
<post_time>2129</post_time>
<username></username>
<post>
العالم الان .. «رايتس ووتش» تتهم الأمم المتحدة بـ«التواطؤ» فى إبعاد لاجئين أفغان من باكستان  29 مساءً Sponsored Links 
اسرار الاسبوع اتهمت منظمة هيومن رايتس ووتش فى تقرير نشرته اليوم فى كابول، المفوضية السامية لشئون اللاجئين التابعة للأمم المتحدة بـ«التواطؤ» فى عمليات الإبعاد الجماعية للاجئين الأفغان من باكستان. 
وقالت المنظمة أن أكثر من 500 ألف لاجئ يقيم بعضهم منذ عقود فى باكستان عادوا إلى بلدهم فى النصف الثانى من 2016، فى أغلب الأحيان تحت ضغط الشرطة والسلطات الباكستانية التى انتهكت بذلك حقوقهم. Sponsored Links 
ورأت المنظمة أنه بمضاعفتها التعويض المقدم للذين يعودون من باكستان، من 200 إلى 400 دولار لكل شخص فى يونيو 2016، «تشجع» المفوضية على«إعادة الأفغان إلى بلدهم»، وأصبحت «متواطئة بحكم الأمر الواقع فى انتهاك» حقوقهم بموجب القانون الدولى. 
وأكدت هيومن رايتس ووتش فى التقرير الذى يحمل عنوان «قمع فى باكستان وتواطؤ من الأمم المتحدة: عملية الطرد الواسعة للاجئين الأفغان» أن «المفوضية السامية (للأمم المتحدة) التزمت الصمت فى مواجهة عمليات الطرد على نطاق واسع بدون أن تشير ولو لمرة واحدة إلى أن هؤلاء المبعدين يهربون أولا من تجاوزات الشرطة». وتابعت المنظمة المدافعة عن حقوق الإنسان «بدلا من ذلك، تحدثت (الأمم المتحدة) علنا عن عمليات إعادة طوعية وبمساعدة» للاجئين الأفغان إلى بلدهم. 
وأضافت أنه بين الذين أعيدوا إلى أفغانستان «هناك 360 ألف شخص سجلوا من قبل كلاجئين» لدى المفوضية، وهو ما يعنى للمنظمة «أنها أكبر عملية إعادة قسرية فى العالم فى السنوات الأخيرة». 
إلى ذلك، دخل أكثر من مئتى ألف لاجئ سرى أيضا إلى افغانستان إلا أن مهمة المفوضية السامية للاجئين لا تغطيهم نظريا. وقالت المنظمة إن «هؤلاء عليهم الآن مواجهة دوامة عنف فى افغانستان» البلد الذى يشهد نزاعا ويعانى من غياب الأمن والفقر وقد يتعرضون فيه لعمليات تهجير جديدة.
</post>
<signature>

</signature>
<external_links>

</external_links>
<country>DE</country>
<main_image>http://www.asrar7days.com/temp/resized/medium_2017-02-13-123b67c7ee.jpg</main_image>
<rating></rating>
</document>
