<?xml version="1.0" encoding="UTF-8"?>
<document>
<type>mainstream</type>
<forum>http://timesunion.com//sports/collectionRss/Sports-Block-States-Homepage-48042.php</forum>
<forum_title>Sports Block States Homepage</forum_title>
<discussion_title>Andre The Giant set for big upcoming documentary on HBO</discussion_title>
<language>english</language>
<gmt_offset></gmt_offset>
<topic_url>http://www.timesunion.com/entertainment/article/Andre-The-Giant-set-for-big-upcoming-documentary-10928845.php</topic_url>
<topic_text>
Photo: Richard Drew, AP Image 1 of / 3   3 FILE - This is a 1988 file photo showing professional wrestler Andre the Giant. HBO Sports, and the Bill Simmons Media Group will produce &quot;Andre The Giant,&quot; a documentary film examining the life and career of one of wrestling&apos;s biggest stars. The film will explore Andre&apos;s upbringing in France, his celebrated career in WWE and his forays in the entertainment world. less FILE - This is a 1988 file photo showing professional wrestler Andre the Giant. HBO Sports, and the Bill Simmons Media Group will produce &quot;Andre The Giant,&quot; a documentary film examining the life and career of ... more Photo: Richard Drew, AP Image 2 of 3 FILE - In this June 26, 1976, file photo, professional wrestler Andre the Giant tosses heavyweight contender Chuck Wepner out of the ring at Shea Stadium New York. HBO Sports, and the Bill Simmons Media Group will produce &quot;Andre The Giant,&quot; a documentary film examining the life and career of one of wrestling&apos;s biggest stars. The film will explore Andre&apos;s upbringing in France, his celebrated career in WWE and his forays in the entertainment world. less FILE - In this June 26, 1976, file photo, professional wrestler Andre the Giant tosses heavyweight contender Chuck Wepner out of the ring at Shea Stadium New York. HBO Sports, and the Bill Simmons Media Group ... more Photo: File, AP Image 3 of 3 FILE - In this May 4, 1976, file photo, heavyweight boxer Chuck Wepner, left, compares fists with professional wrestler Andre The Giant in New York. HBO Sports, and the Bill Simmons Media Group will produce &quot;Andre The Giant,&quot; a documentary film examining the life and career of one of wrestling&apos;s biggest stars. The film will explore Andre&apos;s upbringing in France, his celebrated career in WWE and his forays in the entertainment world. less FILE - In this May 4, 1976, file photo, heavyweight boxer Chuck Wepner, left, compares fists with professional wrestler Andre The Giant in New York. HBO Sports, and the Bill Simmons Media Group will produce ... more Photo: Marty Lederhandler, AP Andre The Giant set for big upcoming documentary on HBO 1  /  3 Back to Gallery The tall tales and colossal career of Andre the Giant will be told in an upcoming HBO documentary.
WWE, HBO Sports and the Bill Simmons Media Group will produce &quot;Andre The Giant,&quot; a documentary film examining the life and career of one of professional wrestling&apos;s truly biggest stars.
Andre Rene Roussimoff , a native of France, was a popular touring attraction for years in wrestling and headlined the third WrestleMania in 1987 against Hulk Hogan .
The wide-ranging documentary will explore Andre&apos;s upbringing in France, his celebrated career in WWE and his forays in the entertainment world that included a role in &quot;The Princess Bride.&quot;
HBO did not announce an air date for the film.
Bill Simmons, who joined HBO in the summer of 2015 and founded The Ringer , will serve as an executive producer of the film.
Andre the Giant was diagnosed with acromegaly, a disorder marked by progressive enlargement of the head, face, hands, feet and chest, due to excessive secretion of growth hormones. He died in 1993 and was the first wrestler inducted into the WWE Hall of Fame.
HBO Sports and WWE have partnered for the first time on the documentary.
&quot;Going back to 2007 and 2008 when I was creating and developing &apos;30 for 30&apos; for ESPN, Andre&apos;s story rode the top of every single sports documentary wish list I ever made,&quot; Simmons said. &quot;We always hear about unicorns these days; Andre was the ultimate unicorn. He&apos;s a true legend. Everyone who ever crossed paths with him has an Andre story — and usually four or five.&quot;
Jason Hehir will direct &quot;Andre the Giant.&quot;
Andre the Giant&apos;s best remembered film role was Fezzik in Rob Reiner &apos;s 1980s classic, &quot;The Princess Bride.&quot;
Roussimoff died of a heart attack at 46 while visiting France to attend his father&apos;s funeral. He was billed in wresting as 7-foot-4 and more than 500 pounds, though he was shorter and lighter than the exaggerated measurements. But he was still an anomaly in professional wrestling, and friends often spread stories that Andre could drink more than 100 beers in one night, flip over cars loaded with people, or pass a silver dollar though one of his rings.
WWE has held the Andre the Giant Memorial Battle Royal in his honor each of the last three years at WrestleMania.
</topic_text>
<spam_score>0.00</spam_score>
<post_num>1</post_num>
<post_id>post-1</post_id>
<post_url>http://www.timesunion.com/entertainment/article/Andre-The-Giant-set-for-big-upcoming-documentary-10928845.php</post_url>
<post_date>20170213</post_date>
<post_time>1607</post_time>
<username>timesunion.com</username>
<post>
Photo: Richard Drew, AP Image 1 of / 3   3 FILE - This is a 1988 file photo showing professional wrestler Andre the Giant. HBO Sports, and the Bill Simmons Media Group will produce &quot;Andre The Giant,&quot; a documentary film examining the life and career of one of wrestling&apos;s biggest stars. The film will explore Andre&apos;s upbringing in France, his celebrated career in WWE and his forays in the entertainment world. less FILE - This is a 1988 file photo showing professional wrestler Andre the Giant. HBO Sports, and the Bill Simmons Media Group will produce &quot;Andre The Giant,&quot; a documentary film examining the life and career of ... more Photo: Richard Drew, AP Image 2 of 3 FILE - In this June 26, 1976, file photo, professional wrestler Andre the Giant tosses heavyweight contender Chuck Wepner out of the ring at Shea Stadium New York. HBO Sports, and the Bill Simmons Media Group will produce &quot;Andre The Giant,&quot; a documentary film examining the life and career of one of wrestling&apos;s biggest stars. The film will explore Andre&apos;s upbringing in France, his celebrated career in WWE and his forays in the entertainment world. less FILE - In this June 26, 1976, file photo, professional wrestler Andre the Giant tosses heavyweight contender Chuck Wepner out of the ring at Shea Stadium New York. HBO Sports, and the Bill Simmons Media Group ... more Photo: File, AP Image 3 of 3 FILE - In this May 4, 1976, file photo, heavyweight boxer Chuck Wepner, left, compares fists with professional wrestler Andre The Giant in New York. HBO Sports, and the Bill Simmons Media Group will produce &quot;Andre The Giant,&quot; a documentary film examining the life and career of one of wrestling&apos;s biggest stars. The film will explore Andre&apos;s upbringing in France, his celebrated career in WWE and his forays in the entertainment world. less FILE - In this May 4, 1976, file photo, heavyweight boxer Chuck Wepner, left, compares fists with professional wrestler Andre The Giant in New York. HBO Sports, and the Bill Simmons Media Group will produce ... more Photo: Marty Lederhandler, AP Andre The Giant set for big upcoming documentary on HBO 1  /  3 Back to Gallery The tall tales and colossal career of Andre the Giant will be told in an upcoming HBO documentary.
WWE, HBO Sports and the Bill Simmons Media Group will produce &quot;Andre The Giant,&quot; a documentary film examining the life and career of one of professional wrestling&apos;s truly biggest stars.
Andre Rene Roussimoff , a native of France, was a popular touring attraction for years in wrestling and headlined the third WrestleMania in 1987 against Hulk Hogan .
The wide-ranging documentary will explore Andre&apos;s upbringing in France, his celebrated career in WWE and his forays in the entertainment world that included a role in &quot;The Princess Bride.&quot;
HBO did not announce an air date for the film.
Bill Simmons, who joined HBO in the summer of 2015 and founded The Ringer , will serve as an executive producer of the film.
Andre the Giant was diagnosed with acromegaly, a disorder marked by progressive enlargement of the head, face, hands, feet and chest, due to excessive secretion of growth hormones. He died in 1993 and was the first wrestler inducted into the WWE Hall of Fame.
HBO Sports and WWE have partnered for the first time on the documentary.
&quot;Going back to 2007 and 2008 when I was creating and developing &apos;30 for 30&apos; for ESPN, Andre&apos;s story rode the top of every single sports documentary wish list I ever made,&quot; Simmons said. &quot;We always hear about unicorns these days; Andre was the ultimate unicorn. He&apos;s a true legend. Everyone who ever crossed paths with him has an Andre story — and usually four or five.&quot;
Jason Hehir will direct &quot;Andre the Giant.&quot;
Andre the Giant&apos;s best remembered film role was Fezzik in Rob Reiner &apos;s 1980s classic, &quot;The Princess Bride.&quot;
Roussimoff died of a heart attack at 46 while visiting France to attend his father&apos;s funeral. He was billed in wresting as 7-foot-4 and more than 500 pounds, though he was shorter and lighter than the exaggerated measurements. But he was still an anomaly in professional wrestling, and friends often spread stories that Andre could drink more than 100 beers in one night, flip over cars loaded with people, or pass a silver dollar though one of his rings.
WWE has held the Andre the Giant Memorial Battle Royal in his honor each of the last three years at WrestleMania.
</post>
<signature>

</signature>
<external_links>

</external_links>
<country>US</country>
<main_image>http://ww1.hdnux.com/photos/57/12/46/12364184/3/rawImage.jpg</main_image>
<rating></rating>
</document>
