<?xml version="1.0" encoding="UTF-8"?>
<document>
<type>mainstream</type>
<forum>http://www.ooyuz.com/newsanalysis?term=george w. bush</forum>
<forum_title>george w. bush News Results and Analysis |OOYUZ</forum_title>
<discussion_title>Justice Department Moves To Appeal Order Blocking Trump Travel Ban</discussion_title>
<language>english</language>
<gmt_offset>-6</gmt_offset>
<topic_url>http://www.ooyuz.com/geturl?aid=14801423</topic_url>
<topic_text>
Justice Department lawyers on Saturday filed notice that they will appeal a federal judge’s ruling that blocked President Donald Trump’s immigration order. Speaking about the appeal on Saturday at his private Mar-a-Lago resort in Palm Beach, Florida, Trump said: “We’ll win. For the safety of the country, we’ll win.” The three judges who likely will hear the appeal are Judge William Canby, appointed by President Jimmy Carter; Richard Clifton, appointed by George W. Bush; and Michelle Friedland, a.. Advertisement
</topic_text>
<spam_score>0.00</spam_score>
<post_num>1</post_num>
<post_id>post-1</post_id>
<post_url>http://www.ooyuz.com/geturl?aid=14801423</post_url>
<post_date>20170204</post_date>
<post_time>1923</post_time>
<username>The Huffington Post</username>
<post>
Justice Department lawyers on Saturday filed notice that they will appeal a federal judge’s ruling that blocked President Donald Trump’s immigration order. Speaking about the appeal on Saturday at his private Mar-a-Lago resort in Palm Beach, Florida, Trump said: “We’ll win. For the safety of the country, we’ll win.” The three judges who likely will hear the appeal are Judge William Canby, appointed by President Jimmy Carter; Richard Clifton, appointed by George W. Bush; and Michelle Friedland, a.. Advertisement
</post>
<signature>

</signature>
<external_links>

</external_links>
<country>US</country>
<main_image></main_image>
<rating></rating>
</document>
