<?xml version="1.0" encoding="UTF-8"?>
<document>
<type>mainstream</type>
<forum>http://audioboom.com/boos/everyone.rss</forum>
<forum_title>audioBoom</forum_title>
<discussion_title>Sharks: Keith Jones on San Jose&apos;s playoff chances, Brent Burns&apos; season</discussion_title>
<language>english</language>
<gmt_offset></gmt_offset>
<topic_url>https://audioboom.com/posts/5602607-sharks-keith-jones-on-san-jose-s-playoff-chances-brent-burns-season</topic_url>
<topic_text>
Sorry, your browser isn&apos;t supported by audioBoom. Please try one of our supported browsers.
</topic_text>
<spam_score>0.00</spam_score>
<post_num>1</post_num>
<post_id>post-1</post_id>
<post_url>https://audioboom.com/posts/5602607-sharks-keith-jones-on-san-jose-s-playoff-chances-brent-burns-season</post_url>
<post_date>20170213</post_date>
<post_time>1935</post_time>
<username>The Sharks Insider Podcast</username>
<post>
Sorry, your browser isn&apos;t supported by audioBoom. Please try one of our supported browsers.
</post>
<signature>

</signature>
<external_links>

</external_links>
<country>GB</country>
<main_image>https://d15mj6e6qmt1na.cloudfront.net/i/26894373</main_image>
<rating></rating>
</document>
