<?xml version="1.0" encoding="UTF-8"?>
<document>
<type>mainstream</type>
<forum>http://www.sampleaday.com/feed</forum>
<forum_title>Free Samples By Mail – No Catch No Surveys</forum_title>
<discussion_title>Free Sample Copy Of Dates On A Dime</discussion_title>
<language>english</language>
<gmt_offset></gmt_offset>
<topic_url>http://sampleaday.com/2017/02/free-sample-copy-of-dates-on-a-dime.html</topic_url>
<topic_text>
Posted on Monday, February 13th, 2017 at 1:18 pm Sponsored Links 
Dating is fun, but it can be expensive. This freebie can help you save loads of money while still having a great time. 
FamilyLife is holding a contest. Enter and you can win a getaway. But, even if you don’t win the getaway, you’ll still be a winner because everyone who enters will receive a copy of Dates on a Dime. It’s a 100 page book full of creative ideas and money-saving tips for going on awesome dates that won’t break the bank. Sounds like a win-win to us! You have through February 28, 2017 to enter and get your free book. Good luck!
</topic_text>
<spam_score>0.00</spam_score>
<post_num>1</post_num>
<post_id>post-1</post_id>
<post_url>http://sampleaday.com/2017/02/free-sample-copy-of-dates-on-a-dime.html</post_url>
<post_date>20170213</post_date>
<post_time>1818</post_time>
<username>Val</username>
<post>
Posted on Monday, February 13th, 2017 at 1:18 pm Sponsored Links 
Dating is fun, but it can be expensive. This freebie can help you save loads of money while still having a great time. 
FamilyLife is holding a contest. Enter and you can win a getaway. But, even if you don’t win the getaway, you’ll still be a winner because everyone who enters will receive a copy of Dates on a Dime. It’s a 100 page book full of creative ideas and money-saving tips for going on awesome dates that won’t break the bank. Sounds like a win-win to us! You have through February 28, 2017 to enter and get your free book. Good luck!
</post>
<signature>

</signature>
<external_links>

</external_links>
<country>US</country>
<main_image></main_image>
<rating></rating>
</document>
