<?xml version="1.0" encoding="UTF-8"?>
<document>
<type>mainstream</type>
<forum>http://www.prnewswire.com/rss/rss/financial-services/financing-agreements-news.rss</forum>
<forum_title>PR Newswire:</forum_title>
<discussion_title>GOL discloses its preliminary traffic figures for January 2017</discussion_title>
<language>english</language>
<gmt_offset></gmt_offset>
<topic_url>http://www.prnewswire.com/news-releases/gol-discloses-its-preliminary-traffic-figures-for-january-2017-300406491.html</topic_url>
<topic_text>
GOL discloses its preliminary traffic figures for January 2017 News provided by Feb 13, 2017, 16:31 ET Share this article SAO PAULO , Feb. 13, 2017 /PRNewswire/ -- GOL Linhas Aereas Inteligentes S.A. (&quot;GLAI&quot;), (BM&amp;FBOVESPA: GOLL4 and NYSE: GOL ) , Brazil&apos;s largest air transportation and travel services group, announces today preliminary air traffic figures for the month of January, 2017. Comparisons refer to the same period of 2016. GOL&apos;s Highlights The volume of departures in the total system fell 17.0%, while the number of seats recorded a 16.5% decline in January, resulting in a 3.2% reduction in the total supply. In the domestic market, GOL reduced its supply by 2.5% in January over the same period the year before. Domestic demand reduced 1.0% in the month, reaching a load factor of 83.6%, 1.3 p.p. up on January 2016 . In January, GOL&apos;s international market supply and demand fell by 8.8% and 10.3%, respectively, with load factor of 79.7%, which represents a decrease of 1.3 p.p. in relation to the same period of 2016. For further information visit www.voegol.com.br/ir CONTACTS INVESTOR RELATIONS Phone: +55 (11) 2128-4700 E-mail: CORPORATE COMMUNICATIONS Phone: +55 (11) 2128-4183 E-mail: To view the original version on PR Newswire, visit: http://www.prnewswire.com/news-releases/gol-discloses-its-preliminary-traffic-figures-for-january-2017-300406491.html SOURCE GOL Linhas Aereas Inteligentes S.A. Related Links
</topic_text>
<spam_score>0.00</spam_score>
<post_num>1</post_num>
<post_id>post-1</post_id>
<post_url>http://www.prnewswire.com/news-releases/gol-discloses-its-preliminary-traffic-figures-for-january-2017-300406491.html</post_url>
<post_date>20170213</post_date>
<post_time>2131</post_time>
<username></username>
<post>
GOL discloses its preliminary traffic figures for January 2017 News provided by Feb 13, 2017, 16:31 ET Share this article SAO PAULO , Feb. 13, 2017 /PRNewswire/ -- GOL Linhas Aereas Inteligentes S.A. (&quot;GLAI&quot;), (BM&amp;FBOVESPA: GOLL4 and NYSE: GOL ) , Brazil&apos;s largest air transportation and travel services group, announces today preliminary air traffic figures for the month of January, 2017. Comparisons refer to the same period of 2016. GOL&apos;s Highlights The volume of departures in the total system fell 17.0%, while the number of seats recorded a 16.5% decline in January, resulting in a 3.2% reduction in the total supply. In the domestic market, GOL reduced its supply by 2.5% in January over the same period the year before. Domestic demand reduced 1.0% in the month, reaching a load factor of 83.6%, 1.3 p.p. up on January 2016 . In January, GOL&apos;s international market supply and demand fell by 8.8% and 10.3%, respectively, with load factor of 79.7%, which represents a decrease of 1.3 p.p. in relation to the same period of 2016. For further information visit www.voegol.com.br/ir CONTACTS INVESTOR RELATIONS Phone: +55 (11) 2128-4700 E-mail: CORPORATE COMMUNICATIONS Phone: +55 (11) 2128-4183 E-mail: To view the original version on PR Newswire, visit: http://www.prnewswire.com/news-releases/gol-discloses-its-preliminary-traffic-figures-for-january-2017-300406491.html SOURCE GOL Linhas Aereas Inteligentes S.A. Related Links
</post>
<signature>

</signature>
<external_links>

</external_links>
<country>US</country>
<main_image>http://content.prnewswire.com/images/prn_facebook_sharing_logo.jpg  </main_image>
<rating></rating>
</document>
