<?xml version="1.0" encoding="UTF-8"?>
<document>
<type>mainstream</type>
<forum>http://kuer.org//rss.xml</forum>
<forum_title>KUER 90.1, NPR Utah</forum_title>
<discussion_title>School District In Canada Cancels Trips To U.S., Citing Border Policies, Safety</discussion_title>
<language>english</language>
<gmt_offset></gmt_offset>
<topic_url>http://kuer.org/post/school-district-canada-cancels-trips-us-citing-border-policies-safety</topic_url>
<topic_text>
By Bill Chappell • 1 hour ago 
Saying it won&apos;t risk having to leave any students at the border because of new U.S. policies, a public school district in Windsor, Ontario, has canceled upcoming school trips south of the border. Some trips had been slated for this month; a visit to Washington, D.C., was canceled over safety concerns owing to a protest that&apos;s planned around the same time, officials say. 
The decision was made out of caution, says the Greater Essex County District School Board, which cites uncertainty over President Trump&apos;s immigration and travel ban that targets citizens of seven majority-Muslim nations. While that ban has been put on hold by federal courts, legal arguments over it are still working through the judicial system. 
&quot;We are just not completely clear on what might happen should a student&apos;s documentation be questioned and we would not want any of our students being denied entry,&quot; school board spokesman Scott Scantlebury says. 
The directive isn&apos;t permanent and will be reviewed at the end of February. 
&quot;We hope that by the end of the month we have a better, clearer idea of the situation so that these field trips can resume,&quot; Scantlebury says. 
With 71 schools and around 35,000 students, the Greater Essex County District includes both Essex County and Windsor, the Canadian city that sits just across the Detroit River from downtown Detroit. 
Citing a school board trustee, the CBC reports, &quot;many Syrian children who could potentially get banned from crossing the border have started attending schools in the area.&quot; 
Some of the Canadian classes had planned to make the short trip to the Holocaust Memorial Center in Farmington Hills, Mich., the Windsor Star reports . 
And at the district&apos;s W.F. Herman Academy, students who play in the school&apos;s concert bands were &quot;very disappointed&quot; to learn the board had canceled their trip to Washington for a music festival in April, the Star adds. In blocking the visit, the board said a large rally and protest that is slated to overlap with the multiday festival could create an unsafe environment for the students. 
The school district&apos;s travel ban on visits to the U.S. comes days after a Canadian college athlete who has Moroccan roots was refused entry to the U.S. as his track team traveled for a meet in Boston. Copyright 2017 NPR. To see more, visit NPR . © 2017 KUER
</topic_text>
<spam_score>0.00</spam_score>
<post_num>1</post_num>
<post_id>post-1</post_id>
<post_url>http://kuer.org/post/school-district-canada-cancels-trips-us-citing-border-policies-safety</post_url>
<post_date>20170213</post_date>
<post_time>1958</post_time>
<username>Bill Chappell</username>
<post>
By Bill Chappell • 1 hour ago 
Saying it won&apos;t risk having to leave any students at the border because of new U.S. policies, a public school district in Windsor, Ontario, has canceled upcoming school trips south of the border. Some trips had been slated for this month; a visit to Washington, D.C., was canceled over safety concerns owing to a protest that&apos;s planned around the same time, officials say. 
The decision was made out of caution, says the Greater Essex County District School Board, which cites uncertainty over President Trump&apos;s immigration and travel ban that targets citizens of seven majority-Muslim nations. While that ban has been put on hold by federal courts, legal arguments over it are still working through the judicial system. 
&quot;We are just not completely clear on what might happen should a student&apos;s documentation be questioned and we would not want any of our students being denied entry,&quot; school board spokesman Scott Scantlebury says. 
The directive isn&apos;t permanent and will be reviewed at the end of February. 
&quot;We hope that by the end of the month we have a better, clearer idea of the situation so that these field trips can resume,&quot; Scantlebury says. 
With 71 schools and around 35,000 students, the Greater Essex County District includes both Essex County and Windsor, the Canadian city that sits just across the Detroit River from downtown Detroit. 
Citing a school board trustee, the CBC reports, &quot;many Syrian children who could potentially get banned from crossing the border have started attending schools in the area.&quot; 
Some of the Canadian classes had planned to make the short trip to the Holocaust Memorial Center in Farmington Hills, Mich., the Windsor Star reports . 
And at the district&apos;s W.F. Herman Academy, students who play in the school&apos;s concert bands were &quot;very disappointed&quot; to learn the board had canceled their trip to Washington for a music festival in April, the Star adds. In blocking the visit, the board said a large rally and protest that is slated to overlap with the multiday festival could create an unsafe environment for the students. 
The school district&apos;s travel ban on visits to the U.S. comes days after a Canadian college athlete who has Moroccan roots was refused entry to the U.S. as his track team traveled for a meet in Boston. Copyright 2017 NPR. To see more, visit NPR . © 2017 KUER
</post>
<signature>

</signature>
<external_links>

</external_links>
<country>US</country>
<main_image></main_image>
<rating></rating>
</document>
