<?xml version="1.0" encoding="UTF-8"?>
<document>
<type>mainstream</type>
<forum>http://www.radiobremen.de/feed/rss/index100.xml</forum>
<forum_title>Startseite Bremen Eins</forum_title>
<discussion_title>Sonntag aus Bremerhaven: Eislaufspaß, neue Lehrer und komische Mannschaftsnamen</discussion_title>
<language>german</language>
<gmt_offset></gmt_offset>
<topic_url>http://www.radiobremen.de/bremeneins/sendungen/sonntag-aus-bremerhaven/sendung1114.html</topic_url>
<topic_text>
12. Februar 2017, 12:03 Uhr Sonntag aus Bremerhaven Eislaufspaß, neue Lehrer und komische Mannschaftsnamen 
Eine Freiluft-Eislaufbahn für das Schaufenster Fischereihafen. Das gab es noch nie. An diesem Wochenende konnten sich vor allem die Kleinen über die spontane Idee freuen. Außerdem wurden die neuen Lehrer in Bremerhaven begrüßt und wir haben uns mal mit den komischen Namen der beiden großen Bremerhavener Sportmannschaften beschäftigt. Dazu spielte Moderatorin Britta Uphoff die größten Hits aller Zeiten. Audio: Eislaufbahn in Bremerhaven Infos Spontane Idee machte viele Bremerhavener glücklich 
400 Quadratmeter groß ist die Natureisbahn. Die Zutaten: 80 Meter Kantholz, eine riesige Plane, 6,3 Tonnen Brucheis und viel Wasser. Organisator Marco Schilling von der Werbegemeinschaft Schaufenster Fischereihafen hatte spontan die Idee die Eisbahn zu bauen. Er trat mit zwei Kolleginnen in Aktion und schraubte und bastelte alles eigenhändig zusammen. 
Insgesamt 14 Stunden pro Tag an vier Tagen haben die Drei an dem Projekt gearbeitet. Und es hat sich gelohnt. Die Idee kam bei den Kindern und Erwachsenen gut an. Erst am Sonntag wurde die Eisbahn auch für Erwachsene frei gegeben. Vorher war der eisige Spaß nur für die Kinder. So viele Nachwuchslehrer wie noch nie in Bremerhaven Audio: Referendare in Bremerhaven Infos 
&quot;Viele von Ihnen werden einen Schreck bekommen haben, als ihnen Bremerhaven zugewiesen wurde.&quot; So werden angehende Lehrer in Bremerhaven begrüßt. Abschrecken lassen sich die Referendare aber nicht: Noch nie gab es so viele neue Nachwuchslehrer. Und die wurden mit Pellkartoffeln in der Stadt begrüßt. Mit dabei war unser Reporter Bastian Demann. Eisbären ohne Eis und falsche Pinguins Audio: Eisbären ohne Eis und falsche Pinguins Infos 
Die Stadt Bremerhaven hat zwei große Sportmannschaften. Die &quot;Eisbären Bremerhaven&quot; werfen Körbe auf dem Basketballfeld und die &quot;Fischtown Pinguins&quot; schlittern in der ersten Deutschen Eishockey Liga übers Eis. Doch was hat es mit den Vereinsnamen eigentlich auf sich? Warum haben die so komische Namen? Und: Können die Menschen die Mannschaften überhaupt auseinanderhalten? Unsere Reporterin Sina Derezynski hat da mal nachgehakt. Kalender
</topic_text>
<spam_score>0.00</spam_score>
<post_num>1</post_num>
<post_id>post-1</post_id>
<post_url>http://www.radiobremen.de/bremeneins/sendungen/sonntag-aus-bremerhaven/sendung1114.html</post_url>
<post_date>20170213</post_date>
<post_time>0000</post_time>
<username></username>
<post>
12. Februar 2017, 12:03 Uhr Sonntag aus Bremerhaven Eislaufspaß, neue Lehrer und komische Mannschaftsnamen 
Eine Freiluft-Eislaufbahn für das Schaufenster Fischereihafen. Das gab es noch nie. An diesem Wochenende konnten sich vor allem die Kleinen über die spontane Idee freuen. Außerdem wurden die neuen Lehrer in Bremerhaven begrüßt und wir haben uns mal mit den komischen Namen der beiden großen Bremerhavener Sportmannschaften beschäftigt. Dazu spielte Moderatorin Britta Uphoff die größten Hits aller Zeiten. Audio: Eislaufbahn in Bremerhaven Infos Spontane Idee machte viele Bremerhavener glücklich 
400 Quadratmeter groß ist die Natureisbahn. Die Zutaten: 80 Meter Kantholz, eine riesige Plane, 6,3 Tonnen Brucheis und viel Wasser. Organisator Marco Schilling von der Werbegemeinschaft Schaufenster Fischereihafen hatte spontan die Idee die Eisbahn zu bauen. Er trat mit zwei Kolleginnen in Aktion und schraubte und bastelte alles eigenhändig zusammen. 
Insgesamt 14 Stunden pro Tag an vier Tagen haben die Drei an dem Projekt gearbeitet. Und es hat sich gelohnt. Die Idee kam bei den Kindern und Erwachsenen gut an. Erst am Sonntag wurde die Eisbahn auch für Erwachsene frei gegeben. Vorher war der eisige Spaß nur für die Kinder. So viele Nachwuchslehrer wie noch nie in Bremerhaven Audio: Referendare in Bremerhaven Infos 
&quot;Viele von Ihnen werden einen Schreck bekommen haben, als ihnen Bremerhaven zugewiesen wurde.&quot; So werden angehende Lehrer in Bremerhaven begrüßt. Abschrecken lassen sich die Referendare aber nicht: Noch nie gab es so viele neue Nachwuchslehrer. Und die wurden mit Pellkartoffeln in der Stadt begrüßt. Mit dabei war unser Reporter Bastian Demann. Eisbären ohne Eis und falsche Pinguins Audio: Eisbären ohne Eis und falsche Pinguins Infos 
Die Stadt Bremerhaven hat zwei große Sportmannschaften. Die &quot;Eisbären Bremerhaven&quot; werfen Körbe auf dem Basketballfeld und die &quot;Fischtown Pinguins&quot; schlittern in der ersten Deutschen Eishockey Liga übers Eis. Doch was hat es mit den Vereinsnamen eigentlich auf sich? Warum haben die so komische Namen? Und: Können die Menschen die Mannschaften überhaupt auseinanderhalten? Unsere Reporterin Sina Derezynski hat da mal nachgehakt. Kalender
</post>
<signature>

</signature>
<external_links>

</external_links>
<country>DE</country>
<main_image>http://www.radiobremen.de/bremeneins/sendungen/eislaufbahn-bremerhaven100_v-mobil4x3x800.jpg</main_image>
<rating></rating>
</document>
