<?xml version="1.0" encoding="UTF-8"?>
<document>
<type>mainstream</type>
<forum>http://www.karsmanset.com/rss</forum>
<forum_title>Kars haberleri.com | Kars Haber | Kars Haberleri | Kars Haberler | Kars Gazeteleri | Kars Sarıkamış | Kars resimleri | Kars spor | Ardahan haber | Iğdır haber |</forum_title>
<discussion_title>TSK: &apos;30 DEAŞ terör örgütü mensubu etkisiz hale getirildi&apos;</discussion_title>
<language>turkish</language>
<gmt_offset></gmt_offset>
<topic_url>http://www.karsmanset.com/haber/tsk-30-deas-teror-orgutu-mensubu-etkisiz-hale-getirildi-37874.htm</topic_url>
<topic_text>
Ana Sayfa » TÜRKİYE GÜNDEM 13.02.2017 10:15 Türk Silahlı Kuvvetleri (TSK), Fırat Kalkanı Harekatı kapsamında icra edilen hava harekatı ve meydana gelen çatışmalarda, toplam 30 DEAŞ terör örgütü mensubunun etkisiz hale getirildiğini bildirdi. 
TSK, DEAŞ başta olmak üzere terör örgütlerinin yarattığı tehdidi bertaraf ederek hudut güvenliğimizi artırmak ve Koalisyon Güçlerine destek vermek maksadıyla; 24 Ağustos 2016 tarihinde başlatılan Fırat Kalkanı Harekatı’nın 174’üncü günü 13 Şubat 2017 saat 07.00’ye kadar meydana gelen gelişmelerle ilgili açıklama yayımladı.Muhalif unsurlardan oluşan Özel Görev Kuvvet Grupları tarafından, karadan ve havadan sağlanan yoğun ateş desteği ile planlı harekatın icrasının devam ettiğinin belirtildiği açıklamada, şu ifadeler yer aldı: 
“Kara Kuvvetleri Komutanlığı bünyesindeki topçu ve diğer ateş destek vasıtaları ile 143 DEAŞ terör örgütü hedefine atış yapılarak, barınma yerleri, savunma mevzileri, komuta kontrol tesisleri, silah ve araçları baskı altına alınmış; Hava Kuvvetlerimize ait uçaklar tarafından da 51 DEAŞ terör örgütü hedefine yönelik düzenlenen hava harekatları sonucunda, teröristlerin barınma maksatlı kullandığı 51 bina imha edilmiştir.Yapılan topçu atışları, icra edilen hava harekatı ve meydana gelen çatışmalarda toplam 30 DEAŞ terör örgütü mensubu etkisiz hale getirilmiştir. 
Terör örgütleri tarafından kullanılan ve hudut bölgemizde güvenlik riski doğuran Suriye kuzeyinde, icra edilen koalisyon harekâtına destek veren Türk Silahlı Kuvvetleri, bölgede yaşayan sivil halkın zarar görmemesi için her türlü tedbiri almakta ve bu konuda azami hassasiyet göstermektedir.”
</topic_text>
<spam_score>0.00</spam_score>
<post_num>1</post_num>
<post_id>post-1</post_id>
<post_url>http://www.karsmanset.com/haber/tsk-30-deas-teror-orgutu-mensubu-etkisiz-hale-getirildi-37874.htm</post_url>
<post_date>20170213</post_date>
<post_time>0715</post_time>
<username></username>
<post>
Ana Sayfa » TÜRKİYE GÜNDEM 13.02.2017 10:15 Türk Silahlı Kuvvetleri (TSK), Fırat Kalkanı Harekatı kapsamında icra edilen hava harekatı ve meydana gelen çatışmalarda, toplam 30 DEAŞ terör örgütü mensubunun etkisiz hale getirildiğini bildirdi. 
TSK, DEAŞ başta olmak üzere terör örgütlerinin yarattığı tehdidi bertaraf ederek hudut güvenliğimizi artırmak ve Koalisyon Güçlerine destek vermek maksadıyla; 24 Ağustos 2016 tarihinde başlatılan Fırat Kalkanı Harekatı’nın 174’üncü günü 13 Şubat 2017 saat 07.00’ye kadar meydana gelen gelişmelerle ilgili açıklama yayımladı.Muhalif unsurlardan oluşan Özel Görev Kuvvet Grupları tarafından, karadan ve havadan sağlanan yoğun ateş desteği ile planlı harekatın icrasının devam ettiğinin belirtildiği açıklamada, şu ifadeler yer aldı: 
“Kara Kuvvetleri Komutanlığı bünyesindeki topçu ve diğer ateş destek vasıtaları ile 143 DEAŞ terör örgütü hedefine atış yapılarak, barınma yerleri, savunma mevzileri, komuta kontrol tesisleri, silah ve araçları baskı altına alınmış; Hava Kuvvetlerimize ait uçaklar tarafından da 51 DEAŞ terör örgütü hedefine yönelik düzenlenen hava harekatları sonucunda, teröristlerin barınma maksatlı kullandığı 51 bina imha edilmiştir.Yapılan topçu atışları, icra edilen hava harekatı ve meydana gelen çatışmalarda toplam 30 DEAŞ terör örgütü mensubu etkisiz hale getirilmiştir. 
Terör örgütleri tarafından kullanılan ve hudut bölgemizde güvenlik riski doğuran Suriye kuzeyinde, icra edilen koalisyon harekâtına destek veren Türk Silahlı Kuvvetleri, bölgede yaşayan sivil halkın zarar görmemesi için her türlü tedbiri almakta ve bu konuda azami hassasiyet göstermektedir.”
</post>
<signature>

</signature>
<external_links>

</external_links>
<country></country>
<main_image>http://d.karsmanset.com/news/60783.jpg</main_image>
<rating></rating>
</document>
