<?xml version="1.0" encoding="UTF-8"?>
<document>
<type>mainstream</type>
<forum>http://rssfeeds.13newsnow.com/_/20/109568552/wvec/local</forum>
<forum_title>WVEC - Local</forum_title>
<discussion_title>Woman blames dog&apos;s death on United Air</discussion_title>
<language>english</language>
<gmt_offset></gmt_offset>
<topic_url>http://rssfeeds.13newsnow.com/_/20/109568552/wvec/http&amp;#x3a;&amp;#x2f;&amp;#x2f;www&amp;#x2e;13newsnow&amp;#x2e;com&amp;#x2f;news&amp;#x2f;local&amp;#x2f;bend-woman-blames-dogs-death-after-flight-on-united&amp;#x2f;407994533</topic_url>
<topic_text>
Dog dies shortly after flight; owner blames United Airlines Jeff Thompson, KGW 2:57   (Photo: Kathleen Considine via Facebook)   
PORTLAND, Ore. -- A Bend woman says her dog died shortly after a United Airlines flight from Detroit to Portland, and she blames the airline for his death. 
&quot;The word needs to get out that airline travel is UNSAFE for dogs. They are treated like baggage instead of loyal, loving family members.&quot; Kathleen Considine posted on her Facebook page Friday evening. 
She says her 7-year-old golden retriever Jacob was taken in for a mandatory physical less than a day before the trip and shown to have no health problems. But then after two flights, an unexpected, extended layover and a three-hour drive to Bend, he stopped breathing. 
Hi friends, I&apos;m asking all DOG LOVER&apos;S to please read and SHARE this post. The word needs to get out that airline travel... Posted by Kathleen Considine on Friday, February 10, 2017 
She explained in her Facebook post that Jacob was supposed to have a one-hour layover in Chicago, but he ended up spending 20 hours in a kennel. And she said the airline did not allow her mother to send food with Jacob due to the short duration of the planned trip. 
&quot;When Jacob finally arrived in Portland, he was disoriented and non-responsive. The United agent said the airline may have given him medication, but he didn&apos;t know,&quot; she said. &quot;The airline DOES NOT HAVE THE RIGHT to give medication, especially without telling us what, when, or why.&quot; 
KGW has reached out to United for a comment but has not heard back. The airline gave the following statement to Local 4 News in Detroit : We were deeply saddened to hear of Jacob&apos;s passing after we returned him to the care of his owner. Our PetSafe team is committed to the safety and comfort of all the pets that travel with us. We worked to ensure Jacob&apos;s comfort throughout his entire journey and he showed no signs of distress nor behave in a way that would suggest he was unwell while in our care. Though we understand little can ease the grief that accompanies the loss of a pet, we&apos;ve been in touch with Ms. Considine to offer our condolences and discuss this matter further. 
Considine said Jacob &quot;was not the same dog&quot; when he arrived in Portland, and she sought emergency care when they got to Bend. 
&quot;After rushing Jacob to the emergency vet when his breathing became scarce, he was pronounced dead after 8 min of CPR,&quot; she said. &quot;His stomach flipped due to the stress of his journey that was 20 hours longer than expected, and suffocated his organs.&quot; 
She claims in her post that the airline has been unresponsive thus far and has not assumed any responsibility for his death. With no other recourse, she took to Facebook. 
&quot;Nothing will bring my baby back, but I am asking everyone to please share this post so nobody else has to go through this terrible tragedy,&quot; she said. &quot;My heart is broken and I never want this to happen to another dog parent. 
&quot;Rest in peace, my sweet polar bear. I love you forever.&quot; 
(© 2017 KGW)
</topic_text>
<spam_score>0.00</spam_score>
<post_num>1</post_num>
<post_id>post-1</post_id>
<post_url>http://rssfeeds.13newsnow.com/_/20/109568552/wvec/http&amp;#x3a;&amp;#x2f;&amp;#x2f;www&amp;#x2e;13newsnow&amp;#x2e;com&amp;#x2f;news&amp;#x2f;local&amp;#x2f;bend-woman-blames-dogs-death-after-flight-on-united&amp;#x2f;407994533</post_url>
<post_date>20170213</post_date>
<post_time>1957</post_time>
<username>Jeff Thompson</username>
<post>
Dog dies shortly after flight; owner blames United Airlines Jeff Thompson, KGW 2:57   (Photo: Kathleen Considine via Facebook)   
PORTLAND, Ore. -- A Bend woman says her dog died shortly after a United Airlines flight from Detroit to Portland, and she blames the airline for his death. 
&quot;The word needs to get out that airline travel is UNSAFE for dogs. They are treated like baggage instead of loyal, loving family members.&quot; Kathleen Considine posted on her Facebook page Friday evening. 
She says her 7-year-old golden retriever Jacob was taken in for a mandatory physical less than a day before the trip and shown to have no health problems. But then after two flights, an unexpected, extended layover and a three-hour drive to Bend, he stopped breathing. 
Hi friends, I&apos;m asking all DOG LOVER&apos;S to please read and SHARE this post. The word needs to get out that airline travel... Posted by Kathleen Considine on Friday, February 10, 2017 
She explained in her Facebook post that Jacob was supposed to have a one-hour layover in Chicago, but he ended up spending 20 hours in a kennel. And she said the airline did not allow her mother to send food with Jacob due to the short duration of the planned trip. 
&quot;When Jacob finally arrived in Portland, he was disoriented and non-responsive. The United agent said the airline may have given him medication, but he didn&apos;t know,&quot; she said. &quot;The airline DOES NOT HAVE THE RIGHT to give medication, especially without telling us what, when, or why.&quot; 
KGW has reached out to United for a comment but has not heard back. The airline gave the following statement to Local 4 News in Detroit : We were deeply saddened to hear of Jacob&apos;s passing after we returned him to the care of his owner. Our PetSafe team is committed to the safety and comfort of all the pets that travel with us. We worked to ensure Jacob&apos;s comfort throughout his entire journey and he showed no signs of distress nor behave in a way that would suggest he was unwell while in our care. Though we understand little can ease the grief that accompanies the loss of a pet, we&apos;ve been in touch with Ms. Considine to offer our condolences and discuss this matter further. 
Considine said Jacob &quot;was not the same dog&quot; when he arrived in Portland, and she sought emergency care when they got to Bend. 
&quot;After rushing Jacob to the emergency vet when his breathing became scarce, he was pronounced dead after 8 min of CPR,&quot; she said. &quot;His stomach flipped due to the stress of his journey that was 20 hours longer than expected, and suffocated his organs.&quot; 
She claims in her post that the airline has been unresponsive thus far and has not assumed any responsibility for his death. With no other recourse, she took to Facebook. 
&quot;Nothing will bring my baby back, but I am asking everyone to please share this post so nobody else has to go through this terrible tragedy,&quot; she said. &quot;My heart is broken and I never want this to happen to another dog parent. 
&quot;Rest in peace, my sweet polar bear. I love you forever.&quot; 
(© 2017 KGW)
</post>
<signature>

</signature>
<external_links>

</external_links>
<country>US</country>
<main_image>http://content.kgw.com/photo/2017/02/13/Kathleen%20Considine%20and%20Jacob_1487008365582_8504031_ver1.0.JPG</main_image>
<rating></rating>
</document>
