<?xml version="1.0" encoding="UTF-8"?>
<document>
<type>mainstream</type>
<forum>http://kuer.org//rss.xml</forum>
<forum_title>KUER 90.1, NPR Utah</forum_title>
<discussion_title>After Meeting Canadian Prime Minister, Trump Talks Of Tweaking NAFTA</discussion_title>
<language>english</language>
<gmt_offset></gmt_offset>
<topic_url>http://kuer.org/post/after-meeting-canadian-prime-minister-trump-talks-tweaking-nafta</topic_url>
<topic_text>
By Brian Naylor • 29 minutes ago President Trump and Canadian Prime Minister Justin Trudeau participate in a joint news conference in the East Room of the White House on Monday. Mark Wilson / Getty Images 
President Trump says he is looking at &quot;tweaking&quot; portions of the North American Free Trade Agreement that deal with trade between the U.S. and Canada. 
Trump spoke at a brief news conference after meeting with Canadian Prime Minister Justin Trudeau at the White House on Monday. Trump said U.S.-Canada trade is &quot;a much less severe situation&quot; than trade with Mexico. 
Trudeau pointed out that Canada is the largest trading partner of 35 states in the U.S., and that trade between the two countries is responsible &quot;for millions of good paying jobs on both sides of the border.&quot; 
The two leaders also addressed immigration, where their differences are far greater. 
Trump praised Homeland Security Secretary John Kelly, whose department oversees Immigration and Customs Enforcement, and which last week conducted what it termed &quot;targeted enforcement operations&quot; that resulted in 680 arrests. Trump said he promised during the presidential campaign to &quot;get the criminals out, the drug lords, the gang members,&quot; and said, &quot;We&apos;re getting them out.&quot; 
Trudeau said his country, which has accepted nearly 40,000 refugees from Syria in the past year, &quot;has always taken our responsibility toward security very seriously and our allies including the United States understand this focus very well.&quot; 
But, he said, &quot;the last thing Canadians expect is for me to come down and lecture another country on how they choose to govern themselves.&quot; 
He said his role is to govern in a way that reflects Canadians&apos; approach &quot;and be a positive example in the world.&quot; 
Trump also said North Korea, which announced it had launched a ballistic missile over the weekend was a &quot;big, big problem,&quot; and that the U.S. &quot;will deal with that very strongly.&quot; He did not elaborate. Neither of the two U.S. reporters called on during the press conference asked Trump about the launch. Copyright 2017 NPR. To see more, visit http://www.npr.org/. © 2017 KUER
</topic_text>
<spam_score>0.00</spam_score>
<post_num>1</post_num>
<post_id>post-1</post_id>
<post_url>http://kuer.org/post/after-meeting-canadian-prime-minister-trump-talks-tweaking-nafta</post_url>
<post_date>20170213</post_date>
<post_time>2043</post_time>
<username>Brian Naylor</username>
<post>
By Brian Naylor • 29 minutes ago President Trump and Canadian Prime Minister Justin Trudeau participate in a joint news conference in the East Room of the White House on Monday. Mark Wilson / Getty Images 
President Trump says he is looking at &quot;tweaking&quot; portions of the North American Free Trade Agreement that deal with trade between the U.S. and Canada. 
Trump spoke at a brief news conference after meeting with Canadian Prime Minister Justin Trudeau at the White House on Monday. Trump said U.S.-Canada trade is &quot;a much less severe situation&quot; than trade with Mexico. 
Trudeau pointed out that Canada is the largest trading partner of 35 states in the U.S., and that trade between the two countries is responsible &quot;for millions of good paying jobs on both sides of the border.&quot; 
The two leaders also addressed immigration, where their differences are far greater. 
Trump praised Homeland Security Secretary John Kelly, whose department oversees Immigration and Customs Enforcement, and which last week conducted what it termed &quot;targeted enforcement operations&quot; that resulted in 680 arrests. Trump said he promised during the presidential campaign to &quot;get the criminals out, the drug lords, the gang members,&quot; and said, &quot;We&apos;re getting them out.&quot; 
Trudeau said his country, which has accepted nearly 40,000 refugees from Syria in the past year, &quot;has always taken our responsibility toward security very seriously and our allies including the United States understand this focus very well.&quot; 
But, he said, &quot;the last thing Canadians expect is for me to come down and lecture another country on how they choose to govern themselves.&quot; 
He said his role is to govern in a way that reflects Canadians&apos; approach &quot;and be a positive example in the world.&quot; 
Trump also said North Korea, which announced it had launched a ballistic missile over the weekend was a &quot;big, big problem,&quot; and that the U.S. &quot;will deal with that very strongly.&quot; He did not elaborate. Neither of the two U.S. reporters called on during the press conference asked Trump about the launch. Copyright 2017 NPR. To see more, visit http://www.npr.org/. © 2017 KUER
</post>
<signature>

</signature>
<external_links>

</external_links>
<country>US</country>
<main_image>http://mediad.publicbroadcasting.net/p/shared/npr/styles/medium/nprshared/201702/515039652.jpg</main_image>
<rating></rating>
</document>
