<?xml version="1.0" encoding="UTF-8"?>
<document>
<type>mainstream</type>
<forum>http://conservativeangle.com/feed/</forum>
<forum_title>Conservative Angle</forum_title>
<discussion_title>Celebrate Hannah Jeter’s Baby News With Her Greatest Photos</discussion_title>
<language>english</language>
<gmt_offset></gmt_offset>
<topic_url>http://smokeroom.com/2017/02/13/celebrate-hannah-jeters-baby-news-with-her-greatest-photos/</topic_url>
<topic_text>
Comment on this Article Via Your Facebook Account Comment on this Article Via Your Disqus Account Follow Us on Facebook!
</topic_text>
<spam_score>0.00</spam_score>
<post_num>1</post_num>
<post_id>post-1</post_id>
<post_url>http://smokeroom.com/2017/02/13/celebrate-hannah-jeters-baby-news-with-her-greatest-photos/</post_url>
<post_date>20170213</post_date>
<post_time>2111</post_time>
<username>EdJenner</username>
<post>
Comment on this Article Via Your Facebook Account Comment on this Article Via Your Disqus Account Follow Us on Facebook!
</post>
<signature>

</signature>
<external_links>

</external_links>
<country>US</country>
<main_image>http://conservativeangle.com/wp-content/uploads/2016/10/Conservative-Angle-Logo.jpg</main_image>
<rating></rating>
</document>
