<?xml version="1.0" encoding="UTF-8"?>
<document>
<type>mainstream</type>
<forum>http://thescoopblog.dallasnews.com/index.rss</forum>
<forum_title>Dallas News | index</forum_title>
<discussion_title>When it comes to Canada and trade, Trump seeks only tweaks</discussion_title>
<language>english</language>
<gmt_offset></gmt_offset>
<topic_url>http://www.dallasnews.com/news/politics/2017/02/13/comes-canada-trade-trump-seeks-tweaks</topic_url>
<topic_text>
When it comes to Canada and trade, Trump seeks only tweaks Filed under Politics at Get Daily Dallas News Headlines Sign Up Get Unlimited Digital Access Your first month is less than a dollar. $0.99 for first 4 weeks Subscribe Now 
WASHINGTON -Donald Trump has made his views plain toward Mexico, its &quot;bad hombres&quot; and the terms of a &quot;terrible&quot; trade deal he blames for sucking U.S. factories and jobs south across the border. 
His determination to scrap the North American Free Trade Agreement has also sent shudders in Canada, which depends even more deeply on trade with the United States. 
On Monday, Trump offered assurances that when he looks to the north, he sees a partner, not a threat. He seeks tweaks rather than a drastic overhaul to trade rules. And he wants new bridges, rather than a $15 billion wall from coast to coast. 
&quot;America is deeply fortunate to have a neighbor like Canada. We have before us the opportunity to build even more bridges and bridges of cooperation and bridges of commerce,&quot; Trump said with Prime Minister Justin Trudeau beside him at an East Room news conference. 
U.S. buyers account for 75 percent of Canadian exports. Only 18 percent of U.S. exports end up in Canada. But those figures don&apos;t paint the full picture. Supply chains in the auto industry, in particular, are deeply entwined. 
NAFTA has allowed for a fairly seamless flow across both borders for nearly a quarter-century. Trump wants an extra &apos;F&apos; in NAFTA, and Texans fear that could be foul for the state 
The U.S. trade deficit with Mexico last year - the difference between the value of imports and exports -- was $63.2 billion, compared to just $11.2 billion with Canada, according to the U.S. Census bureau. Unions and left-leaning economists blame such deficits for driving down employment, though there are other ways to look at such deficits. U.S. consumers and businesses benefit from cheaper imports. 
Trump&apos;s threats to shred the trade deal that has driven growth and employment for decades in Canada have fueled trepidation. 
&quot;It is a real concern for many Canadians,&quot; Trudeau said, when asked about Trump&apos;s NAFTA-bashing, &quot;because we know that our economy is very dependent on our bonds, our relationship with the United States. Goods and services do cross the border each way every single day. ...Millions of good jobs on both sides of the border depend on the smooth and easy flow of goods and services and people back and forth across our border.&quot; 
Trump agreed. &quot;We&apos;ll be tweaking it; we&apos;ll be doing certain things that are going to benefit both of our countries. It&apos;s a much less severe situation than what&apos;s taken place on the southern border,&quot; Trump said. 
&quot;I agree with that a hundred percent. We have a very outstanding trade relationship with Canada. We&apos;ll be tweaking it; we&apos;ll be doing certain things that are going to benefit both of our countries. It&apos;s a much less severe situation than what&apos;s taken place on the southern border,&quot; he said. &quot;On the southern, for many, many years, the transaction was not fair to the United States. It was an extremely unfair transaction.&quot; 
Trudeau has chastised Trump for trying to block U.S. entry to refugees. Canada prides itself on a welcoming policy, though he echoed the need for security. On Monday, the prime minister emphasized the economic interdependence. 
&quot;35 U.S. states list Canada as their largest export market and our economies benefit from the over $2 billion in two way trade that takes place every single day,&quot; Trudeau said. &quot;Millions of good, middle-class jobs on both sides of the border depend on this crucial partnership. ...Maintaining strong, economic ties is vital to our mutual success and we - we&apos;re going to work closely together over the coming years so that Canadian and American families can get ahead.&quot; 
Trump refused to answer shouted questions about his embattled national security adviser, Michael Flynn, after revelations that despite repeated denials, he spoke with top Russian officials about easing sanctions before Trump became president. View Comments
</topic_text>
<spam_score>0.00</spam_score>
<post_num>1</post_num>
<post_id>post-1</post_id>
<post_url>http://www.dallasnews.com/news/politics/2017/02/13/comes-canada-trade-trump-seeks-tweaks</post_url>
<post_date>20170213</post_date>
<post_time>2047</post_time>
<username>Todd J. Gillman</username>
<post>
When it comes to Canada and trade, Trump seeks only tweaks Filed under Politics at Get Daily Dallas News Headlines Sign Up Get Unlimited Digital Access Your first month is less than a dollar. $0.99 for first 4 weeks Subscribe Now 
WASHINGTON -Donald Trump has made his views plain toward Mexico, its &quot;bad hombres&quot; and the terms of a &quot;terrible&quot; trade deal he blames for sucking U.S. factories and jobs south across the border. 
His determination to scrap the North American Free Trade Agreement has also sent shudders in Canada, which depends even more deeply on trade with the United States. 
On Monday, Trump offered assurances that when he looks to the north, he sees a partner, not a threat. He seeks tweaks rather than a drastic overhaul to trade rules. And he wants new bridges, rather than a $15 billion wall from coast to coast. 
&quot;America is deeply fortunate to have a neighbor like Canada. We have before us the opportunity to build even more bridges and bridges of cooperation and bridges of commerce,&quot; Trump said with Prime Minister Justin Trudeau beside him at an East Room news conference. 
U.S. buyers account for 75 percent of Canadian exports. Only 18 percent of U.S. exports end up in Canada. But those figures don&apos;t paint the full picture. Supply chains in the auto industry, in particular, are deeply entwined. 
NAFTA has allowed for a fairly seamless flow across both borders for nearly a quarter-century. Trump wants an extra &apos;F&apos; in NAFTA, and Texans fear that could be foul for the state 
The U.S. trade deficit with Mexico last year - the difference between the value of imports and exports -- was $63.2 billion, compared to just $11.2 billion with Canada, according to the U.S. Census bureau. Unions and left-leaning economists blame such deficits for driving down employment, though there are other ways to look at such deficits. U.S. consumers and businesses benefit from cheaper imports. 
Trump&apos;s threats to shred the trade deal that has driven growth and employment for decades in Canada have fueled trepidation. 
&quot;It is a real concern for many Canadians,&quot; Trudeau said, when asked about Trump&apos;s NAFTA-bashing, &quot;because we know that our economy is very dependent on our bonds, our relationship with the United States. Goods and services do cross the border each way every single day. ...Millions of good jobs on both sides of the border depend on the smooth and easy flow of goods and services and people back and forth across our border.&quot; 
Trump agreed. &quot;We&apos;ll be tweaking it; we&apos;ll be doing certain things that are going to benefit both of our countries. It&apos;s a much less severe situation than what&apos;s taken place on the southern border,&quot; Trump said. 
&quot;I agree with that a hundred percent. We have a very outstanding trade relationship with Canada. We&apos;ll be tweaking it; we&apos;ll be doing certain things that are going to benefit both of our countries. It&apos;s a much less severe situation than what&apos;s taken place on the southern border,&quot; he said. &quot;On the southern, for many, many years, the transaction was not fair to the United States. It was an extremely unfair transaction.&quot; 
Trudeau has chastised Trump for trying to block U.S. entry to refugees. Canada prides itself on a welcoming policy, though he echoed the need for security. On Monday, the prime minister emphasized the economic interdependence. 
&quot;35 U.S. states list Canada as their largest export market and our economies benefit from the over $2 billion in two way trade that takes place every single day,&quot; Trudeau said. &quot;Millions of good, middle-class jobs on both sides of the border depend on this crucial partnership. ...Maintaining strong, economic ties is vital to our mutual success and we - we&apos;re going to work closely together over the coming years so that Canadian and American families can get ahead.&quot; 
Trump refused to answer shouted questions about his embattled national security adviser, Michael Flynn, after revelations that despite repeated denials, he spoke with top Russian officials about easing sanctions before Trump became president. View Comments
</post>
<signature>

</signature>
<external_links>

</external_links>
<country>US</country>
<main_image>https://dallasnews.imgix.net/1487018466-TRUMP-TRUDEAU.jpg?w=1200&amp;h=630&amp;format=jpg&amp;crop=faces&amp;fit=crop</main_image>
<rating></rating>
</document>
