<?xml version="1.0" encoding="UTF-8"?>
<document>
<type>mainstream</type>
<forum>http://telegraf.al/rss</forum>
<forum_title>Gazeta Telegraf Me ne dita nis ndryshe</forum_title>
<discussion_title>5 këngëtaret më kopjace</discussion_title>
<language>albanian</language>
<gmt_offset></gmt_offset>
<topic_url>http://telegraf.al/kulture/5-kengetaret-me-kopjace</topic_url>
<topic_text>
5 këngëtaret më kopjace Today Jemi mësuar t’i shohim këngëtaret e njohura shqiptare të veshura me fjalën e fundit të modës. Këto pesë personazhe gjithmonë komentohen për veshjet e tyre nëpër evente të ndryshme apo dhe në videoklipe, por nga vjen i gjithë ky frymëzim. Të ngjashme
</topic_text>
<spam_score>0.00</spam_score>
<post_num>1</post_num>
<post_id>post-1</post_id>
<post_url>http://telegraf.al/kulture/5-kengetaret-me-kopjace</post_url>
<post_date>20170213</post_date>
<post_time>2113</post_time>
<username></username>
<post>
5 këngëtaret më kopjace Today Jemi mësuar t’i shohim këngëtaret e njohura shqiptare të veshura me fjalën e fundit të modës. Këto pesë personazhe gjithmonë komentohen për veshjet e tyre nëpër evente të ndryshme apo dhe në videoklipe, por nga vjen i gjithë ky frymëzim. Të ngjashme
</post>
<signature>

</signature>
<external_links>

</external_links>
<country>AL</country>
<main_image>http://telegraf.al/content/uploads/2017/feb/13/f49b51cb3c98f553c5211e02c24334a4-l-c1200x600.jpg</main_image>
<rating></rating>
</document>
