<?xml version="1.0" encoding="UTF-8"?>
<document>
<type>mainstream</type>
<forum>http://www.wvva.com/Global/category.asp?C=13530&amp;clienttype=rss</forum>
<forum_title>WVVA TV - National - Headline</forum_title>
<discussion_title>Q&amp;A: Wet winter, damage to dam combine to threaten cities</discussion_title>
<language>english</language>
<gmt_offset></gmt_offset>
<topic_url>http://www.wvva.com/story/34493089/qa-wet-winter-damage-to-dam-combine-to-threaten-cities</topic_url>
<topic_text>
Q&amp;A: Wet winter, damage to dam combine to threaten cities - WVVA TV Bluefield Beckley WV News, Weather and Sports Member Center: Q&amp;A: Wet winter, damage to dam combine to threaten cities Posted: Updated: (AP Photo/Rich Pedroncelli). A helicopter kicks up dust as it lands at a staging area near the Oroville Dam on Monday, Feb. 13, 2017, in Oroville, Calif. State officials have discussed using helicopters to drop loads of rock on the damaged emergency sp... (AP Photo/Rich Pedroncelli). This photo shows erosion caused when overflow water cascaded down the emergency spillway of the Oroville Dam, Monday, Feb. 13, 2017, in Oroville, Calif. The water level dropped Monday at the nation&apos;s tallest dam, easing sli... (AP Photo/Rich Pedroncelli, File). FILE - In this file photo taken Thursday, Oct. 30, 2014, houseboats sit in the drought lowered waters of Oroville Lake, near Oroville, Calif. Water levels dropped Monday, Feb. 13, 2017, at California&apos;s Lake Oroville, ...  33  33:28   Updated: Monday, February 13 2017 3:34 PM EST 2017-02-13 20:34:56 GMT A Baltimore man who left his daughter in a hot car on Father&apos;s Day two years ago has been sentenced has been sentenced to eight years in prison for his crimes. More &gt;&gt; A Baltimore man who left his daughter in a hot car on Father&apos;s Day two years ago has been sentenced has been sentenced to eight years in prison for his crimes. More &gt;&gt; By ELLEN KNICKMEYERAssociated Press 
SAN FRANCISCO (AP) - Tens of thousands of people below the tallest U.S. dam evacuated after its damaged emergency spillway threatened to give way and cause massive flooding. 
Here are answers to key questions about problems at Lake Oroville dam in Northern California: 
___ 
WHAT&apos;S AT RISK? 
Failure of the spillway could send uncontrolled torrents of water flooding downstream from Lake Oroville, which filled to capacity after California and other parts of the West saw some of the heaviest rain and snow in decades this winter. 
Authorities say 188,000 people in the Sierra Nevada foothills would be in danger from a 30-foot-high wall of water and ordered evacuations. The Gold Rush-era towns of Oroville, with 16,000 people, and Marysville, with 12,000, are among those that could be inundated. 
Specifically, water managers fear uncontrolled flows would overwhelm the Feather River downstream, which winds through downtown Oroville, and possibly trigger a series of subsequent levee failures. 
___ 
WHAT ARE SPILLWAYS? 
When reservoirs get too full, their operators release extra water down long channels, or spillways, designed to carry it downstream in a safe, controlled way. 
Lake Oroville dam, which holds back California&apos;s second-largest reservoir, has a main concrete spillway that normally is used to release floodwaters into the Feather River downstream. 
A second spillway mainly made of earth serves as an emergency backup. It also was supposed to be able to handle high flows from the dam, but it had never been used before Saturday. 
The force of floodwater from the dam has damaged both spillways. 
___ 
WHAT CAUSED THE THREAT? 
After five years of drought, a wet winter has strained the system at Lake Oroville, which is receiving runoff from melting snow in the Sierra Nevada as well as from the latest in a series of heavy storms. 
Dam operators noticed chunks of concrete in the main spillway last Tuesday. When workers stopped releasing water to investigate, they found that concrete patches the size of football fields had fallen out of the channel. With the reservoir nearing the top of the 770-foot-high dam, dam operators were forced to keep using the main spillway despite increasing damage to it from the rushing water. 
The dam reached capacity Saturday, and dam operators had to use the emergency spillway, too. Operators on Sunday noticed water was gouging a hole in the earthen emergency spillway as well. Fearing that the emergency spillway could fail and send torrents of water rushing downstream uncontrolled, authorities ordered the evacuation Sunday evening. 
___ 
WHAT DOES THIS MEAN FOR CALIFORNIA&apos;S WATER SUPPLY? 
Lake Oroville is the main reservoir of California&apos;s State Water Project, which supplies water for more than half the state&apos;s 39 million residents and for millions of acres of farmland in the leading agricultural state. It&apos;s not clear how damage to the two spillways will affect long-term water releases from the dam. Copyright 2017 The Associated Press. All rights reserved. This material may not be published, broadcast, rewritten or redistributed. Can&apos;t Find Something? 3052 Big Laurel Hwy, Bluefield, WV 24701 Switchboard: 800-227-9882
</topic_text>
<spam_score>0.00</spam_score>
<post_num>1</post_num>
<post_id>post-1</post_id>
<post_url>http://www.wvva.com/story/34493089/qa-wet-winter-damage-to-dam-combine-to-threaten-cities</post_url>
<post_date>20170213</post_date>
<post_time>2124</post_time>
<username></username>
<post>
Q&amp;A: Wet winter, damage to dam combine to threaten cities - WVVA TV Bluefield Beckley WV News, Weather and Sports Member Center: Q&amp;A: Wet winter, damage to dam combine to threaten cities Posted: Updated: (AP Photo/Rich Pedroncelli). A helicopter kicks up dust as it lands at a staging area near the Oroville Dam on Monday, Feb. 13, 2017, in Oroville, Calif. State officials have discussed using helicopters to drop loads of rock on the damaged emergency sp... (AP Photo/Rich Pedroncelli). This photo shows erosion caused when overflow water cascaded down the emergency spillway of the Oroville Dam, Monday, Feb. 13, 2017, in Oroville, Calif. The water level dropped Monday at the nation&apos;s tallest dam, easing sli... (AP Photo/Rich Pedroncelli, File). FILE - In this file photo taken Thursday, Oct. 30, 2014, houseboats sit in the drought lowered waters of Oroville Lake, near Oroville, Calif. Water levels dropped Monday, Feb. 13, 2017, at California&apos;s Lake Oroville, ...  33  33:28   Updated: Monday, February 13 2017 3:34 PM EST 2017-02-13 20:34:56 GMT A Baltimore man who left his daughter in a hot car on Father&apos;s Day two years ago has been sentenced has been sentenced to eight years in prison for his crimes. More &gt;&gt; A Baltimore man who left his daughter in a hot car on Father&apos;s Day two years ago has been sentenced has been sentenced to eight years in prison for his crimes. More &gt;&gt; By ELLEN KNICKMEYERAssociated Press 
SAN FRANCISCO (AP) - Tens of thousands of people below the tallest U.S. dam evacuated after its damaged emergency spillway threatened to give way and cause massive flooding. 
Here are answers to key questions about problems at Lake Oroville dam in Northern California: 
___ 
WHAT&apos;S AT RISK? 
Failure of the spillway could send uncontrolled torrents of water flooding downstream from Lake Oroville, which filled to capacity after California and other parts of the West saw some of the heaviest rain and snow in decades this winter. 
Authorities say 188,000 people in the Sierra Nevada foothills would be in danger from a 30-foot-high wall of water and ordered evacuations. The Gold Rush-era towns of Oroville, with 16,000 people, and Marysville, with 12,000, are among those that could be inundated. 
Specifically, water managers fear uncontrolled flows would overwhelm the Feather River downstream, which winds through downtown Oroville, and possibly trigger a series of subsequent levee failures. 
___ 
WHAT ARE SPILLWAYS? 
When reservoirs get too full, their operators release extra water down long channels, or spillways, designed to carry it downstream in a safe, controlled way. 
Lake Oroville dam, which holds back California&apos;s second-largest reservoir, has a main concrete spillway that normally is used to release floodwaters into the Feather River downstream. 
A second spillway mainly made of earth serves as an emergency backup. It also was supposed to be able to handle high flows from the dam, but it had never been used before Saturday. 
The force of floodwater from the dam has damaged both spillways. 
___ 
WHAT CAUSED THE THREAT? 
After five years of drought, a wet winter has strained the system at Lake Oroville, which is receiving runoff from melting snow in the Sierra Nevada as well as from the latest in a series of heavy storms. 
Dam operators noticed chunks of concrete in the main spillway last Tuesday. When workers stopped releasing water to investigate, they found that concrete patches the size of football fields had fallen out of the channel. With the reservoir nearing the top of the 770-foot-high dam, dam operators were forced to keep using the main spillway despite increasing damage to it from the rushing water. 
The dam reached capacity Saturday, and dam operators had to use the emergency spillway, too. Operators on Sunday noticed water was gouging a hole in the earthen emergency spillway as well. Fearing that the emergency spillway could fail and send torrents of water rushing downstream uncontrolled, authorities ordered the evacuation Sunday evening. 
___ 
WHAT DOES THIS MEAN FOR CALIFORNIA&apos;S WATER SUPPLY? 
Lake Oroville is the main reservoir of California&apos;s State Water Project, which supplies water for more than half the state&apos;s 39 million residents and for millions of acres of farmland in the leading agricultural state. It&apos;s not clear how damage to the two spillways will affect long-term water releases from the dam. Copyright 2017 The Associated Press. All rights reserved. This material may not be published, broadcast, rewritten or redistributed. Can&apos;t Find Something? 3052 Big Laurel Hwy, Bluefield, WV 24701 Switchboard: 800-227-9882
</post>
<signature>

</signature>
<external_links>

</external_links>
<country>US</country>
<main_image>http://images.worldnow.com/AP/images/13123350_G.jpg</main_image>
<rating></rating>
</document>
