<?xml version="1.0" encoding="UTF-8"?>
<document>
<type>mainstream</type>
<forum>http://wek.ru/rss.xml</forum>
<forum_title>Электронная газета «ВЕК»</forum_title>
<discussion_title>Главный пристав России может стать преемником Худилайнена</discussion_title>
<language>russian</language>
<gmt_offset></gmt_offset>
<topic_url>https://wek.ru/glavnyj-pristav-rossii-mozhet-stat-preemnikom-xudilajnena</topic_url>
<topic_text>
Главный пристав России может стать преемником Худилайнена Главный пристав России может стать преемником Худилайнена Опубликовано 13.02.2017 16:35 Возможным преемником Александра Худилайнена на посту главы Карелии может стать руководитель ФССП Артур Парфенчиков. В Кремле информацию не отрицают и не опровергают, а Парфенчиков говорит, что предложение пока не получал. 
Глава президентской пресс-службы Дмитрий Песков пожелал оставить без комментариев сведения о том, что в ближайшие дни Карелия получит временно исполняющего обязанности главы республики в лице Артура Парфенчикова, который ныне занимает должность руководителя Федеральной службы судебных приставов. Песков подчеркнул, что в практике Кремля нет понятия анонсирования кадровых решений президента. Как только глава государства предпримет какую-либо кадровую рокировку, об этом будет официально сообщено. Примечательно, что отрицать скорый уход Худилайнена Песков не стал. 
Сдержанно прокомментировал слухи о своем возможном переводе и сам Парфенчиков. Он подчеркнул, что на данный момент не получал предложения относительно назначения главой Карелии, но сделал при этом немаловажную оговорку, что сведения собеседников РИА Новости «пока не правда». 
Агентство распространило материал о грядущей рокировке в Карелии о ссылкой на источник в Госдуме. По информации последнего, нынешний руководитель республики подаст заявление о добровольном сложении полномочий на нынешней неделе. В том, что исполнять обязанности губернатора до сентябрьских выборов будет именно Парфенчиков, сомнения отсутствуют, утверждает собеседник. 
Имя руководителя ФССП в качестве претендента на руководство Карелией накануне также озвучивал источник РБК в правительстве. По его данным, параллельно изучается также кандидатура главного лесничего страны Ивана Валентика. Одним из преимуществ Парфенчикова собеседник назвал давнее знакомство с Дмитрием Медведевым: нынешние премьер и главный пристав были однокурсниками. Парфенчиков последние 25 лет работает в системе судебных приставов, в том числе последние 8 лет – на посту главы ведомства. 
Отставка Худилайнена неоднократно анонсировалась. Назначенный в 2012 году, карельский губернатор последние годы стабильно находится на последних строчках рейтингов устойчивости и эффективности глав субъектов. В прошлом году Владимир Путин объявил ему выговор за провал работы по расселению жителей ветхих и аварийных домов. Тогда аналитики считали уход главы Карелии вопросом времени, но Худилайнену удалось сохранить должность, несмотря на отсутствие заметных успехов в работе. Информационная служба «Века»
</topic_text>
<spam_score>0.00</spam_score>
<post_num>1</post_num>
<post_id>post-1</post_id>
<post_url>https://wek.ru/glavnyj-pristav-rossii-mozhet-stat-preemnikom-xudilajnena</post_url>
<post_date>20170213</post_date>
<post_time>1335</post_time>
<username></username>
<post>
Главный пристав России может стать преемником Худилайнена Главный пристав России может стать преемником Худилайнена Опубликовано 13.02.2017 16:35 Возможным преемником Александра Худилайнена на посту главы Карелии может стать руководитель ФССП Артур Парфенчиков. В Кремле информацию не отрицают и не опровергают, а Парфенчиков говорит, что предложение пока не получал. 
Глава президентской пресс-службы Дмитрий Песков пожелал оставить без комментариев сведения о том, что в ближайшие дни Карелия получит временно исполняющего обязанности главы республики в лице Артура Парфенчикова, который ныне занимает должность руководителя Федеральной службы судебных приставов. Песков подчеркнул, что в практике Кремля нет понятия анонсирования кадровых решений президента. Как только глава государства предпримет какую-либо кадровую рокировку, об этом будет официально сообщено. Примечательно, что отрицать скорый уход Худилайнена Песков не стал. 
Сдержанно прокомментировал слухи о своем возможном переводе и сам Парфенчиков. Он подчеркнул, что на данный момент не получал предложения относительно назначения главой Карелии, но сделал при этом немаловажную оговорку, что сведения собеседников РИА Новости «пока не правда». 
Агентство распространило материал о грядущей рокировке в Карелии о ссылкой на источник в Госдуме. По информации последнего, нынешний руководитель республики подаст заявление о добровольном сложении полномочий на нынешней неделе. В том, что исполнять обязанности губернатора до сентябрьских выборов будет именно Парфенчиков, сомнения отсутствуют, утверждает собеседник. 
Имя руководителя ФССП в качестве претендента на руководство Карелией накануне также озвучивал источник РБК в правительстве. По его данным, параллельно изучается также кандидатура главного лесничего страны Ивана Валентика. Одним из преимуществ Парфенчикова собеседник назвал давнее знакомство с Дмитрием Медведевым: нынешние премьер и главный пристав были однокурсниками. Парфенчиков последние 25 лет работает в системе судебных приставов, в том числе последние 8 лет – на посту главы ведомства. 
Отставка Худилайнена неоднократно анонсировалась. Назначенный в 2012 году, карельский губернатор последние годы стабильно находится на последних строчках рейтингов устойчивости и эффективности глав субъектов. В прошлом году Владимир Путин объявил ему выговор за провал работы по расселению жителей ветхих и аварийных домов. Тогда аналитики считали уход главы Карелии вопросом времени, но Худилайнену удалось сохранить должность, несмотря на отсутствие заметных успехов в работе. Информационная служба «Века»
</post>
<signature>

</signature>
<external_links>

</external_links>
<country>RU</country>
<main_image>https://wek.ru/i/logo.png</main_image>
<rating></rating>
</document>
