<?xml version="1.0" encoding="UTF-8"?>
<document>
<type>mainstream</type>
<forum>http://kuer.org//rss.xml</forum>
<forum_title>KUER 90.1, NPR Utah</forum_title>
<discussion_title>At Least 32 People Killed In Tour Bus Crash In Taiwan</discussion_title>
<language>english</language>
<gmt_offset></gmt_offset>
<topic_url>http://kuer.org/post/least-32-people-killed-tour-bus-crash-taiwan</topic_url>
<topic_text>
By Merrit Kennedy • 50 minutes ago A bus that crashed along a highway is lifted by a crane on Tuesday in Taipei, Taiwan. Sam Yeh / AFP/Getty Images 
A bus packed with elderly tourists flipped onto its side on a highway exit ramp Monday evening in Taiwan near the capital, Taipei, killing at least 32 people, according to multiple news reports. 
&quot;The passengers, most of whom were senior citizens, were returning home from a tour of cherry blossoms at Wuling Farm in Taichung,&quot; according to Taiwan&apos;s Central News Agency . A total of 44 people reportedly were on board the bus, and all are believed to be Taiwanese. 
The fire department told Reuters that area hospitals were treating 12 people injured in the crash. 
It wasn&apos;t immediately clear what caused the vehicle to crash. 
&quot;It happened on a curve, so the bus flipped and that could be due to excess speed,&quot; Tu Bing-cheng, a Taipei city official, told the AP. &quot;The whole frame of the bus changed shape, got crushed and left no openings.&quot; 
Photos from the scene show a crane attempting to lift the damaged green-and-yellow bus. Others show bodies lying in rows, covered in white cloth. 
Last July, a tour bus carrying visitors from mainland China caught fire, killing all 26 people on board, as The Two-Way reported . An investigation later concluded that the driver was suicidal and lit the fire himself, according to the BBC . 
And just this month, Reuters reports that &quot;another Taiwanese tour bus carrying Chinese tourists crashed into a bridge in southern Taiwan, injuring some passengers.&quot; Copyright 2017 NPR. To see more, visit http://www.npr.org/. © 2017 KUER
</topic_text>
<spam_score>0.00</spam_score>
<post_num>1</post_num>
<post_id>post-1</post_id>
<post_url>http://kuer.org/post/least-32-people-killed-tour-bus-crash-taiwan</post_url>
<post_date>20170213</post_date>
<post_time>2022</post_time>
<username>Merrit Kennedy</username>
<post>
By Merrit Kennedy • 50 minutes ago A bus that crashed along a highway is lifted by a crane on Tuesday in Taipei, Taiwan. Sam Yeh / AFP/Getty Images 
A bus packed with elderly tourists flipped onto its side on a highway exit ramp Monday evening in Taiwan near the capital, Taipei, killing at least 32 people, according to multiple news reports. 
&quot;The passengers, most of whom were senior citizens, were returning home from a tour of cherry blossoms at Wuling Farm in Taichung,&quot; according to Taiwan&apos;s Central News Agency . A total of 44 people reportedly were on board the bus, and all are believed to be Taiwanese. 
The fire department told Reuters that area hospitals were treating 12 people injured in the crash. 
It wasn&apos;t immediately clear what caused the vehicle to crash. 
&quot;It happened on a curve, so the bus flipped and that could be due to excess speed,&quot; Tu Bing-cheng, a Taipei city official, told the AP. &quot;The whole frame of the bus changed shape, got crushed and left no openings.&quot; 
Photos from the scene show a crane attempting to lift the damaged green-and-yellow bus. Others show bodies lying in rows, covered in white cloth. 
Last July, a tour bus carrying visitors from mainland China caught fire, killing all 26 people on board, as The Two-Way reported . An investigation later concluded that the driver was suicidal and lit the fire himself, according to the BBC . 
And just this month, Reuters reports that &quot;another Taiwanese tour bus carrying Chinese tourists crashed into a bridge in southern Taiwan, injuring some passengers.&quot; Copyright 2017 NPR. To see more, visit http://www.npr.org/. © 2017 KUER
</post>
<signature>

</signature>
<external_links>

</external_links>
<country>US</country>
<main_image>http://mediad.publicbroadcasting.net/p/shared/npr/styles/medium/nprshared/201702/515011475.jpg</main_image>
<rating></rating>
</document>
