<?xml version="1.0" encoding="UTF-8"?>
<document>
<type>mainstream</type>
<forum>http://merhabahaber.com/rss/</forum>
<forum_title>Konya Merhaba Gazetesi - Konya Haberleri, Konya&apos;dan son dakika gelişmeleri</forum_title>
<discussion_title>Referandum takvimi Resmi Gazete’de yayımlandı</discussion_title>
<language>turkish</language>
<gmt_offset></gmt_offset>
<topic_url>http://www.merhabahaber.com/referandum-takvimi-resmi-gazetede-yayimlandi-1023480h.htm</topic_url>
<topic_text>
Referandum takvimi Resmi Gazete’de yayımlandı 23:38 13 Şubat 2017 Referandum takvimi Resmi Gazete’de yayımlandı Türkiye Cumhuriyeti Anayasası&apos;nda değişikliğe gidilmesine ilişkin anayasa referandumu ile ilgili seçim takvimi Resmi Gazete&apos;de yayınlandı. A+ A- 
Türkiye Cumhuriyeti Anayasası&apos;nda değişikliğe gidilmesine ilişkin anayasa referandumu ile ilgili seçim takvimi Resmi Gazete&apos;de yayınlandı. 
Resmi Gazete&apos;nin mükerrer sayfasında yayımlanan takvimde, &quot;Yüksek Seçim Kurulunun 11 Şubat 2017 tarih ve 74 sayılı kararı ile anayasa değişikliği halkoylamasının 16 Nisan 2017 Pazar günü yapılması karar altına alınmıştır&quot; denildi. 
Takvime göre seçimin başlangıç tarihi 16 Şubat 2017 Perşembe günü olarak belirlendi. Gümrük kapılarında ve yurt dışı temsilciliklerde oy verme işlemi, 27 Mart 2017 Pazartesi günü başlayacak. 27 Mart Salı günü, siyasi partilerin yararlanacakları miting alanları ile tarih ve saatler belirlenerek, ilan edilecek. 9 Nisan Pazar günü yurt dışı temsilciliklerinde oy verme işlemi sona erecek, propaganda serbestliğinin ve bir kısım yasakların başlangıcı gerçekleşecek, radyo ve televizyon propaganda yasakları başlayacak. 15 Nisan Cumartesi günü saat 18.00 itibariyle propaganda süreci sona erecek. Seçim tarihi olarak belirlenen 16 Nisan Pazar günü saat 00.00 itibariyle seçim yasakları sona erecek. Önceki ve Sonraki Haberler
</topic_text>
<spam_score>0.00</spam_score>
<post_num>1</post_num>
<post_id>post-1</post_id>
<post_url>http://www.merhabahaber.com/referandum-takvimi-resmi-gazetede-yayimlandi-1023480h.htm</post_url>
<post_date>20170213</post_date>
<post_time>2038</post_time>
<username></username>
<post>
Referandum takvimi Resmi Gazete’de yayımlandı 23:38 13 Şubat 2017 Referandum takvimi Resmi Gazete’de yayımlandı Türkiye Cumhuriyeti Anayasası&apos;nda değişikliğe gidilmesine ilişkin anayasa referandumu ile ilgili seçim takvimi Resmi Gazete&apos;de yayınlandı. A+ A- 
Türkiye Cumhuriyeti Anayasası&apos;nda değişikliğe gidilmesine ilişkin anayasa referandumu ile ilgili seçim takvimi Resmi Gazete&apos;de yayınlandı. 
Resmi Gazete&apos;nin mükerrer sayfasında yayımlanan takvimde, &quot;Yüksek Seçim Kurulunun 11 Şubat 2017 tarih ve 74 sayılı kararı ile anayasa değişikliği halkoylamasının 16 Nisan 2017 Pazar günü yapılması karar altına alınmıştır&quot; denildi. 
Takvime göre seçimin başlangıç tarihi 16 Şubat 2017 Perşembe günü olarak belirlendi. Gümrük kapılarında ve yurt dışı temsilciliklerde oy verme işlemi, 27 Mart 2017 Pazartesi günü başlayacak. 27 Mart Salı günü, siyasi partilerin yararlanacakları miting alanları ile tarih ve saatler belirlenerek, ilan edilecek. 9 Nisan Pazar günü yurt dışı temsilciliklerinde oy verme işlemi sona erecek, propaganda serbestliğinin ve bir kısım yasakların başlangıcı gerçekleşecek, radyo ve televizyon propaganda yasakları başlayacak. 15 Nisan Cumartesi günü saat 18.00 itibariyle propaganda süreci sona erecek. Seçim tarihi olarak belirlenen 16 Nisan Pazar günü saat 00.00 itibariyle seçim yasakları sona erecek. Önceki ve Sonraki Haberler
</post>
<signature>

</signature>
<external_links>

</external_links>
<country></country>
<main_image>http://d.merhabahaber.com/news/0.jpg</main_image>
<rating></rating>
</document>
