<?xml version="1.0" encoding="UTF-8"?>
<document>
<type>mainstream</type>
<forum>http://rssfeeds.wcnc.com/_/20/101509894/wcnc/crime</forum>
<forum_title>WCNC - Crime</forum_title>
<discussion_title>Man pleads guilty to terrorism charges</discussion_title>
<language>english</language>
<gmt_offset></gmt_offset>
<topic_url>http://rssfeeds.wcnc.com/_/20/101509894/wcnc/http&amp;#x3a;&amp;#x2f;&amp;#x2f;www&amp;#x2e;wcnc&amp;#x2e;com&amp;#x2f;news&amp;#x2f;crime&amp;#x2f;man-pleads-guilty-to-253-counts-of-terrorism&amp;#x2f;407991889</topic_url>
<topic_text>
Man sentenced after pleading guilty to 253 counts of terrorism WCNC 4:20 PM. EST February 13, 2017 Cody Startt. CONNECT TWEET LINKEDIN GOOGLE+ PINTEREST 
LENOIR, N.C. -- Burke County Superior Court sentenced a man to at least 11 years in prison after he plead guilty on Monday to charges of terrorism and making false bomb reports. 
Cody Matthew Startt, 27, entered his guilty plea to 253 counts of terrorism and 251 counts of making false bomb reports, and was given an active prison sentence of 11 to 21 years as a sentence from Lincoln County. 
Startt also faces similar, pending charges in Caldwell and Catawba counties. 
Assistant District Attorney Scott Lippert arraigned the defendant and presented a factual basis for the case prior to District Attorney David Learner’s sentencing argument on behalf of the State. 
Judge W. Todd Pomeroy also imposed judgments for an additional 10 to 20 years of suspended sentences for Startt and placed him on supervised probation over a period of 36 months. If he violates the terms of his probation, those sentences will be activated, and Startt will serve the time at the end of his initial active sentence. 
Startt, was arrested in Matoaka, West Virginia by the Hickory Police Department, FBI and West Virginia State Police on July 6, 2016, for making bomb threats. 
“His actions cost a huge amount of money to fire, police and other emergency agencies and workers. All these units that had to respond to these bomb threats were not available to handle anything else going on,” Learner said. “Plus, he cost merchants a lot of money, and he caused a lot of fear throughout our communities.” 
Chief Ronnie Rector of the Morganton Department of Public Safety also addressed the court, noting the stress that Startt’s actions placed on law enforcement with regard to treating each report as a real threat to life.
</topic_text>
<spam_score>0.00</spam_score>
<post_num>1</post_num>
<post_id>post-1</post_id>
<post_url>http://rssfeeds.wcnc.com/_/20/101509894/wcnc/http&amp;#x3a;&amp;#x2f;&amp;#x2f;www&amp;#x2e;wcnc&amp;#x2e;com&amp;#x2f;news&amp;#x2f;crime&amp;#x2f;man-pleads-guilty-to-253-counts-of-terrorism&amp;#x2f;407991889</post_url>
<post_date>20170213</post_date>
<post_time>2103</post_time>
<username></username>
<post>
Man sentenced after pleading guilty to 253 counts of terrorism WCNC 4:20 PM. EST February 13, 2017 Cody Startt. CONNECT TWEET LINKEDIN GOOGLE+ PINTEREST 
LENOIR, N.C. -- Burke County Superior Court sentenced a man to at least 11 years in prison after he plead guilty on Monday to charges of terrorism and making false bomb reports. 
Cody Matthew Startt, 27, entered his guilty plea to 253 counts of terrorism and 251 counts of making false bomb reports, and was given an active prison sentence of 11 to 21 years as a sentence from Lincoln County. 
Startt also faces similar, pending charges in Caldwell and Catawba counties. 
Assistant District Attorney Scott Lippert arraigned the defendant and presented a factual basis for the case prior to District Attorney David Learner’s sentencing argument on behalf of the State. 
Judge W. Todd Pomeroy also imposed judgments for an additional 10 to 20 years of suspended sentences for Startt and placed him on supervised probation over a period of 36 months. If he violates the terms of his probation, those sentences will be activated, and Startt will serve the time at the end of his initial active sentence. 
Startt, was arrested in Matoaka, West Virginia by the Hickory Police Department, FBI and West Virginia State Police on July 6, 2016, for making bomb threats. 
“His actions cost a huge amount of money to fire, police and other emergency agencies and workers. All these units that had to respond to these bomb threats were not available to handle anything else going on,” Learner said. “Plus, he cost merchants a lot of money, and he caused a lot of fear throughout our communities.” 
Chief Ronnie Rector of the Morganton Department of Public Safety also addressed the court, noting the stress that Startt’s actions placed on law enforcement with regard to treating each report as a real threat to life.
</post>
<signature>

</signature>
<external_links>

</external_links>
<country>US</country>
<main_image>http://content.wcnc.com/photo/2017/02/13/download%20_OP_1_CP__1487019801422_8505719_ver1.0.jpg</main_image>
<rating></rating>
</document>
