<?xml version="1.0" encoding="UTF-8"?>
<document>
<type>mainstream</type>
<forum></forum>
<forum_title></forum_title>
<discussion_title>Industrial Fasteners Market To Reach USD 134.20 Billion By 2025: Grand View Research, Inc. | Rainbow Newsline</discussion_title>
<language>english</language>
<gmt_offset></gmt_offset>
<topic_url>http://www.rainbownewsline.com/story/104992/industrial-fasteners-market-to-reach-usd-13420-billion-by-2025-grand-view-research-inc.html</topic_url>
<topic_text>
Industrial Fasteners Market To Reach USD 134.20 Billion By 2025: Grand View Research, Inc. February 13 21:12 2017 Grand View Research, Inc. – Market Research And Consulting. According to new report by Grand View Research, The Global industrial fasteners industry is projected to grow significantly at a CAGR of 5.7% on account of their increasing application in automotive and construction industries over the forecast period. The global industrial fasteners market is expected to reach USD 134.20 billion by 2025, according to a new report conducted by Grand View Research, Inc. The growing demand for automobiles, electronics appliances, aircraft, industrial machinery, and medical equipment will drive product demand over the upcoming years. Furthermore, increasing government spending on infrastructure and machinery sector is expected to aid in the market expansion. The usage of industrial fasteners in maintenance, repair, and overhaul (MRO) industry will foresee substantial revenue growth at a CAGR of 5.3% from 2016 to 2025. Rising MRO activities in various sectors including automotive, aerospace, electronics, construction, and electrical will increase market size. The growing requirement for enhanced efficiency from machines is anticipated to fuel the need for MRO activities, which in turn is expected to spur the industrial fastener demand over the upcoming years. Full research report on industrial fasteners market analysis: http://www.grandviewresearch.com/industry-analysis/industrial-fasteners-market 
U.S. industrial fasteners market revenue, by product, 2014 – 2025 (USD Million) 

Further key findings from the report suggest: 
The industrial fasteners industry is projected to grow significantly at a CAGR of 5.7% on account of their increasing application in automotive and construction industries in emerging countries such as China, India, South Korea, Brazil, Thailand and Saudi Arabia 
North America accounted for 20.9% of the global revenue share in 2015 and is projected to show growth on account of rising usage of the product in the aerospace and automotive sectors over the upcoming years. Moreover, the presence of the large automotive manufacturers, such as Chrysler, Dodge, Jeep, Ford, Chevrolet, Buick, Cadillac, and Lincoln, will drive demand over the forecast period. 
Other standard fasteners are expected to witness considerable revenue growth at a CAGR of 5.4% from 2016 to 2025 owing to increasing usage in various applications including medical equipment, electronics, industrial controls, furniture, and appliances 
Machinery OEM application is anticipated to show substantial growth over the upcoming years in light of increasing fastener usage in textile machinery, rubber, sugar machinery, metallurgical equipment, cement machinery, and dairy machinery. The market is estimated to be worth USD 24.69 billion by 2025 
The industry is highly fragmented and competitive in nature with small and large scale manufacturers in the U.S., China, Japan, Germany, and India. Dominant players include Nifco, ITW, LISI Group, Alcoa and Precision Castparts Corporation. 
In October 2016, ATF went into licensing agreements with EJOT for FDS, DELTA PT, FLOWpoint, and SHEETtracs. This deal is expected to help the company in providing high-performance light-weighting solutions. 
View more reports of this category by Grand View Research at: http://www.grandviewresearch.com/industry/automotive-and-aerospace-interior-materials 

Global industrial fasteners market revenue share, by application, 2015 (%) 
Grand View Research has segmented the global industrial fasteners market on the basis of product, application and region: 
Product Outlook (Revenue, USD Million; 2014-2025) 
Externally threaded 
</topic_text>
<spam_score>0.19</spam_score>
<post_num>1</post_num>
<post_id>post-1</post_id>
<post_url>http://www.rainbownewsline.com/story/104992/industrial-fasteners-market-to-reach-usd-13420-billion-by-2025-grand-view-research-inc.html</post_url>
<post_date>20170213</post_date>
<post_time></post_time>
<username></username>
<post>
Industrial Fasteners Market To Reach USD 134.20 Billion By 2025: Grand View Research, Inc. February 13 21:12 2017 Grand View Research, Inc. – Market Research And Consulting. According to new report by Grand View Research, The Global industrial fasteners industry is projected to grow significantly at a CAGR of 5.7% on account of their increasing application in automotive and construction industries over the forecast period. The global industrial fasteners market is expected to reach USD 134.20 billion by 2025, according to a new report conducted by Grand View Research, Inc. The growing demand for automobiles, electronics appliances, aircraft, industrial machinery, and medical equipment will drive product demand over the upcoming years. Furthermore, increasing government spending on infrastructure and machinery sector is expected to aid in the market expansion. The usage of industrial fasteners in maintenance, repair, and overhaul (MRO) industry will foresee substantial revenue growth at a CAGR of 5.3% from 2016 to 2025. Rising MRO activities in various sectors including automotive, aerospace, electronics, construction, and electrical will increase market size. The growing requirement for enhanced efficiency from machines is anticipated to fuel the need for MRO activities, which in turn is expected to spur the industrial fastener demand over the upcoming years. Full research report on industrial fasteners market analysis: http://www.grandviewresearch.com/industry-analysis/industrial-fasteners-market 
U.S. industrial fasteners market revenue, by product, 2014 – 2025 (USD Million) 

Further key findings from the report suggest: 
The industrial fasteners industry is projected to grow significantly at a CAGR of 5.7% on account of their increasing application in automotive and construction industries in emerging countries such as China, India, South Korea, Brazil, Thailand and Saudi Arabia 
North America accounted for 20.9% of the global revenue share in 2015 and is projected to show growth on account of rising usage of the product in the aerospace and automotive sectors over the upcoming years. Moreover, the presence of the large automotive manufacturers, such as Chrysler, Dodge, Jeep, Ford, Chevrolet, Buick, Cadillac, and Lincoln, will drive demand over the forecast period. 
Other standard fasteners are expected to witness considerable revenue growth at a CAGR of 5.4% from 2016 to 2025 owing to increasing usage in various applications including medical equipment, electronics, industrial controls, furniture, and appliances 
Machinery OEM application is anticipated to show substantial growth over the upcoming years in light of increasing fastener usage in textile machinery, rubber, sugar machinery, metallurgical equipment, cement machinery, and dairy machinery. The market is estimated to be worth USD 24.69 billion by 2025 
The industry is highly fragmented and competitive in nature with small and large scale manufacturers in the U.S., China, Japan, Germany, and India. Dominant players include Nifco, ITW, LISI Group, Alcoa and Precision Castparts Corporation. 
In October 2016, ATF went into licensing agreements with EJOT for FDS, DELTA PT, FLOWpoint, and SHEETtracs. This deal is expected to help the company in providing high-performance light-weighting solutions. 
View more reports of this category by Grand View Research at: http://www.grandviewresearch.com/industry/automotive-and-aerospace-interior-materials 

Global industrial fasteners market revenue share, by application, 2015 (%) 
Grand View Research has segmented the global industrial fasteners market on the basis of product, application and region: 
Product Outlook (Revenue, USD Million; 2014-2025) 
Externally threaded 
</post>
<signature>

</signature>
<external_links>

</external_links>
<country>US</country>
<main_image></main_image>
<rating></rating>
</document>
