<?xml version="1.0" encoding="UTF-8"?>
<document>
<type>mainstream</type>
<forum>http://pfd.me/feed/</forum>
<forum_title>Prompto Funds</forum_title>
<discussion_title>3 Simple Ways To Design A Company Culture</discussion_title>
<language>english</language>
<gmt_offset></gmt_offset>
<topic_url>http://pfd.me/markets/3-simple-ways-to-design-a-company-culture/</topic_url>
<topic_text>
WordPress.org 3 Simple Ways To Design A Company Culture 
Intentionally design your company culture: use questions to uncover your true values, don’t delay the process, and why you should always be sharing stories within your organization.
</topic_text>
<spam_score>0.00</spam_score>
<post_num>1</post_num>
<post_id>post-1</post_id>
<post_url>http://pfd.me/markets/3-simple-ways-to-design-a-company-culture/</post_url>
<post_date>20170213</post_date>
<post_time>2049</post_time>
<username>admin</username>
<post>
WordPress.org 3 Simple Ways To Design A Company Culture 
Intentionally design your company culture: use questions to uncover your true values, don’t delay the process, and why you should always be sharing stories within your organization.
</post>
<signature>

</signature>
<external_links>

</external_links>
<country>ME</country>
<main_image>https://blogs-images.forbes.com/aileron/files/2017/02/3-simple-ways-to-design-your-culture-300x169.jpg</main_image>
<rating></rating>
</document>
