<?xml version="1.0" encoding="UTF-8"?>
<document>
<type>mainstream</type>
<forum>http://rss.tmcnet.com/rss/Acquisitions</forum>
<forum_title>TMCnet.com RSS Service: Acquisitions</forum_title>
<discussion_title>TeraThink Corporation Announces Rick Dansey as Senior Vice President</discussion_title>
<language>english</language>
<gmt_offset></gmt_offset>
<topic_url>http://www.tmcnet.com/usubmit/2017/02/13/8494833.htm</topic_url>
<topic_text>
TeraThink Corporation Announces Rick Dansey as Senior Vice President   
RESTON, Va.   TeraThink Corporation, a provider of management and technology consulting services to the federal government, announced today that Rick Dansey joined the company as senior vice president. In this role, Dansey will oversee all strategic planning, operations and management for TeraThink&apos;s defense programs. He is an integral part of the company&apos;s aggressive acquisition and large program pursuits in the unrestricted market. 
Dansey has intimate knowledge of what it takes to successfully operate and grow businesses in the federal marketspace. He offers over 28 years&apos; of executive experience across multi-billion dollar system integrators and successfully launching, growing and exiting a federal consultancy which was acquired in 2001. 
&quot;I am excited to join the TeraThink team. Its outstanding reputation for talent, process discipline and ools are exactly what the government is looking for,&quot; says Dansey. &quot;What excites me the most is the opportunity to leverage TeraThink&apos;s capabilities and work side by side with our government partners to deliver solutions to their critical issues.&quot; 
Prior to joining TeraThink, Dansey founded Ignitis LLC, where he developed growth strategies for start-ups to Fortune 500 companies focused on merger and acquisitions, large opportunity capture and new technology offerings. Dansey served as an officer at CACI for 16 years where he was recognized as a growth oriented leader. His last role was as an executive vice president and business group manager for a $630 million in annual revenue and 3500 employees group. Previously, he also launched a successful consulting practice as an executive at DSIC in the competitive ERP space, which was eventually acquired in 2001 by CACI. 
&quot;TeraThink continues to distinguish itself as pedigreed consultancy in the federal market. And, to ensure we continue on this path, we have to invest in seasoned executives like Rick ,&quot; says President and CEO, Paul Lombardi . &quot;Rick brings proven executive level leadership, acquisition expertise and defense knowledge that will help to accelerate our growth and the delivery of excellent service. I look forward to working with him to meet our corporate goals and deliver on client promises.&quot; 
Media contact: Victoria Hickman , 703-773-6232  releases/terathink-corporation-announces-rick-dansey-as-senior-vice-president-300406351.html 
SOURCE TeraThink Corporation
</topic_text>
<spam_score>0.00</spam_score>
<post_num>1</post_num>
<post_id>post-1</post_id>
<post_url>http://www.tmcnet.com/usubmit/2017/02/13/8494833.htm</post_url>
<post_date>20170213</post_date>
<post_time>1924</post_time>
<username></username>
<post>
TeraThink Corporation Announces Rick Dansey as Senior Vice President   
RESTON, Va.   TeraThink Corporation, a provider of management and technology consulting services to the federal government, announced today that Rick Dansey joined the company as senior vice president. In this role, Dansey will oversee all strategic planning, operations and management for TeraThink&apos;s defense programs. He is an integral part of the company&apos;s aggressive acquisition and large program pursuits in the unrestricted market. 
Dansey has intimate knowledge of what it takes to successfully operate and grow businesses in the federal marketspace. He offers over 28 years&apos; of executive experience across multi-billion dollar system integrators and successfully launching, growing and exiting a federal consultancy which was acquired in 2001. 
&quot;I am excited to join the TeraThink team. Its outstanding reputation for talent, process discipline and ools are exactly what the government is looking for,&quot; says Dansey. &quot;What excites me the most is the opportunity to leverage TeraThink&apos;s capabilities and work side by side with our government partners to deliver solutions to their critical issues.&quot; 
Prior to joining TeraThink, Dansey founded Ignitis LLC, where he developed growth strategies for start-ups to Fortune 500 companies focused on merger and acquisitions, large opportunity capture and new technology offerings. Dansey served as an officer at CACI for 16 years where he was recognized as a growth oriented leader. His last role was as an executive vice president and business group manager for a $630 million in annual revenue and 3500 employees group. Previously, he also launched a successful consulting practice as an executive at DSIC in the competitive ERP space, which was eventually acquired in 2001 by CACI. 
&quot;TeraThink continues to distinguish itself as pedigreed consultancy in the federal market. And, to ensure we continue on this path, we have to invest in seasoned executives like Rick ,&quot; says President and CEO, Paul Lombardi . &quot;Rick brings proven executive level leadership, acquisition expertise and defense knowledge that will help to accelerate our growth and the delivery of excellent service. I look forward to working with him to meet our corporate goals and deliver on client promises.&quot; 
Media contact: Victoria Hickman , 703-773-6232  releases/terathink-corporation-announces-rick-dansey-as-senior-vice-president-300406351.html 
SOURCE TeraThink Corporation
</post>
<signature>

</signature>
<external_links>

</external_links>
<country>US</country>
<main_image></main_image>
<rating></rating>
</document>
