<?xml version="1.0" encoding="UTF-8"?>
<document>
<type>mainstream</type>
<forum>http://audioboom.com/boos/everyone.rss</forum>
<forum_title>audioBoom</forum_title>
<discussion_title>AM - Full Program - 14/02/2017</discussion_title>
<language>english</language>
<gmt_offset></gmt_offset>
<topic_url>https://audioboom.com/posts/5602820-am-full-program-14-02-2017</topic_url>
<topic_text>
Facebook twitter 
On AM: Some improvement, but not enough in the latest Closing the Gap report; and asylum seekers on Manus Island plead for help as the Papua New Guinea Government prepares to deport them. This is an early edition of AM. The complete 30 minute edition will be available for download at 9am.
</topic_text>
<spam_score>0.00</spam_score>
<post_num>1</post_num>
<post_id>post-1</post_id>
<post_url>https://audioboom.com/posts/5602820-am-full-program-14-02-2017</post_url>
<post_date>20170213</post_date>
<post_time>1936</post_time>
<username>AM - Full Program</username>
<post>
Facebook twitter 
On AM: Some improvement, but not enough in the latest Closing the Gap report; and asylum seekers on Manus Island plead for help as the Papua New Guinea Government prepares to deport them. This is an early edition of AM. The complete 30 minute edition will be available for download at 9am.
</post>
<signature>

</signature>
<external_links>

</external_links>
<country>GB</country>
<main_image>https://d15mj6e6qmt1na.cloudfront.net/i/8357775</main_image>
<rating></rating>
</document>
