<?xml version="1.0" encoding="UTF-8"?>
<document>
<type>mainstream</type>
<forum>http://www.rhein-zeitung.de/feed/18-nachrichten-aus-den-regionen-bad-neuenahr-und-remagen.xml</forum>
<forum_title>Nachrichten aus den Regionen Bad Neuenahr/Ahrweiler und Remagen</forum_title>
<discussion_title>Warteschleife: Kein Telekom-Anschluss in Königsfeld</discussion_title>
<language>german</language>
<gmt_offset></gmt_offset>
<topic_url>http://www.rhein-zeitung.de/region/lokales/bad-neuenahr_artikel,-warteschleife-kein-telekomanschluss-in-koenigsfeld-_arid,1609756.html</topic_url>
<topic_text>
Panne Familie wartet seit fast einem Jahr auf den Festnetzanschluss Warteschleife: Kein Telekom-Anschluss in Königsfeld Königsfeld. Vor gut einem Jahr haben sich Helke Viegas und Gregor Schneider ihren Traum von den eigenen vier Wänden erfüllt. In Königsfeld am Ende eines kleinen Neubaugebiets entstand ihr Haus. Ein ganz besonderes Haus - nicht nur wegen seiner außergewöhnlichen Architektur, sondern auch, weil seit 11 Monaten etwas eigentlich ganz gewöhnliches fehlt: ein Festnetzanschluss ans Telefon- und Datennetz. 

„Eigentlich lief alles ganz normal“, berichtet Hausherr Gregor Schneider. Mit dem Neubau des Hauses wurde auch ein Telefon- und Internetanschluss bei der Telekom in Auftrag gegeben. Im März 2016 wurden   (547 Wörter): 2 Minuten, 22  
</topic_text>
<spam_score>0.00</spam_score>
<post_num>1</post_num>
<post_id>post-1</post_id>
<post_url>http://www.rhein-zeitung.de/region/lokales/bad-neuenahr_artikel,-warteschleife-kein-telekomanschluss-in-koenigsfeld-_arid,1609756.html</post_url>
<post_date>20170213</post_date>
<post_time>1239</post_time>
<username></username>
<post>
Panne Familie wartet seit fast einem Jahr auf den Festnetzanschluss Warteschleife: Kein Telekom-Anschluss in Königsfeld Königsfeld. Vor gut einem Jahr haben sich Helke Viegas und Gregor Schneider ihren Traum von den eigenen vier Wänden erfüllt. In Königsfeld am Ende eines kleinen Neubaugebiets entstand ihr Haus. Ein ganz besonderes Haus - nicht nur wegen seiner außergewöhnlichen Architektur, sondern auch, weil seit 11 Monaten etwas eigentlich ganz gewöhnliches fehlt: ein Festnetzanschluss ans Telefon- und Datennetz. 

„Eigentlich lief alles ganz normal“, berichtet Hausherr Gregor Schneider. Mit dem Neubau des Hauses wurde auch ein Telefon- und Internetanschluss bei der Telekom in Auftrag gegeben. Im März 2016 wurden   (547 Wörter): 2 Minuten, 22  
</post>
<signature>

</signature>
<external_links>

</external_links>
<country>DE</country>
<main_image>http://www.rhein-zeitung.de/cms_media/module_img/3269/1634943_1_gallerydetail_image_2702244ac27e6ebc.jpg</main_image>
<rating></rating>
</document>
