<?xml version="1.0" encoding="UTF-8"?>
<document>
<type>mainstream</type>
<forum>http://www.karsmanset.com/rss</forum>
<forum_title>Kars haberleri.com | Kars Haber | Kars Haberleri | Kars Haberler | Kars Gazeteleri | Kars Sarıkamış | Kars resimleri | Kars spor | Ardahan haber | Iğdır haber |</forum_title>
<discussion_title>Sarıkamış&apos;ta Görevli Teğmen, Arkadaşı İçin Gazi Oldu</discussion_title>
<language>turkish</language>
<gmt_offset></gmt_offset>
<topic_url>http://www.karsmanset.com/haber/sarikamista-gorevli-tegmen-arkadasi-icin-gazi-oldu-37871.htm</topic_url>
<topic_text>
13.02.2017 09:25 Kars&apos;ın Sarıkamış İlçesine görevli Teğmen Levent Fevzi Göztaşı, arkadaşını kurtamak isterken Gazi oldu. 
2 yıl önce mezun olarak ilk görev yeri olan Kars&apos;ın Sarıkamış İlçesine atanan Eskişehirli Teğmen Levent Fevzi Göztaşı&apos;nın vurulan arkadaşını kurtarmak istediği sırada yaralandığı ortaya çıktı 
Suriye&apos;nin El Bâb bölgesinde arkadaşını kurtarmak isterken gazi olan Teğmen Levent Fevzi Göztaşı, Eskişehir Valisi Azmi Çelik ve beraberindeki bir heyet tarafından ziyaret edildi. 
Suriye&apos;nin El Bâb bölgesinde önceki gün DEAŞ&apos;lı grubun saldırısında 5 askerimiz şehit olurken, 15 asker ise yaralanmıştı. Yaralı askerlerden Eskişehirli Teğmen Levent Fevzi Göztaşı getirildiği Eskişehir Yunus Emre Devlet Hastanesi&apos;nde tedavi altına alındı. 2 yıl önce mezun olarak ilk görev yeri olan Kars&apos;ın Sarıkamış ilçesine atanan 24 yaşındaki teğmenin geçici görevle El Bâb bölgesine gönderildiği bildirildi. 
Yaralı Teğmen Göztaşı&apos;nı tedavi gördüğü hastanede Eskişehir Valisi Azmi Çelik, Muharip Hava Kuvveti ve Hava Füze Savunma Komutanı Orgenaral Hasan Küçükakyüz, Eskişehir İl Emniyet Müdürü Engin Dinç, Eskişehir İl Jandarma Komutanı Albay Uysal Ağaoğlu ve beraberindeki heyet, geçmiş olsun ziyaretinde bulundu. 
Ziyaret sırasında olayı anlatan Teğmen Göztaşı, çok fazla ağrısının olmadığını belirterek, &quot;Yaralı bir arkadaşımı kurtarmak istediğim sırada beni de vurdular. Onu çekemedik. Ondan sonra şehit oldu. Ben ufak sıyrıklarla atlattım. Allah&apos;a şükür büyük bir sıkıntımız yok&quot; dedi. 
Yaralı askere geçmiş olsun dileklerini ileten Vali Çelik ise, saldırıda şehit olan askerlere Allah&apos;tan rahmet diledi. Yaralı askerlerin sağlıklarına kavuşmalarına sevindiklerini dile getiren Vali Çelik, &quot;Allah sizlere güç kuvvet versin. Allah şehitlerin mekanlarını cennet etsin. ailelerine ve bütün millete sabır versin. Sizlerinde can sağlığına kavuşmanıza da sevindik. Allah şifa versin, iyi görünüyorsun diye konuştu. 
Yaralı askerin &apos;Siz de zahmet ettiniz&apos; cümlesine karşı komutanları &apos;Sizlerin yaptığınızın yanında bizim yaptığımız ne zahmet olacak&apos; şeklinde cevap verdi.
</topic_text>
<spam_score>0.00</spam_score>
<post_num>1</post_num>
<post_id>post-1</post_id>
<post_url>http://www.karsmanset.com/haber/sarikamista-gorevli-tegmen-arkadasi-icin-gazi-oldu-37871.htm</post_url>
<post_date>20170213</post_date>
<post_time>0625</post_time>
<username></username>
<post>
13.02.2017 09:25 Kars&apos;ın Sarıkamış İlçesine görevli Teğmen Levent Fevzi Göztaşı, arkadaşını kurtamak isterken Gazi oldu. 
2 yıl önce mezun olarak ilk görev yeri olan Kars&apos;ın Sarıkamış İlçesine atanan Eskişehirli Teğmen Levent Fevzi Göztaşı&apos;nın vurulan arkadaşını kurtarmak istediği sırada yaralandığı ortaya çıktı 
Suriye&apos;nin El Bâb bölgesinde arkadaşını kurtarmak isterken gazi olan Teğmen Levent Fevzi Göztaşı, Eskişehir Valisi Azmi Çelik ve beraberindeki bir heyet tarafından ziyaret edildi. 
Suriye&apos;nin El Bâb bölgesinde önceki gün DEAŞ&apos;lı grubun saldırısında 5 askerimiz şehit olurken, 15 asker ise yaralanmıştı. Yaralı askerlerden Eskişehirli Teğmen Levent Fevzi Göztaşı getirildiği Eskişehir Yunus Emre Devlet Hastanesi&apos;nde tedavi altına alındı. 2 yıl önce mezun olarak ilk görev yeri olan Kars&apos;ın Sarıkamış ilçesine atanan 24 yaşındaki teğmenin geçici görevle El Bâb bölgesine gönderildiği bildirildi. 
Yaralı Teğmen Göztaşı&apos;nı tedavi gördüğü hastanede Eskişehir Valisi Azmi Çelik, Muharip Hava Kuvveti ve Hava Füze Savunma Komutanı Orgenaral Hasan Küçükakyüz, Eskişehir İl Emniyet Müdürü Engin Dinç, Eskişehir İl Jandarma Komutanı Albay Uysal Ağaoğlu ve beraberindeki heyet, geçmiş olsun ziyaretinde bulundu. 
Ziyaret sırasında olayı anlatan Teğmen Göztaşı, çok fazla ağrısının olmadığını belirterek, &quot;Yaralı bir arkadaşımı kurtarmak istediğim sırada beni de vurdular. Onu çekemedik. Ondan sonra şehit oldu. Ben ufak sıyrıklarla atlattım. Allah&apos;a şükür büyük bir sıkıntımız yok&quot; dedi. 
Yaralı askere geçmiş olsun dileklerini ileten Vali Çelik ise, saldırıda şehit olan askerlere Allah&apos;tan rahmet diledi. Yaralı askerlerin sağlıklarına kavuşmalarına sevindiklerini dile getiren Vali Çelik, &quot;Allah sizlere güç kuvvet versin. Allah şehitlerin mekanlarını cennet etsin. ailelerine ve bütün millete sabır versin. Sizlerinde can sağlığına kavuşmanıza da sevindik. Allah şifa versin, iyi görünüyorsun diye konuştu. 
Yaralı askerin &apos;Siz de zahmet ettiniz&apos; cümlesine karşı komutanları &apos;Sizlerin yaptığınızın yanında bizim yaptığımız ne zahmet olacak&apos; şeklinde cevap verdi.
</post>
<signature>

</signature>
<external_links>

</external_links>
<country></country>
<main_image>http://d.karsmanset.com/news/60777.jpg</main_image>
<rating></rating>
</document>
