<?xml version="1.0" encoding="UTF-8"?>
<document>
<type>mainstream</type>
<forum>http://merhabahaber.com/rss/</forum>
<forum_title>Konya Merhaba Gazetesi - Konya Haberleri, Konya&apos;dan son dakika gelişmeleri</forum_title>
<discussion_title>Cumhurbaşkanı Erdoğan, Almanya’nın yeni Cumhurbaşkanı Steinmeier’i tebrik etti</discussion_title>
<language>turkish</language>
<gmt_offset></gmt_offset>
<topic_url>http://www.merhabahaber.com/cumhurbaskani-erdogan-almanyanin-yeni-cumhurbaskani-steinmeieri-tebrik-etti-1023482h.htm</topic_url>
<topic_text>
Cumhurbaşkanı Erdoğan, Almanya’nın yeni Cumhurbaşkanı Steinmeier’i tebrik etti 23:48 13 Şubat 2017 Cumhurbaşkanı Erdoğan, Almanya’nın yeni Cumhurbaşkanı Steinmeier’i tebrik etti Cumhurbaşkanı Recep Tayyip Erdoğan, Almanya&apos;nın 12. cumhurbaşkanı seçilen Walter Steinmeier&apos;i telefonla arayarak tebrik etti. A+ A- 
Cumhurbaşkanı Recep Tayyip Erdoğan, Almanya&apos;nın 12. cumhurbaşkanı seçilen Walter Steinmeier&apos;i telefonla arayarak tebrik etti. 
Cumhurbaşkanlığı kaynaklarından alınan bilgiye göre, Cumhurbaşkanı Erdoğan, Suudi Arabistan&apos;ın başkenti Riyad&apos;a ulaşmasının ardından Almanya&apos;nın yeni Cumhurbaşkanı Steinmeier ile bir telefon görüşmesi yaptı. Cumhurbaşkanı Erdoğan&apos;ın Steinmeier&apos;i Almanya&apos;nın 12. cumhurbaşkanı seçilmesinden dolayı tebrik ederek, kendisine başarı dileklerini ilettiği belirtildi. Önceki ve Sonraki Haberler
</topic_text>
<spam_score>0.00</spam_score>
<post_num>1</post_num>
<post_id>post-1</post_id>
<post_url>http://www.merhabahaber.com/cumhurbaskani-erdogan-almanyanin-yeni-cumhurbaskani-steinmeieri-tebrik-etti-1023482h.htm</post_url>
<post_date>20170213</post_date>
<post_time>2048</post_time>
<username></username>
<post>
Cumhurbaşkanı Erdoğan, Almanya’nın yeni Cumhurbaşkanı Steinmeier’i tebrik etti 23:48 13 Şubat 2017 Cumhurbaşkanı Erdoğan, Almanya’nın yeni Cumhurbaşkanı Steinmeier’i tebrik etti Cumhurbaşkanı Recep Tayyip Erdoğan, Almanya&apos;nın 12. cumhurbaşkanı seçilen Walter Steinmeier&apos;i telefonla arayarak tebrik etti. A+ A- 
Cumhurbaşkanı Recep Tayyip Erdoğan, Almanya&apos;nın 12. cumhurbaşkanı seçilen Walter Steinmeier&apos;i telefonla arayarak tebrik etti. 
Cumhurbaşkanlığı kaynaklarından alınan bilgiye göre, Cumhurbaşkanı Erdoğan, Suudi Arabistan&apos;ın başkenti Riyad&apos;a ulaşmasının ardından Almanya&apos;nın yeni Cumhurbaşkanı Steinmeier ile bir telefon görüşmesi yaptı. Cumhurbaşkanı Erdoğan&apos;ın Steinmeier&apos;i Almanya&apos;nın 12. cumhurbaşkanı seçilmesinden dolayı tebrik ederek, kendisine başarı dileklerini ilettiği belirtildi. Önceki ve Sonraki Haberler
</post>
<signature>

</signature>
<external_links>

</external_links>
<country></country>
<main_image>http://d.merhabahaber.com/news/0.jpg</main_image>
<rating></rating>
</document>
