<?xml version="1.0" encoding="UTF-8"?>
<document>
<type>mainstream</type>
<forum></forum>
<forum_title></forum_title>
<discussion_title>Search | foundry-planet.com - B2B Portal</discussion_title>
<language>english</language>
<gmt_offset></gmt_offset>
<topic_url>http://www.foundry-planet.com/search/?tx_kesearch_pi1[sortByField]=sortdate&amp;amp;tx_kesearch_pi1[sortByDir]=asc&amp;amp;tx_kesearch_pi1[page]=14&amp;amp;tx_kesearch_pi1[sword]=&amp;amp;cHash=78fb95dae50a18941cc9405663064b16</topic_url>
<topic_text>
SLR Giesserei St. Leon-Rot GmbH Categories: ductile iron Search results 131 until 140 of 9867 
</topic_text>
<spam_score>0.19</spam_score>
<post_num>1</post_num>
<post_id>post-1</post_id>
<post_url>http://www.foundry-planet.com/search/?tx_kesearch_pi1[sortByField]=sortdate&amp;amp;tx_kesearch_pi1[sortByDir]=asc&amp;amp;tx_kesearch_pi1[page]=14&amp;amp;tx_kesearch_pi1[sword]=&amp;amp;cHash=78fb95dae50a18941cc9405663064b16</post_url>
<post_date>20141103</post_date>
<post_time></post_time>
<username></username>
<post>
SLR Giesserei St. Leon-Rot GmbH Categories: ductile iron Search results 131 until 140 of 9867 
</post>
<signature>

</signature>
<external_links>

</external_links>
<country>DE</country>
<main_image></main_image>
<rating></rating>
</document>
