<?xml version="1.0" encoding="UTF-8"?>
<document>
<type>mainstream</type>
<forum>http://www.watchinga.com/il/shopping/gifts.rss?utm_source=watchinga&amp;utm_medium=categorypage&amp;utm_term=gowatchinga_gifts&amp;utm_content=shopping&amp;utm_campaign=rssfeed</forum>
<forum_title>Gifts &amp; Coupon Shopping on Watchinga</forum_title>
<discussion_title>Make Your Own Floral Gift Boxes Leslie Watkins 6 Ready-to-Cut Designs</discussion_title>
<language>english</language>
<gmt_offset></gmt_offset>
<topic_url>http://www.ebay.com/itm/like/Make Your Own Floral Gift Boxes Leslie Watkins 6 Ready-to-Cut Designs/112302702549</topic_url>
<topic_text>
Make Your Own Floral Gift Boxes Leslie Watkins 6 Ready-to-Cut Designs Condition: Estimated Mar. 1- Mar. 13 From: Ocean Gate, New Jersey Returns: Mar. 1 - Mar. 13 Est. Delivery 30 days Returns Published by Sentimental Gift Ideas for Mom 
It can be hard to come up with a special gift to show mom how important and special she is. Whether it is Mother s Day, her birthday, or another holiday, finding the perfect gift that expresses these feelings... Published by makeandtakes 6 Silly Elf on the Shelf Ideas 
To kick off your new Christmas tradition, start by purchasing the darling book and toy, Elf on the Shelf! Get your kids ready and excited for the coming days of silliness by reading the story. This little... Published by Father s Day Gifts for The Dad Who Loves Reading 
Is your dad a book lover? Reward him this Father’s Day for all the nights he spent reading to you by picking out the perfect gift for the bibliophile. The dad who loves books is easy to buy for; the hardest...
</topic_text>
<spam_score>0.00</spam_score>
<post_num>1</post_num>
<post_id>post-1</post_id>
<post_url>http://www.ebay.com/itm/like/Make Your Own Floral Gift Boxes Leslie Watkins 6 Ready-to-Cut Designs/112302702549</post_url>
<post_date>20170213</post_date>
<post_time>1532</post_time>
<username></username>
<post>
Make Your Own Floral Gift Boxes Leslie Watkins 6 Ready-to-Cut Designs Condition: Estimated Mar. 1- Mar. 13 From: Ocean Gate, New Jersey Returns: Mar. 1 - Mar. 13 Est. Delivery 30 days Returns Published by Sentimental Gift Ideas for Mom 
It can be hard to come up with a special gift to show mom how important and special she is. Whether it is Mother s Day, her birthday, or another holiday, finding the perfect gift that expresses these feelings... Published by makeandtakes 6 Silly Elf on the Shelf Ideas 
To kick off your new Christmas tradition, start by purchasing the darling book and toy, Elf on the Shelf! Get your kids ready and excited for the coming days of silliness by reading the story. This little... Published by Father s Day Gifts for The Dad Who Loves Reading 
Is your dad a book lover? Reward him this Father’s Day for all the nights he spent reading to you by picking out the perfect gift for the bibliophile. The dad who loves books is easy to buy for; the hardest...
</post>
<signature>

</signature>
<external_links>

</external_links>
<country>US</country>
<main_image>http://i.ebayimg.com/00/s/MTUzMlgxMTU2/z/EqYAAOSwhkRWbzL4/$_57.JPG?set_id=880000500F</main_image>
<rating></rating>
</document>
