<?xml version="1.0" encoding="UTF-8"?>
<document>
<type>mainstream</type>
<forum>http://www.cuisinosphere.com/rss.php</forum>
<forum_title>Cuisinosphère | À la une</forum_title>
<discussion_title>Gâteaux de châtaigne et clémentines</discussion_title>
<language>french</language>
<gmt_offset></gmt_offset>
<topic_url>http://www.cuisinosphere.com/article/gateaux-de-chataigne-et-clementines-663120/</topic_url>
<topic_text>
Gâteaux de châtaigne et clémentines Posté par chefNini il y a 1 heure 24 minutes ( http://www.chefnini.com ) La saison des clémentines Corses est belle et bien finie, impossible d’en trouver et je suis triste. Les autres variétés de clémentines me déçoivent. Je la mets donc une dernière fois à l’honneur sur le blog avec ces petits gâteaux à la farine de châtaigne recouverts de quartiers de clémentines. J’ai utilisé pour ces gâteaux des […]Article original publié sur chefNini : Gâ  
</topic_text>
<spam_score>0.00</spam_score>
<post_num>1</post_num>
<post_id>post-1</post_id>
<post_url>http://www.cuisinosphere.com/article/gateaux-de-chataigne-et-clementines-663120/</post_url>
<post_date>20170213</post_date>
<post_time>2110</post_time>
<username>chefNini</username>
<post>
Gâteaux de châtaigne et clémentines Posté par chefNini il y a 1 heure 24 minutes ( http://www.chefnini.com ) La saison des clémentines Corses est belle et bien finie, impossible d’en trouver et je suis triste. Les autres variétés de clémentines me déçoivent. Je la mets donc une dernière fois à l’honneur sur le blog avec ces petits gâteaux à la farine de châtaigne recouverts de quartiers de clémentines. J’ai utilisé pour ces gâteaux des […]Article original publié sur chefNini : Gâ  
</post>
<signature>

</signature>
<external_links>

</external_links>
<country>FR</country>
<main_image></main_image>
<rating></rating>
</document>
