<?xml version="1.0" encoding="UTF-8"?>
<document>
<type>mainstream</type>
<forum></forum>
<forum_title></forum_title>
<discussion_title>人類は自然の力よりも170倍速いペースで地球の気候を変えている - GIGAZINE</discussion_title>
<language>japanese</language>
<gmt_offset></gmt_offset>
<topic_url>http://gigazine.net/news/20170214-people-cause-climate-change/</topic_url>
<topic_text>
By ashley.adcox オーストラリア国立大学の研究チームを率いたオーウェン・ガフニー教授によれば、過去45億年の間で「地球システム」に最も大きな影響を与えていたのは、紛れもなく天文学的および地球物理学的な要素とのこと。この「地球システム」というのは、大気・水圏・氷圏との相互作用を含む生物圏であるとガフニー教授に定義されています。しかし、人新世が始まった約60年前から、人間の活動が地球システムに例外的に急速な変化をもたらしており、ガフニー教授は「人間の活動が地球に与える影響は自然が地球に与える影響に匹敵するレベルになっている」と話しています。 では人間はどれくらい地球システムに影響を与えているのか、これを調べるためにガフニー教授らは地球システムの変化率を計算する方程式「Anthropocene Equation(人新世方程式)」を作り出しました。 ガフニー教授らが編み出した方程式。ガフニー教授によると、過去40億年の間、地球システムの変化率(E)は天文学(A)と地球物理学(G)と内部力学(I)の複雑な関数だったとのこと。方程式の「H」は「工業化社会の関数」を意味しています。 ガフニー教授によれば、方程式で天文学(A)と地球物理学(G)、内部力学(I)は影響がかかるまでの時間が長かったり、影響を与えるような事象が発生しにくかったりするため「0」に収束するとのこと。この3つの要素による地球システムの変化率を大気の上昇温度で表すと「1世紀当たり0.01度」になるそうです。 しかし、過去45年間に絞ると地球システムの変化率は「1世紀当たり1.7度」まで上昇。これは人間の活動による影響が地球の気候の変化を170倍早めたことになるそうです。ガフニー教授は「人為的なことが原因で起こる気候変動を減少させなければ社会崩壊を巻き起こす可能性がある」と結論づけています。 ・関連記事 
</topic_text>
<spam_score>0.00</spam_score>
<post_num>1</post_num>
<post_id>post-1</post_id>
<post_url>http://gigazine.net/news/20170214-people-cause-climate-change/</post_url>
<post_date>20170214</post_date>
<post_time></post_time>
<username></username>
<post>
By ashley.adcox オーストラリア国立大学の研究チームを率いたオーウェン・ガフニー教授によれば、過去45億年の間で「地球システム」に最も大きな影響を与えていたのは、紛れもなく天文学的および地球物理学的な要素とのこと。この「地球システム」というのは、大気・水圏・氷圏との相互作用を含む生物圏であるとガフニー教授に定義されています。しかし、人新世が始まった約60年前から、人間の活動が地球システムに例外的に急速な変化をもたらしており、ガフニー教授は「人間の活動が地球に与える影響は自然が地球に与える影響に匹敵するレベルになっている」と話しています。 では人間はどれくらい地球システムに影響を与えているのか、これを調べるためにガフニー教授らは地球システムの変化率を計算する方程式「Anthropocene Equation(人新世方程式)」を作り出しました。 ガフニー教授らが編み出した方程式。ガフニー教授によると、過去40億年の間、地球システムの変化率(E)は天文学(A)と地球物理学(G)と内部力学(I)の複雑な関数だったとのこと。方程式の「H」は「工業化社会の関数」を意味しています。 ガフニー教授によれば、方程式で天文学(A)と地球物理学(G)、内部力学(I)は影響がかかるまでの時間が長かったり、影響を与えるような事象が発生しにくかったりするため「0」に収束するとのこと。この3つの要素による地球システムの変化率を大気の上昇温度で表すと「1世紀当たり0.01度」になるそうです。 しかし、過去45年間に絞ると地球システムの変化率は「1世紀当たり1.7度」まで上昇。これは人間の活動による影響が地球の気候の変化を170倍早めたことになるそうです。ガフニー教授は「人為的なことが原因で起こる気候変動を減少させなければ社会崩壊を巻き起こす可能性がある」と結論づけています。 ・関連記事 
</post>
<signature>

</signature>
<external_links>

</external_links>
<country>JP</country>
<main_image>http://i.gzn.jp/img/2017/02/14/people-cause-climate-change/00_m.jpg</main_image>
<rating></rating>
</document>
