<?xml version="1.0" encoding="UTF-8"?>
<document>
<type>mainstream</type>
<forum>http://navbharattimes.indiatimes.com/rssfeedsdefault.cms</forum>
<forum_title>Navbharat Times</forum_title>
<discussion_title>Pakistan blast:bomb blast at lahore’s mall road area kills atleast 10 people - pakistan</discussion_title>
<language>hindi</language>
<gmt_offset></gmt_offset>
<topic_url>http://navbharattimes.indiatimes.com/world/pakistan/bomb-blast-at-lahores-mall-road-area-kills-atleast-10-people/articleshow/57130683.cms</topic_url>
<topic_text>
लाहौर 
सोमवार शाम को पंजाब असेंबली के बाहर मॉल रोड इलाके में हुए एक बम धमाके में कम से कम 13 लोगों की मौत हो गई, जबकि लगभग 85 लोग घायल हुए हैं। खास बात यह है कि मरने वालों में डीआईजी ट्रैफिक भी शामिल हैं, जबकि इलाके के एसएसपी धमाके में घायल हुए हैं। यह ब्लास्ट एक विरोध-प्रदर्शन के दौरान हुआ।

जानकारी के मुताबिक जिस समय यह ब्लास्ट हुआ, उस समय असेंबली के बाहर बड़ी संख्या में केमिस्ट और फार्मासूटिकल निर्माता प्रदर्शन कर रहे थे। डीआईजी ट्रैफिक अहमद मोबिन उन्हें प्रदर्शन खत्म करने के लिए समझाने की कोशिश कर रहे थे। प्रदर्शन की वजह से इलाके में बड़ी संख्या में पुलिस बल भी तैनात किया गया था।

पाकिस्तान के अखबार डॉन के मुताबिक, बम धमाका मॉल रोड पर पंजाब असेंबली के गेट के बाहर हुआ। यह रास्ता लोगों की आवाजाही के लिहाज से काफी व्यस्त रहता है। वहीं पर खड़े एक वाहन में जोरदार ब्लास्ट हुआ।

ब्लास्ट के तुरंत बाद राहत और बचाव कार्य के लिए ऐम्बुलेंस और फायर ब्रिगेड की गाड़ियां मौके पर पहुंच गईं। घायलों को पास के अस्पतालों में भर्ती कराया गया है। लाहौर के सभी अस्पतालों में आपातकाल घोषित कर दिया गया है।

सुरक्षा बलों ने इलाके को घेर लिया है। सेना के लोग भी मौके पर मौजूद हैं। बता दें कि लाहौर में बम धमाका होने की आशंका 7 फरवरी को जाहिर की गई थी। पाकिस्तानी मीडिया के मुताबिक पंजाब के कानून मंत्री राणा सनउल्लाह ने कहा है कि यह ब्लास्ट एक आत्मघाती हमलावर ने किया।

Visuals from the site: At least 7 including police officials killed, several injured after bomb blast at Lahore’s Mall Road area: Pak media pic.twitter.com/2coSm7Nuws 
— ANI (@ANI_news) February 13, 2017
</topic_text>
<spam_score>0.00</spam_score>
<post_num>6</post_num>
<post_id>post-6</post_id>
<post_url>http://navbharattimes.indiatimes.com/world/pakistan/bomb-blast-at-lahores-mall-road-area-kills-atleast-10-people/articleshow/57130683.cms</post_url>
<post_date>20170214</post_date>
<post_time>0135</post_time>
<username>ayanprince</username>
<post>
भारत में पहली बार घर बैठे कमाये 10000 - 50,000 हर महीने बिना किसी खर्च के | PM मोदी जी द्वारा चलाए गए Digital india से जुड़े . Free Free Dear friends यदि आप अपने Android Mobile से 500-1000 Rs तक हर दिन कमाना चाहते है तो हमे whats app no: +91-9760982955 पर join लिख कर भेज दे!
</post>
<signature>

</signature>
<external_links>

</external_links>
<country>IN</country>
<main_image>http://navbharattimes.indiatimes.com/thumb/msid-57130776,width-300,resizemode-4/world/pakistan/bomb-blast-at-lahores-mall-road-area-kills-atleast-10-people.jpg</main_image>
<rating></rating>
</document>
