<?xml version="1.0" encoding="UTF-8"?>
<document>
<type>mainstream</type>
<forum></forum>
<forum_title></forum_title>
<discussion_title>iCulture Vandaag: dit was maandag 13 februari 2017</discussion_title>
<language>dutch</language>
<gmt_offset></gmt_offset>
<topic_url>http://www.iculture.nl/nieuws/iculture-vandaag-maandag-13-februari-2017/</topic_url>
<topic_text>
iCulture » Nieuws » Round-up » iCulture Vandaag: dit was maandag 13 februari 2017 iCulture Vandaag De belangrijkste headlines om 22u samengevat iCulture Vandaag: dit was maandag 13 februari 2017 13 februari 2017, 22:00 
Voor een maandag was er vandaag een hoop nieuws. Zo sloot Apple zich aan bij het Wireless Power Consortium en krijgt de iPhone 8 misschien wel net zulke lange batterijduur als de iPhone Plus-modellen . Ander iPhone 8 nieuws van vandaag: Apple bestelt 160 miljoen OLED-schermen bij Samsung . Betekent dit dat er meer OLED-iPhones aan komen? Verder bespraken we vandaag ook twee apps, namelijk de AH Efteling App en een nieuwe update van WhatsApp , waarmee je makkelijker je WhatsApp-foto’s in de Foto’s-app kunt bekijken. En welke iPhone is het populairst in Nederland ? Dat en nog veel meer in deze gloednieuwe iCulture Vandaag! Tips, gidsen en opinie Zoek je nog leuke apps voor Valentijnsdag? We hebben de leukste Valentijnsdag-apps voor je op een rij gezet. Nieuws Carpool Karaoke: The Series komt er bijna aan. In de eerste trailer van Carpool Karaoke op Apple Music zien we een hoop sterren voorbij komen. We weten nog steeds niet wat Apple met dit product met Bluetooth en NFC van plan is. Apple werkt in ieder geval nog steeds aan dit apparaat. Uit onderzoek is gebleken wat de populairste iPhones in Nederland zijn. De iPhone 6 blijkt het meestgebruikte model. Apple zou werken aan een Smart Keyboard 2 voor de iPad. Deze heeft misschien wel nieuwe toetsen voor Siri en emoji’s, zo blijkt uit een patent. 
</topic_text>
<spam_score>0.01</spam_score>
<post_num>1</post_num>
<post_id>post-1</post_id>
<post_url>http://www.iculture.nl/nieuws/iculture-vandaag-maandag-13-februari-2017/</post_url>
<post_date>20170213</post_date>
<post_time></post_time>
<username></username>
<post>
iCulture » Nieuws » Round-up » iCulture Vandaag: dit was maandag 13 februari 2017 iCulture Vandaag De belangrijkste headlines om 22u samengevat iCulture Vandaag: dit was maandag 13 februari 2017 13 februari 2017, 22:00 
Voor een maandag was er vandaag een hoop nieuws. Zo sloot Apple zich aan bij het Wireless Power Consortium en krijgt de iPhone 8 misschien wel net zulke lange batterijduur als de iPhone Plus-modellen . Ander iPhone 8 nieuws van vandaag: Apple bestelt 160 miljoen OLED-schermen bij Samsung . Betekent dit dat er meer OLED-iPhones aan komen? Verder bespraken we vandaag ook twee apps, namelijk de AH Efteling App en een nieuwe update van WhatsApp , waarmee je makkelijker je WhatsApp-foto’s in de Foto’s-app kunt bekijken. En welke iPhone is het populairst in Nederland ? Dat en nog veel meer in deze gloednieuwe iCulture Vandaag! Tips, gidsen en opinie Zoek je nog leuke apps voor Valentijnsdag? We hebben de leukste Valentijnsdag-apps voor je op een rij gezet. Nieuws Carpool Karaoke: The Series komt er bijna aan. In de eerste trailer van Carpool Karaoke op Apple Music zien we een hoop sterren voorbij komen. We weten nog steeds niet wat Apple met dit product met Bluetooth en NFC van plan is. Apple werkt in ieder geval nog steeds aan dit apparaat. Uit onderzoek is gebleken wat de populairste iPhones in Nederland zijn. De iPhone 6 blijkt het meestgebruikte model. Apple zou werken aan een Smart Keyboard 2 voor de iPad. Deze heeft misschien wel nieuwe toetsen voor Siri en emoji’s, zo blijkt uit een patent. 
</post>
<signature>

</signature>
<external_links>

</external_links>
<country>NL</country>
<main_image>http://iculture.textopus.nl/wp-content/uploads/2014/12/iCulture-Vandaag.png</main_image>
<rating></rating>
</document>
