<?xml version="1.0" encoding="UTF-8"?>
<document>
<type>mainstream</type>
<forum>http://macosken.libsyn.com/rss</forum>
<forum_title>Mac OS Ken</forum_title>
<discussion_title>Mac OS Ken: 02.13.2017</discussion_title>
<language>english</language>
<gmt_offset></gmt_offset>
<topic_url>http://macosken.libsyn.com/mac-os-ken-02132017</topic_url>
<topic_text>
Mac OS Ken This is daily Apple news. Monday through Friday, Ken Ray brings commute-sized tech news to the podsphere. If it&apos;s Apple news, Apple-related news, or news related to Apple-related news, you&apos;ll hear about it here. News you&apos;ll like... this is Mac OS Ken. Categories 
- Sacconaghi Still High on Apple; Skeptical on Doubling Services 
- Everybody Writes About a DigiTimes Rumor 
- Tim Cook Likens Eventual AR Use to Smartphone Ubiquity 
- Apple Posts New Apple Watch Series 2 Ad 
- Report: Apple Wraps Shooting Planet of the Apps 
- Apple Advertises Carpool Karaoke on Grammys 
- Coloring Book: First Streaming-Only Album to Win Best Album Grammy 
- Prince Hits Apple Music; Other Streaming Services 
- Thoughts on Tim Cook’s Thoughts on Fake News 
- Get 30% off all new products with coupon code Mac30 at GoDaddy.com 
- Blue Apron: A better way to cook. Get your first three meals free by going to BlueApron.com/MACOSKEN 
- Power Mac OS Ken through Patreon at Patreon.com/macosken ! 
- Send me an email: or call (716)780-4080!
</topic_text>
<spam_score>0.00</spam_score>
<post_num>1</post_num>
<post_id>post-1</post_id>
<post_url>http://macosken.libsyn.com/mac-os-ken-02132017</post_url>
<post_date>20170213</post_date>
<post_time>1103</post_time>
<username></username>
<post>
Mac OS Ken This is daily Apple news. Monday through Friday, Ken Ray brings commute-sized tech news to the podsphere. If it&apos;s Apple news, Apple-related news, or news related to Apple-related news, you&apos;ll hear about it here. News you&apos;ll like... this is Mac OS Ken. Categories 
- Sacconaghi Still High on Apple; Skeptical on Doubling Services 
- Everybody Writes About a DigiTimes Rumor 
- Tim Cook Likens Eventual AR Use to Smartphone Ubiquity 
- Apple Posts New Apple Watch Series 2 Ad 
- Report: Apple Wraps Shooting Planet of the Apps 
- Apple Advertises Carpool Karaoke on Grammys 
- Coloring Book: First Streaming-Only Album to Win Best Album Grammy 
- Prince Hits Apple Music; Other Streaming Services 
- Thoughts on Tim Cook’s Thoughts on Fake News 
- Get 30% off all new products with coupon code Mac30 at GoDaddy.com 
- Blue Apron: A better way to cook. Get your first three meals free by going to BlueApron.com/MACOSKEN 
- Power Mac OS Ken through Patreon at Patreon.com/macosken ! 
- Send me an email: or call (716)780-4080!
</post>
<signature>

</signature>
<external_links>

</external_links>
<country>US</country>
<main_image></main_image>
<rating></rating>
</document>
