<?xml version="1.0" encoding="UTF-8"?>
<document>
<type>mainstream</type>
<forum>http://www.hotfreelist.com/feed/posts</forum>
<forum_title>Hot Free List - Free Classified Ads  - Hot Free List - Free Classified Ads</forum_title>
<discussion_title>King of MAGIC RING &amp; WALLET profigga +27789863077 (f d malan str vanderbijlpark in southafrica)</discussion_title>
<language>english</language>
<gmt_offset></gmt_offset>
<topic_url>http://www.hotfreelist.com/4/posts/4-Real-Estate/47-Houses-for-Rent/1573781--King-of-MAGIC-RING-amp-WALLET-profigga-27789863077.html</topic_url>
<topic_text>
Post# A1573781 King of MAGIC RING &amp; WALLET profigga +27789863077 (f d malan str vanderbijlpark in southafrica, Europe, World) Posted on : Monday, 13 February, 2017 12:59 Updated On : Monday, 13 February, 2017 13:59 Expires On : Wednesday, 15 March, 2017 13:59 Reply to : 
King of MAGIC RING &amp; WALLET profigga +27789863077 Finally realize all your desires in the financial and business with our portfolio in Africa also called magnetic &quot;Magic Wallet&quot;! This portfolio out of a bucket of geniuses will act as a protective shield from very effective against the loss of money and the Talisman in it you will attract abundance and prosperity such as a magnetic magnet. This portfolio, designed to replace your current wallet, comes with an instruction manual to activate the talisman by field to energize (finance, trade, gambling, etc. Email: profigga@gmail.com » Phone: +27789863077 Profiggahealer.webs.com It is ok to contact this poster with commercial interests.
</topic_text>
<spam_score>0.00</spam_score>
<post_num>1</post_num>
<post_id>post-1</post_id>
<post_url>http://www.hotfreelist.com/4/posts/4-Real-Estate/47-Houses-for-Rent/1573781--King-of-MAGIC-RING-amp-WALLET-profigga-27789863077.html</post_url>
<post_date>20170213</post_date>
<post_time>1859</post_time>
<username></username>
<post>
Post# A1573781 King of MAGIC RING &amp; WALLET profigga +27789863077 (f d malan str vanderbijlpark in southafrica, Europe, World) Posted on : Monday, 13 February, 2017 12:59 Updated On : Monday, 13 February, 2017 13:59 Expires On : Wednesday, 15 March, 2017 13:59 Reply to : 
King of MAGIC RING &amp; WALLET profigga +27789863077 Finally realize all your desires in the financial and business with our portfolio in Africa also called magnetic &quot;Magic Wallet&quot;! This portfolio out of a bucket of geniuses will act as a protective shield from very effective against the loss of money and the Talisman in it you will attract abundance and prosperity such as a magnetic magnet. This portfolio, designed to replace your current wallet, comes with an instruction manual to activate the talisman by field to energize (finance, trade, gambling, etc. Email: profigga@gmail.com » Phone: +27789863077 Profiggahealer.webs.com It is ok to contact this poster with commercial interests.
</post>
<signature>

</signature>
<external_links>

</external_links>
<country>US</country>
<main_image></main_image>
<rating></rating>
</document>
