<?xml version="1.0" encoding="UTF-8"?>
<document>
<type>mainstream</type>
<forum>http://www.palmbeachpost.com/floridahome/</forum>
<forum_title>Palm Beach Real Estate | Florida Home | Palm Beach Post</forum_title>
<discussion_title>Senate poised to confirm Trump&apos;s pick to head Treasury</discussion_title>
<language>english</language>
<gmt_offset>-6</gmt_offset>
<topic_url>http://www.palmbeachpost.com/business/senate-poised-confirm-trump-pick-head-treasury/fhS7hOrVJrOXBjVyJgpFcM/</topic_url>
<topic_text>
WASHINGTON President Donald Trump&apos;s pick for Treasury secretary is headed toward confirmation by the Senate Monday despite complaints by Democrats that Steven Mnuchin ran a &quot;foreclosure machine&quot; when he headed OneWest Bank.
Votes on Trump&apos;s Cabinet picks have exposed deep partisan divisions in the Republican-controlled Senate, with many of the nominees approved by mostly party-line votes.
The vote Monday evening on Mnuchin is expected to follow the same pattern. Finance Committee Republicans unanimously voted in favor of Mnuchin after committee Democrats boycotted the vote.
The Senate is also scheduled to vote on the nomination of David Shulkin to head the Department of Veterans Affairs. His confirmation has gone much smoother than others. The Senate Veterans Affairs&apos; Committee voted unanimously to approve him.
Republicans said Mnuchin&apos;s long tenure in finance is an ample prerequisite for the Treasury job. Mnuchin is a former top executive at Goldman Sachs.
&quot;This Treasury nominee is smart, he&apos;s capable, and he&apos;s got impressive private-sector experience,&quot; said Senate Majority Leader Mitch McConnell, R-Ky. &quot;We need him confirmed as soon as possible so he can begin to tackle these challenges and reverse the last eight years of economic heartache.&quot;
Sen. Elizabeth Warren, D-Mass., said Mnuchin&apos;s bank was a &quot;foreclosure machine&quot; whose business practices were &quot;sleazy and out of line.&quot;
&quot;Mr. Mnuchin is the ultimate Wall Street insider. From the moment he graduated from college until today, he has worked at a big bank or a hedge fund,&quot; Warren said. &quot;If Wall Street threatens to blow up the economy again, does anyone seriously expect Mr. Mnuchin to get tough with his old buddies and tell them to knock it off?&quot;
Democrats also complained that Mnuchin failed to disclose nearly $100 million in assets on forms he filed with the Senate Finance Committee.
In his testimony before the committee, Mnuchin defended his actions while heading OneWest. He said he had worked hard during the financial crisis to assist homeowners with refinancing so that they could remain in their homes.
He told the committee that his bank had extended more than 100,000 loan modifications to borrowers.
Mnuchin called his failure to disclose assets an oversight. After meeting with committee staff Mnuchin amended his disclosure forms and also disclosed his position as director of Dune Capital International in the Cayman Islands, a well-known offshore tax haven.
When pressed by Democrats to explain the omissions, Mnuchin said: &quot;I did not use a Cayman Island entity in any way to avoid taxes for myself. There was no benefit to me.&quot;
The Treasury Department is responsible for a wide range of activities, including advising the president on economic and financial issues. The department oversees the IRS, negotiates tax treaties with other countries, imposes economic sanctions against foreign governments and individuals, and targets the financial networks of terrorist groups and drug cartels.
The department also issues the bonds that finance the government&apos;s deficit spending.
___
Follow Stephen Ohlemacher on Twitter at: http://twitter.com/stephenatap
</topic_text>
<spam_score>0.00</spam_score>
<post_num>1</post_num>
<post_id>post-1</post_id>
<post_url>http://www.palmbeachpost.com/business/senate-poised-confirm-trump-pick-head-treasury/fhS7hOrVJrOXBjVyJgpFcM/</post_url>
<post_date>20170213</post_date>
<post_time>0328</post_time>
<username>palmbeachpost.com</username>
<post>
WASHINGTON President Donald Trump&apos;s pick for Treasury secretary is headed toward confirmation by the Senate Monday despite complaints by Democrats that Steven Mnuchin ran a &quot;foreclosure machine&quot; when he headed OneWest Bank.
Votes on Trump&apos;s Cabinet picks have exposed deep partisan divisions in the Republican-controlled Senate, with many of the nominees approved by mostly party-line votes.
The vote Monday evening on Mnuchin is expected to follow the same pattern. Finance Committee Republicans unanimously voted in favor of Mnuchin after committee Democrats boycotted the vote.
The Senate is also scheduled to vote on the nomination of David Shulkin to head the Department of Veterans Affairs. His confirmation has gone much smoother than others. The Senate Veterans Affairs&apos; Committee voted unanimously to approve him.
Republicans said Mnuchin&apos;s long tenure in finance is an ample prerequisite for the Treasury job. Mnuchin is a former top executive at Goldman Sachs.
&quot;This Treasury nominee is smart, he&apos;s capable, and he&apos;s got impressive private-sector experience,&quot; said Senate Majority Leader Mitch McConnell, R-Ky. &quot;We need him confirmed as soon as possible so he can begin to tackle these challenges and reverse the last eight years of economic heartache.&quot;
Sen. Elizabeth Warren, D-Mass., said Mnuchin&apos;s bank was a &quot;foreclosure machine&quot; whose business practices were &quot;sleazy and out of line.&quot;
&quot;Mr. Mnuchin is the ultimate Wall Street insider. From the moment he graduated from college until today, he has worked at a big bank or a hedge fund,&quot; Warren said. &quot;If Wall Street threatens to blow up the economy again, does anyone seriously expect Mr. Mnuchin to get tough with his old buddies and tell them to knock it off?&quot;
Democrats also complained that Mnuchin failed to disclose nearly $100 million in assets on forms he filed with the Senate Finance Committee.
In his testimony before the committee, Mnuchin defended his actions while heading OneWest. He said he had worked hard during the financial crisis to assist homeowners with refinancing so that they could remain in their homes.
He told the committee that his bank had extended more than 100,000 loan modifications to borrowers.
Mnuchin called his failure to disclose assets an oversight. After meeting with committee staff Mnuchin amended his disclosure forms and also disclosed his position as director of Dune Capital International in the Cayman Islands, a well-known offshore tax haven.
When pressed by Democrats to explain the omissions, Mnuchin said: &quot;I did not use a Cayman Island entity in any way to avoid taxes for myself. There was no benefit to me.&quot;
The Treasury Department is responsible for a wide range of activities, including advising the president on economic and financial issues. The department oversees the IRS, negotiates tax treaties with other countries, imposes economic sanctions against foreign governments and individuals, and targets the financial networks of terrorist groups and drug cartels.
The department also issues the bonds that finance the government&apos;s deficit spending.
___
Follow Stephen Ohlemacher on Twitter at: http://twitter.com/stephenatap
</post>
<signature>

</signature>
<external_links>
<external_link>http://twitter.com/stephenatap</external_link>
</external_links>
<country>US</country>
<main_image>http://www.palmbeachpost.com/rf/image/Wires/w2/AP_Top_News_Business_Stories/2017/02/13/Images/ab1814d884874a76a276bc9487e1fafb.jpg</main_image>
<rating></rating>
</document>
