<?xml version="1.0" encoding="UTF-8"?>
<document>
<type>mainstream</type>
<forum></forum>
<forum_title></forum_title>
<discussion_title>¡IMPAGABLE! No creerás cuánto puede costar una cesárea en Venezuela - Noticias Venezuela</discussion_title>
<language>spanish</language>
<gmt_offset></gmt_offset>
<topic_url>http://noticiasvenezuela.org/2017/02/13/impagable-no-creeras-cuanto-puede-costar-una-cesarea-en-venezuela/</topic_url>
<topic_text>
¡SE LE DEVOLVIÓ EL MAZO! La razón por la que deberían meter preso a Diosdado Cabello, según Capriles 
13 febrero, 2017 Caracas, 13 de febrero.- El gobernador del estado Miranda Henrique Capriles Radoski cuestionó este lunes si se iba a meter preso al diputado Diosdado Cabello por los contratos de ¡PÁNICO EN MIRAFLORES! Trump expresó a Kuczynski preocupación por la situación humanitaria en Venezuela 
13 febrero, 2017 El presidente de EEUU, Donald Trump, durante una llamada telefónica que sostuvo con el presidente de Perú Pedro Pablo Kuczynski, expresó su preocupación por la situación que ¡PERO SOLO SI SON DE LA OPOSICIÓN! Maduro pide aplicar &quot;mano dura&quot; a quienes resulten implicados en caso Odebrecht 
13 febrero, 2017 El presidente de Venezuela, Nicolás Maduro, pidió hoy a la justicia de su país aplicar &quot;mano dura&quot; a quienes resulten implicados en los supuestos sobornos pagados por Maduro: Fuera CNN de Venezuela, no queremos que metan sus narices en el país (Podrian &quot;aspirar&quot; coca) 
13 febrero, 2017 El presidente Nicolás Maduro instó este domingo al canal internacional de noticias CNN a “no meter sus narices” en el país.“CNN que no se metan en los asuntos de los + Leído 
</topic_text>
<spam_score>0.97</spam_score>
<post_num>1</post_num>
<post_id>post-1</post_id>
<post_url>http://noticiasvenezuela.org/2017/02/13/impagable-no-creeras-cuanto-puede-costar-una-cesarea-en-venezuela/</post_url>
<post_date>20170213</post_date>
<post_time></post_time>
<username>Manuel Rodriguez</username>
<post>
¡SE LE DEVOLVIÓ EL MAZO! La razón por la que deberían meter preso a Diosdado Cabello, según Capriles 
13 febrero, 2017 Caracas, 13 de febrero.- El gobernador del estado Miranda Henrique Capriles Radoski cuestionó este lunes si se iba a meter preso al diputado Diosdado Cabello por los contratos de ¡PÁNICO EN MIRAFLORES! Trump expresó a Kuczynski preocupación por la situación humanitaria en Venezuela 
13 febrero, 2017 El presidente de EEUU, Donald Trump, durante una llamada telefónica que sostuvo con el presidente de Perú Pedro Pablo Kuczynski, expresó su preocupación por la situación que ¡PERO SOLO SI SON DE LA OPOSICIÓN! Maduro pide aplicar &quot;mano dura&quot; a quienes resulten implicados en caso Odebrecht 
13 febrero, 2017 El presidente de Venezuela, Nicolás Maduro, pidió hoy a la justicia de su país aplicar &quot;mano dura&quot; a quienes resulten implicados en los supuestos sobornos pagados por Maduro: Fuera CNN de Venezuela, no queremos que metan sus narices en el país (Podrian &quot;aspirar&quot; coca) 
13 febrero, 2017 El presidente Nicolás Maduro instó este domingo al canal internacional de noticias CNN a “no meter sus narices” en el país.“CNN que no se metan en los asuntos de los + Leído 
</post>
<signature>

</signature>
<external_links>

</external_links>
<country>DE</country>
<main_image>http://noticiasvenezuela.org/wp-content/uploads/2017/02/impagable-no-creeras-cuanto-puede-costar-una-cesarea-en-venezuela.png</main_image>
<rating></rating>
</document>
