<?xml version="1.0" encoding="UTF-8"?>
<document>
<type>mainstream</type>
<forum>http://merhabahaber.com/rss/</forum>
<forum_title>Konya Merhaba Gazetesi - Konya Haberleri, Konya&apos;dan son dakika gelişmeleri</forum_title>
<discussion_title>Kırklareli’de uyuşturucu taciri yakalandı</discussion_title>
<language>turkish</language>
<gmt_offset></gmt_offset>
<topic_url>http://www.merhabahaber.com/kirklarelide-uyusturucu-taciri-yakalandi-1023479h.htm</topic_url>
<topic_text>
Kırklareli’de uyuşturucu taciri yakalandı 23:33 13 Şubat 2017 Kırklareli’de uyuşturucu taciri yakalandı Kırklareli&apos;nin Lüleburgaz ilçesinde düzenlenen uyuşturucu operasyonunda 1 kişi gözaltına alındı. A+ A- 
Kırklareli&apos;nin Lüleburgaz ilçesinde düzenlenen uyuşturucu operasyonunda 1 kişi gözaltına alındı. 
Edinilen bilgiye göre, Lüleburgaz KOM Grup Amirliği ekipleri, Lüleburgaz ilçesi Yıldırım Mahallesi&apos;nde ikamet eden C.D. isimli şahsın şehirler arası yolcu otobüsleri ile İstanbul&apos;a giderek uyuşturucu madde temin ettiği ve bunların satışını yaptığı bilgisi üzerine şahsı takibe aldı. Düzenlenen operasyonla yakalanan zanlının yapılan üst aramasında 152 extacy hap ile daralı ağırlığı 5.28 gram olan esrar maddesi ele geçirildi. Zanlının evinde yapılan aramada ise uyuşturucu madde satışında kullanıldığı değerlendirilen hassas terazi, çok sayıda şeffaf kilitli poşet, 143.88 gram Hint keneviri tohumu, 10.58 gram esrar maddesi ve 21 adet extacy hap ele geçirildi. 
Olayla ilgili tahkikat sürüyor.
</topic_text>
<spam_score>0.00</spam_score>
<post_num>1</post_num>
<post_id>post-1</post_id>
<post_url>http://www.merhabahaber.com/kirklarelide-uyusturucu-taciri-yakalandi-1023479h.htm</post_url>
<post_date>20170213</post_date>
<post_time>2033</post_time>
<username></username>
<post>
Kırklareli’de uyuşturucu taciri yakalandı 23:33 13 Şubat 2017 Kırklareli’de uyuşturucu taciri yakalandı Kırklareli&apos;nin Lüleburgaz ilçesinde düzenlenen uyuşturucu operasyonunda 1 kişi gözaltına alındı. A+ A- 
Kırklareli&apos;nin Lüleburgaz ilçesinde düzenlenen uyuşturucu operasyonunda 1 kişi gözaltına alındı. 
Edinilen bilgiye göre, Lüleburgaz KOM Grup Amirliği ekipleri, Lüleburgaz ilçesi Yıldırım Mahallesi&apos;nde ikamet eden C.D. isimli şahsın şehirler arası yolcu otobüsleri ile İstanbul&apos;a giderek uyuşturucu madde temin ettiği ve bunların satışını yaptığı bilgisi üzerine şahsı takibe aldı. Düzenlenen operasyonla yakalanan zanlının yapılan üst aramasında 152 extacy hap ile daralı ağırlığı 5.28 gram olan esrar maddesi ele geçirildi. Zanlının evinde yapılan aramada ise uyuşturucu madde satışında kullanıldığı değerlendirilen hassas terazi, çok sayıda şeffaf kilitli poşet, 143.88 gram Hint keneviri tohumu, 10.58 gram esrar maddesi ve 21 adet extacy hap ele geçirildi. 
Olayla ilgili tahkikat sürüyor.
</post>
<signature>

</signature>
<external_links>

</external_links>
<country></country>
<main_image>http://d.merhabahaber.com/news/0.jpg</main_image>
<rating></rating>
</document>
