<?xml version="1.0" encoding="UTF-8"?>
<document>
<type>mainstream</type>
<forum>http://rssfeeds.ktvb.com/_/20/108691692/ktvb/sports</forum>
<forum_title>KTVB - Sports</forum_title>
<discussion_title>2017 Boys district basketball tournament</discussion_title>
<language>english</language>
<gmt_offset></gmt_offset>
<topic_url>http://rssfeeds.ktvb.com/_/20/108691692/ktvb/http&amp;#x3a;&amp;#x2f;&amp;#x2f;www&amp;#x2e;ktvb&amp;#x2e;com&amp;#x2f;sports&amp;#x2f;high-school&amp;#x2f;2017-boys-district-basketball-tournament&amp;#x2f;407916346</topic_url>
<topic_text>
2017 Boys district basketball tournament KTVB 1:37 PM. MST February 13, 2017 
#12 Nampa (23) at #5 Centennial (70) - Nampa eliminated 
#11 Columbia (31) at #6 Borah (52) - Columbia eliminated 
#10 Eagle (35) at #7 Timberline (60) - Eagle eliminated 
#9 Kuna (49) at #8 Meridian (46) - Meridian eliminated 
TUESDAY, FEBRUARY 14 
#1 Rocky Mountain vs. #9 Kuna - 6 p.m. 
#3 Capital vs. #6 Borah - 7:30 p.m. 
at Capital High School 
#2 Boise vs. #7 Timberline - 6 p.m. 
#4 Mountain View vs. #5 Centennial - 7:30 p.m. 
4A Great Basin Conference 
#5 Wood River at #4 Twin Falls - 7 p.m. 
#6 Canyon Ridge at #3 Jerome - 7 p.m. 
THURSDAY, FEBRUARY 16 
TBA at #1 Burley - 7 p.m. 
TBA at #2 Minico - 7 p.m. 

TUESDAY, FEBRUARY 14 at TVCC 
#5 Homedale vs. #4 Payette - 6:30 p.m. (loser eliminated) 
SATURDAY, FEBRUARY 18 
#3 Parma vs. #2 Fruitland - 6 p.m. 
#1 Parma vs. TBA - 7:30 p.m. 

3A Sawtooth Central Idaho Conference 
(Photo: Allsop, Danielle) 
#4 Filer at #1 Kimberly - 7 p.m. 
#3 Gooding at #2 Buhl - 7 p.m. 

#5 Marsing at #4 Melba - 7 p.m. 
#6 McCall-Donnelly at #3 Nampa Christian - 7 p.m. 
SATURDAY, FEBRUARY 18 
TBA vs. Cole Valley - 6 p.m. 
TBA vs. New Plymouth - 7:30 p.m. 

#12 Rimrock at #5 North Star - 7 p.m. (loser eliminated) 
#11 Greenleaf at #6 Notus - 7 p.m. (loser eliminated) 
#10 Idaho City at #7 Victory Charter - 7 p.m. (loser eliminated) 
#9 Wilder at. #8 Compass Charter - 7p.m. (loser eliminated) 

1AD1 Snake River Valley Conference 
(Photo: Allsop, Danielle) 
MONDAY, FEBRUARY 13 at Murtaugh High School 
#5 Glenns Ferry vs. #4 Shoshone - 6 p.m. 
#6 Hagerman vs. #3 Raft River - 7:30 p.m. 
WEDNESDAY, FEBRUARY 15 
#1 Oakley vs. TBA - 6 p.m. 
#2 Valley vs. TBA - 7:30 p.m.
</topic_text>
<spam_score>0.00</spam_score>
<post_num>1</post_num>
<post_id>post-1</post_id>
<post_url>http://rssfeeds.ktvb.com/_/20/108691692/ktvb/http&amp;#x3a;&amp;#x2f;&amp;#x2f;www&amp;#x2e;ktvb&amp;#x2e;com&amp;#x2f;sports&amp;#x2f;high-school&amp;#x2f;2017-boys-district-basketball-tournament&amp;#x2f;407916346</post_url>
<post_date>20170213</post_date>
<post_time>2037</post_time>
<username></username>
<post>
2017 Boys district basketball tournament KTVB 1:37 PM. MST February 13, 2017 
#12 Nampa (23) at #5 Centennial (70) - Nampa eliminated 
#11 Columbia (31) at #6 Borah (52) - Columbia eliminated 
#10 Eagle (35) at #7 Timberline (60) - Eagle eliminated 
#9 Kuna (49) at #8 Meridian (46) - Meridian eliminated 
TUESDAY, FEBRUARY 14 
#1 Rocky Mountain vs. #9 Kuna - 6 p.m. 
#3 Capital vs. #6 Borah - 7:30 p.m. 
at Capital High School 
#2 Boise vs. #7 Timberline - 6 p.m. 
#4 Mountain View vs. #5 Centennial - 7:30 p.m. 
4A Great Basin Conference 
#5 Wood River at #4 Twin Falls - 7 p.m. 
#6 Canyon Ridge at #3 Jerome - 7 p.m. 
THURSDAY, FEBRUARY 16 
TBA at #1 Burley - 7 p.m. 
TBA at #2 Minico - 7 p.m. 

TUESDAY, FEBRUARY 14 at TVCC 
#5 Homedale vs. #4 Payette - 6:30 p.m. (loser eliminated) 
SATURDAY, FEBRUARY 18 
#3 Parma vs. #2 Fruitland - 6 p.m. 
#1 Parma vs. TBA - 7:30 p.m. 

3A Sawtooth Central Idaho Conference 
(Photo: Allsop, Danielle) 
#4 Filer at #1 Kimberly - 7 p.m. 
#3 Gooding at #2 Buhl - 7 p.m. 

#5 Marsing at #4 Melba - 7 p.m. 
#6 McCall-Donnelly at #3 Nampa Christian - 7 p.m. 
SATURDAY, FEBRUARY 18 
TBA vs. Cole Valley - 6 p.m. 
TBA vs. New Plymouth - 7:30 p.m. 

#12 Rimrock at #5 North Star - 7 p.m. (loser eliminated) 
#11 Greenleaf at #6 Notus - 7 p.m. (loser eliminated) 
#10 Idaho City at #7 Victory Charter - 7 p.m. (loser eliminated) 
#9 Wilder at. #8 Compass Charter - 7p.m. (loser eliminated) 

1AD1 Snake River Valley Conference 
(Photo: Allsop, Danielle) 
MONDAY, FEBRUARY 13 at Murtaugh High School 
#5 Glenns Ferry vs. #4 Shoshone - 6 p.m. 
#6 Hagerman vs. #3 Raft River - 7:30 p.m. 
WEDNESDAY, FEBRUARY 15 
#1 Oakley vs. TBA - 6 p.m. 
#2 Valley vs. TBA - 7:30 p.m.
</post>
<signature>

</signature>
<external_links>

</external_links>
<country>US</country>
<main_image>http://content.ktvb.com/photo/2017/02/13/LOGO_1487017541567_8505129_ver1.0.jpg</main_image>
<rating></rating>
</document>
