<?xml version="1.0" encoding="UTF-8"?>
<document>
<type>mainstream</type>
<forum>http://tsn.ua/rss/groshi</forum>
<forum_title>Новини на tsn.ua</forum_title>
<discussion_title>Долар і євро подешевшають в курсах валют на День закоханих</discussion_title>
<language>ukrainian</language>
<gmt_offset></gmt_offset>
<topic_url>https://tsn.ua/groshi/dolar-i-yevro-podeshevshayut-v-kursah-valyut-na-den-zakohanih-880115.html</topic_url>
<topic_text>
Нацбанк оприлюднив курси валют на 14 лютого. 
Національний банк України оприлюднив офіційні курси валют на вівторок, 14 лютого. 
Долар США втратить 4 копійки і його вартість становитиме 27,16 грн. 
Євро подешевшає на таку ж суму і буде коштувати 28,87 грн. 
Читайте також: Доларовий прогноз. Як почуватиметься гривня на валютному ринку 
Нагадаємо, у держбюджеті на 2017 рік заклали долар по 27,2 грн. 
За всю свою історію гривня встановила антирекорди два роки тому - 26 лютого 2015-го в офіційних курсах НБУ долар США сягнув 30,01 грн, а євро – 34,04 грн. Економічні новини тижня: здорожчання хліба, падіння долара та неочікуваний удар від Гонтаревої
</topic_text>
<spam_score>0.00</spam_score>
<post_num>1</post_num>
<post_id>post-1</post_id>
<post_url>https://tsn.ua/groshi/dolar-i-yevro-podeshevshayut-v-kursah-valyut-na-den-zakohanih-880115.html</post_url>
<post_date>20170213</post_date>
<post_time>1956</post_time>
<username></username>
<post>
Нацбанк оприлюднив курси валют на 14 лютого. 
Національний банк України оприлюднив офіційні курси валют на вівторок, 14 лютого. 
Долар США втратить 4 копійки і його вартість становитиме 27,16 грн. 
Євро подешевшає на таку ж суму і буде коштувати 28,87 грн. 
Читайте також: Доларовий прогноз. Як почуватиметься гривня на валютному ринку 
Нагадаємо, у держбюджеті на 2017 рік заклали долар по 27,2 грн. 
За всю свою історію гривня встановила антирекорди два роки тому - 26 лютого 2015-го в офіційних курсах НБУ долар США сягнув 30,01 грн, а євро – 34,04 грн. Економічні новини тижня: здорожчання хліба, падіння долара та неочікуваний удар від Гонтаревої
</post>
<signature>

</signature>
<external_links>

</external_links>
<country>UA</country>
<main_image>https://img.tsn.ua/thumbs/608xX/06/92/f6214c76245e7cf7afe79f3e97ba9206.jpg</main_image>
<rating></rating>
</document>
