<?xml version="1.0" encoding="UTF-8"?>
<document>
<type>mainstream</type>
<forum>http://www.racked.com/rss/index.xml</forum>
<forum_title>Racked -  All</forum_title>
<discussion_title>Cheap, Very Last-Minute Valentine’s Day Gifts You Can Buy at Duane Reade</discussion_title>
<language>english</language>
<gmt_offset></gmt_offset>
<topic_url>http://www.racked.com/2017/2/13/14572486/last-minute-valentines-day-gifts</topic_url>
<topic_text>
share Total Value is $17.58: Plush Hedgehog ($9.99), Weiner Dog ($7.59) There’s nothing quite like the rush of realizing you’ve made a colossal mistake with only a few precious moments to rectify it. It’s how Jack Bauer must feel every week! Perhaps you’re familiar with this feeling, and maybe, you’re feeling it right now. Tomorrow is Valentine’s Day, you’ve got nothing for your sweetie, and no chance of placing a last-minute order online or getting to a department store in the next 24 hours. Don’t worry — there’s still Duane Reade! (Or CVS, Rite Aid, Walgreens, and whatever other convenience store that’s in your state.) This is where you’ll find the true last minute gifts — as in you can pick them up literally on t he way to a date. (We don’t recommend it, but it can be done.) Here, $100 worth of gifts that you can buy at your local corner store, for the Valentine-er who’s short on time and money but not on love. And alternatively, for the person who wants to offer up the final straw for their significant other. Did you know that you can buy a Beyoncé “Heat Kissed” set (which includes lotion and perfume) for $20 at Duane Reade? It was (great) news to me. Not sure what “Heat Kissed” means, but it’s almost definitely why Bey is expecting twins. Similarly, what is Duane Reade holding over Christian Siriano to make him sell packs of bath bombs, lip glosses, and lotions (pictured above) there? Total value is $27.68: Beyoncè “Heat Kissed” 3-piece set ($20), Christian Siriano Hand Cream 4-piece set ($4.99), Jordana Mordern Matte Lipstick ($2.69). This right here is the romance package. Chocolate and wine, a true Valentine’s Day classic! You’ll look like a true gentleman until your date takes a closer look and notices that the “rosé” is really Duane Reade’s finest “wine product” White Zinfandel from Chateau Diana, and the chocolates are Charlie Brown-themed. That might actually be fitting, since gifting this will most likely ensure a Charlie Brown fate: alone, suffering, and underpaying an unqualified psychiatrist who thinks you’re a blockhead. Total Value is $7.88: Chateau Diana White Zinfandel ($5.99), Peanuts Heart Chocolate Box ($1.89) Let’s get this out of the way: That’s a card — it’s not a fetish thing. Valentine’s Day cards on February 13th (and 14th) are pretty bleak , so if you really put this part off you might need to make your own with construction paper, crayons, and the sneaking suspicion that this is a terrible idea that will make you appear childish and moronic. Total Value is $16.27: Valentine Card ($8.99), Crayola Crayons ($2.99), Wexford Construction Paper ($4.29) Warning: Purchase these animal-themed chocolate boxes at your own risk. Have you and your date broached whether they’re a cat person a dog person? On the other hand, if your date tells you to go to hell for buying them a box of chocolates with a googly eyed dog on it from Duane Reade, at least you’ll have something to eat away the sadness with. Total Value is $8.98: Googly Eyes Heart Chocolate Box ($3.99), Pets Heart Chocolate Box ($4.99) The special times suite: Nothing says “Please, I’m so desperate” like a gift set of lingerie (??), a bottle of White Zinfandel , and lip balm (for macking, of course) bought at Duane Reade. This could also be called the go-big-or-go-home package, or the you’re-such-an-idiot-Brian-you-actually-thought-this-was-going-to-work package. These are the gifts that will make all the ladies in your life scream: you hurt me today. Total Value is $23.26: Hanes Cotton Hi-Cut Woman Underwear ($8.99), Chateau Diana White Zinfandel ($5.99), Heart-Shaped Handle Mug ($5.99), Blistex Lip Medex ($2.29) Total Value of All Products: $95.66 More From Racked
</topic_text>
<spam_score>0.00</spam_score>
<post_num>1</post_num>
<post_id>post-1</post_id>
<post_url>http://www.racked.com/2017/2/13/14572486/last-minute-valentines-day-gifts</post_url>
<post_date>20170213</post_date>
<post_time>1802</post_time>
<username>Cam Wolf</username>
<post>
share Total Value is $17.58: Plush Hedgehog ($9.99), Weiner Dog ($7.59) There’s nothing quite like the rush of realizing you’ve made a colossal mistake with only a few precious moments to rectify it. It’s how Jack Bauer must feel every week! Perhaps you’re familiar with this feeling, and maybe, you’re feeling it right now. Tomorrow is Valentine’s Day, you’ve got nothing for your sweetie, and no chance of placing a last-minute order online or getting to a department store in the next 24 hours. Don’t worry — there’s still Duane Reade! (Or CVS, Rite Aid, Walgreens, and whatever other convenience store that’s in your state.) This is where you’ll find the true last minute gifts — as in you can pick them up literally on t he way to a date. (We don’t recommend it, but it can be done.) Here, $100 worth of gifts that you can buy at your local corner store, for the Valentine-er who’s short on time and money but not on love. And alternatively, for the person who wants to offer up the final straw for their significant other. Did you know that you can buy a Beyoncé “Heat Kissed” set (which includes lotion and perfume) for $20 at Duane Reade? It was (great) news to me. Not sure what “Heat Kissed” means, but it’s almost definitely why Bey is expecting twins. Similarly, what is Duane Reade holding over Christian Siriano to make him sell packs of bath bombs, lip glosses, and lotions (pictured above) there? Total value is $27.68: Beyoncè “Heat Kissed” 3-piece set ($20), Christian Siriano Hand Cream 4-piece set ($4.99), Jordana Mordern Matte Lipstick ($2.69). This right here is the romance package. Chocolate and wine, a true Valentine’s Day classic! You’ll look like a true gentleman until your date takes a closer look and notices that the “rosé” is really Duane Reade’s finest “wine product” White Zinfandel from Chateau Diana, and the chocolates are Charlie Brown-themed. That might actually be fitting, since gifting this will most likely ensure a Charlie Brown fate: alone, suffering, and underpaying an unqualified psychiatrist who thinks you’re a blockhead. Total Value is $7.88: Chateau Diana White Zinfandel ($5.99), Peanuts Heart Chocolate Box ($1.89) Let’s get this out of the way: That’s a card — it’s not a fetish thing. Valentine’s Day cards on February 13th (and 14th) are pretty bleak , so if you really put this part off you might need to make your own with construction paper, crayons, and the sneaking suspicion that this is a terrible idea that will make you appear childish and moronic. Total Value is $16.27: Valentine Card ($8.99), Crayola Crayons ($2.99), Wexford Construction Paper ($4.29) Warning: Purchase these animal-themed chocolate boxes at your own risk. Have you and your date broached whether they’re a cat person a dog person? On the other hand, if your date tells you to go to hell for buying them a box of chocolates with a googly eyed dog on it from Duane Reade, at least you’ll have something to eat away the sadness with. Total Value is $8.98: Googly Eyes Heart Chocolate Box ($3.99), Pets Heart Chocolate Box ($4.99) The special times suite: Nothing says “Please, I’m so desperate” like a gift set of lingerie (??), a bottle of White Zinfandel , and lip balm (for macking, of course) bought at Duane Reade. This could also be called the go-big-or-go-home package, or the you’re-such-an-idiot-Brian-you-actually-thought-this-was-going-to-work package. These are the gifts that will make all the ladies in your life scream: you hurt me today. Total Value is $23.26: Hanes Cotton Hi-Cut Woman Underwear ($8.99), Chateau Diana White Zinfandel ($5.99), Heart-Shaped Handle Mug ($5.99), Blistex Lip Medex ($2.29) Total Value of All Products: $95.66 More From Racked
</post>
<signature>

</signature>
<external_links>

</external_links>
<country>US</country>
<main_image>https://cdn0.vox-cdn.com/thumbor/EjIrxXObTh3m7pIbYWD2p8bedPI=/0x49:1800x1062/1600x900/cdn0.vox-cdn.com/uploads/chorus_image/image/53219235/01Lead.0.jpg</main_image>
<rating></rating>
</document>
