<?xml version="1.0" encoding="UTF-8"?>
<document>
<type>mainstream</type>
<forum>http://thescoopblog.dallasnews.com/index.rss</forum>
<forum_title>Dallas News | index</forum_title>
<discussion_title>Watch: Amputee patients get a water salute as they leave DFW Airport for annual ski trip</discussion_title>
<language>english</language>
<gmt_offset></gmt_offset>
<topic_url>http://www.dallasnews.com/business/philanthropy/2017/02/13/watchamputee-patients-get-water-salute-leave-dfw-airport-annual-ski-trip</topic_url>
<topic_text>
Get Unlimited Digital Access Your first month is less than a dollar. $0.99 for first 4 weeks Subscribe Now 
After record heat over the weekend , 14 Scottish Rite Hospital patients will be in for a temperature shock this week in the mountains of Colorado. 
The patients are part of the annual Amputee Ski Trip. Since 1981, the hospital has sent patients, medical staff, and chaperones to the National Sports Center for the Disabled in Winter Park, Colorado. 
Check out the below video of the excited teens boarding the plane, including a water salute of their aircraft, courtesy of the DFW Airport Fire Department. 
American Airlines has sponsored the trip for the past 12 years and hosted the send-off party. 
&quot;Some of you have been in the hospital since you were born, and probably have had tremendous challenges,&quot; said Joe Taney of American Airlines. &quot;But still, you smile, you play sports, you live your life, and you&apos;re a reflection that all of us should be like you.&quot; Texas Scottish Rite Hospital for Children kicks off restaurant fundraising campaign 
According to Scottish Rite, the hospital recognizes that snow skiing is well suited for amputees, and with special equipment, they can become competitive and often excel at the sport. Jordan Palmer, 17, prepares to board the plane headed to Denver for a ski trip at DFW International Airport, on Monday, February 13, 2017. A group of amputees from Texas Scottish Rite Hospital are traveling to Denver for a week of skiing and other activities. (Vernon Bryant/The Dallas Morning News) View Comments
</topic_text>
<spam_score>0.00</spam_score>
<post_num>1</post_num>
<post_id>post-1</post_id>
<post_url>http://www.dallasnews.com/business/philanthropy/2017/02/13/watchamputee-patients-get-water-salute-leave-dfw-airport-annual-ski-trip</post_url>
<post_date>20170213</post_date>
<post_time>2100</post_time>
<username>Tommy Noel</username>
<post>
Get Unlimited Digital Access Your first month is less than a dollar. $0.99 for first 4 weeks Subscribe Now 
After record heat over the weekend , 14 Scottish Rite Hospital patients will be in for a temperature shock this week in the mountains of Colorado. 
The patients are part of the annual Amputee Ski Trip. Since 1981, the hospital has sent patients, medical staff, and chaperones to the National Sports Center for the Disabled in Winter Park, Colorado. 
Check out the below video of the excited teens boarding the plane, including a water salute of their aircraft, courtesy of the DFW Airport Fire Department. 
American Airlines has sponsored the trip for the past 12 years and hosted the send-off party. 
&quot;Some of you have been in the hospital since you were born, and probably have had tremendous challenges,&quot; said Joe Taney of American Airlines. &quot;But still, you smile, you play sports, you live your life, and you&apos;re a reflection that all of us should be like you.&quot; Texas Scottish Rite Hospital for Children kicks off restaurant fundraising campaign 
According to Scottish Rite, the hospital recognizes that snow skiing is well suited for amputees, and with special equipment, they can become competitive and often excel at the sport. Jordan Palmer, 17, prepares to board the plane headed to Denver for a ski trip at DFW International Airport, on Monday, February 13, 2017. A group of amputees from Texas Scottish Rite Hospital are traveling to Denver for a week of skiing and other activities. (Vernon Bryant/The Dallas Morning News) View Comments
</post>
<signature>

</signature>
<external_links>

</external_links>
<country>US</country>
<main_image>https://dallasnews.imgix.net/1487018215-NMC_13Skitrip2.jpg?w=1200&amp;h=630&amp;format=jpg&amp;crop=faces&amp;fit=crop</main_image>
<rating></rating>
</document>
