<?xml version="1.0" encoding="UTF-8"?>
<document>
<type>mainstream</type>
<forum>http://wek.ru/rss.xml</forum>
<forum_title>Электронная газета «ВЕК»</forum_title>
<discussion_title>Жительница США в течение года документировала в Instagram каждый прием пищи</discussion_title>
<language>russian</language>
<gmt_offset></gmt_offset>
<topic_url>https://wek.ru/zhitelnica-ssha-v-techenie-goda-dokumentirovala-v-instagram-kazhdyj-priem-pishhi</topic_url>
<topic_text>
Жительница США в течение года документировала в Instagram каждый прием пищи Жительница США в течение года документировала в Instagram каждый прием пищи Опубликовано 13.02.2017 16:13 Фото: http://www.moya-planeta.ru Жительница нью-йоркского района Бруклин в течение года публиковала в Instagram-аккаунте фотографии всех своих съеденных блюд. Об этом пишет Daily Mail. 
В голову 25-летней Сэми Мэйн пришла не особо оригинальная идея - девушка решила фотографировать всю еду, которую употребляет, а фотоснимки публиковать на своей страничке в Инстаграме. Однако же, такое решение было принято ею не ради забавы - документировать свой каждый прием пищи она начала после того, как поняла, что страдает орторексией. Такой научный термин получило чрезмерное увлечение здоровым питанием. 
Дошло до того, что Сэми, стараясь питаться правильно, очень похудела - на пике заболевания ее вес составлял всего тридцать килограммов. При этом девушка очень урезала свой рацион, полностью исключив из него многие продукты по причине их предполагаемой «вредности». 
После того, как Сэми начала публиковать снимки своих блюд в микроблоге, ей удалось взглянуть на свое питание со стороны. Она вела свой аккаунт на протяжении 2,5 лет и в последний год стала выкладывать фото регулярно, два раза в день. В результате ей удалось исправить свое отношение к пище и добиться желаемых результатов - американка поправилась до 40-43 кг. 
«Со временем фотографии моих блюд изменились: еда стала намного аппетитнее, а порции заметно больше», — сказала Мэйн. Она призналась, что додумалась до Инстаграм-терапии не самостоятельно: такой метод ей посоветовал специалист-диетолог. 
Девушка сумела вновь доверять еде, однако все же придерживается принципов правильного питания. 
Отметим, что для человека, который страдает нервной орторексией, здоровое питание становится настолько важным, что поглощает собой все жизненное пространство. В рацион входят исключительно «полезные» продукты, при этом вкус еды не имеет какого-либо значения. Любое нарушение диеты становится причиной тревожности и заставляет человека испытывать всепоглощающее чувство вины. Информационная служба «Века»
</topic_text>
<spam_score>0.00</spam_score>
<post_num>1</post_num>
<post_id>post-1</post_id>
<post_url>https://wek.ru/zhitelnica-ssha-v-techenie-goda-dokumentirovala-v-instagram-kazhdyj-priem-pishhi</post_url>
<post_date>20170213</post_date>
<post_time>1313</post_time>
<username></username>
<post>
Жительница США в течение года документировала в Instagram каждый прием пищи Жительница США в течение года документировала в Instagram каждый прием пищи Опубликовано 13.02.2017 16:13 Фото: http://www.moya-planeta.ru Жительница нью-йоркского района Бруклин в течение года публиковала в Instagram-аккаунте фотографии всех своих съеденных блюд. Об этом пишет Daily Mail. 
В голову 25-летней Сэми Мэйн пришла не особо оригинальная идея - девушка решила фотографировать всю еду, которую употребляет, а фотоснимки публиковать на своей страничке в Инстаграме. Однако же, такое решение было принято ею не ради забавы - документировать свой каждый прием пищи она начала после того, как поняла, что страдает орторексией. Такой научный термин получило чрезмерное увлечение здоровым питанием. 
Дошло до того, что Сэми, стараясь питаться правильно, очень похудела - на пике заболевания ее вес составлял всего тридцать килограммов. При этом девушка очень урезала свой рацион, полностью исключив из него многие продукты по причине их предполагаемой «вредности». 
После того, как Сэми начала публиковать снимки своих блюд в микроблоге, ей удалось взглянуть на свое питание со стороны. Она вела свой аккаунт на протяжении 2,5 лет и в последний год стала выкладывать фото регулярно, два раза в день. В результате ей удалось исправить свое отношение к пище и добиться желаемых результатов - американка поправилась до 40-43 кг. 
«Со временем фотографии моих блюд изменились: еда стала намного аппетитнее, а порции заметно больше», — сказала Мэйн. Она призналась, что додумалась до Инстаграм-терапии не самостоятельно: такой метод ей посоветовал специалист-диетолог. 
Девушка сумела вновь доверять еде, однако все же придерживается принципов правильного питания. 
Отметим, что для человека, который страдает нервной орторексией, здоровое питание становится настолько важным, что поглощает собой все жизненное пространство. В рацион входят исключительно «полезные» продукты, при этом вкус еды не имеет какого-либо значения. Любое нарушение диеты становится причиной тревожности и заставляет человека испытывать всепоглощающее чувство вины. Информационная служба «Века»
</post>
<signature>

</signature>
<external_links>

</external_links>
<country>RU</country>
<main_image>https://wek.ru/images/zhitelnica-ssha-v-techenie-goda-dokumentirovala-v-instagram-kazhdyj-priem-pishhi.jpg</main_image>
<rating></rating>
</document>
