<?xml version="1.0" encoding="UTF-8"?>
<document>
<type>mainstream</type>
<forum>http://france3-regions.francetvinfo.fr/sport/rss?r=basse-normandie</forum>
<forum_title>France 3 Normandie - sport</forum_title>
<discussion_title>Les hockeyeurs de Rouen préparent les championnats du monde de mai 2017</discussion_title>
<language>french</language>
<gmt_offset></gmt_offset>
<topic_url>http://france3-regions.francetvinfo.fr/normandie/seine-maritime/metropole-rouen-normandie/rouen/hockeyeurs-rouen-preparent-championnats-du-monde-mai-2017-1196167.html</topic_url>
<topic_text>
Les hockeyeurs de Rouen préparent les championnats du monde de mai 2017 France 3 Normandie 
Les internationaux du club de Rouen reviennent d&apos;un stage en Autriche 
Par Richard Plumet Publié le 13/02/2017 à 18:03   18:07 Une première en France Après 6 jours de stage, séance de décrassage ce lundi (13 février) pour les Dragons de Rouen sélectionnés pour le &quot;mondial&quot; de hockey. Un événement très attendu. Une étape importante dans la carrière de tout hockeyeur de haut niveau. Tension donc, et concentration, au sein du club de Rouen, qui sera particulièrement à l&apos;honneur en mai prochain avec pas moins de 8 dragons pré-sélectionnés pour les championnats du monde de hockey sur glace, championnats organisés pour la première fois par la France et l&apos;Allemagne. VIDEO : le reportage France 3 Normandie de François Verly et Félix Bollez (montage : Xavier Robert) avec les interviews de Loïc Lampérier , attaquant de Rouen et international français Fabrice Lhenry , entraineur du Rouen Hockey Elite et ancien international français Damien Raux, défenseur de Rouen et international français Jordann Perret , attaquant de Rouen et international français
</topic_text>
<spam_score>0.00</spam_score>
<post_num>1</post_num>
<post_id>post-1</post_id>
<post_url>http://france3-regions.francetvinfo.fr/normandie/seine-maritime/metropole-rouen-normandie/rouen/hockeyeurs-rouen-preparent-championnats-du-monde-mai-2017-1196167.html</post_url>
<post_date>20170213</post_date>
<post_time>1703</post_time>
<username>Richard Plumet</username>
<post>
Les hockeyeurs de Rouen préparent les championnats du monde de mai 2017 France 3 Normandie 
Les internationaux du club de Rouen reviennent d&apos;un stage en Autriche 
Par Richard Plumet Publié le 13/02/2017 à 18:03   18:07 Une première en France Après 6 jours de stage, séance de décrassage ce lundi (13 février) pour les Dragons de Rouen sélectionnés pour le &quot;mondial&quot; de hockey. Un événement très attendu. Une étape importante dans la carrière de tout hockeyeur de haut niveau. Tension donc, et concentration, au sein du club de Rouen, qui sera particulièrement à l&apos;honneur en mai prochain avec pas moins de 8 dragons pré-sélectionnés pour les championnats du monde de hockey sur glace, championnats organisés pour la première fois par la France et l&apos;Allemagne. VIDEO : le reportage France 3 Normandie de François Verly et Félix Bollez (montage : Xavier Robert) avec les interviews de Loïc Lampérier , attaquant de Rouen et international français Fabrice Lhenry , entraineur du Rouen Hockey Elite et ancien international français Damien Raux, défenseur de Rouen et international français Jordann Perret , attaquant de Rouen et international français
</post>
<signature>

</signature>
<external_links>

</external_links>
<country>FR</country>
<main_image>http://france3-regions.francetvinfo.fr/normandie/sites/regions_france3/files/styles/top_big/public/assets/images/2017/02/13/13022017_rhe2-2901715.png?itok=v7fCzzZy</main_image>
<rating></rating>
</document>
