<?xml version="1.0" encoding="UTF-8"?>
<document>
<type>mainstream</type>
<forum>http://klcc.org/rss.xml</forum>
<forum_title></forum_title>
<discussion_title>Metropolis: 2/11/17</discussion_title>
<language>english</language>
<gmt_offset></gmt_offset>
<topic_url>http://klcc.org/post/metropolis-21117</topic_url>
<topic_text>
By editor • 5 hours ago KCRW&apos;s Jason Bentley premieres new music from Little Dragon on this week&apos;s Metropolis. Courtesy of the artist Little Dragon, &quot;High&quot; (Loma Vista/ Republic) Barclay Crenshaw, &quot;The Gene Sequence&quot; (STX &amp; BRX) TOKiMONSTA, &quot;Surrender [feat. Gavin Turek][Surrender Remix]&quot; (Young Art) Moon Boots, &quot;Tear My Heart [feat. Lulu James]&quot; (French Express) Vanilla Ace, &quot;Little Pigs&quot; (Spinnin&apos; Deep) Oliver Jay, &quot;Jungle Fire&quot; (Bunny Tiger) Joeski, &quot;Dub Music&quot; (Poker Flat Recordings) Andrus, Giorgio Brindesi, Alejandro Franco, &quot;Play This Game&quot; Stylophonic, &quot;Dancing Machine [Dub Re-Edit]&quot; (Motown Records) French-Soler, &quot;Kaleidoscope&quot; (So Recordings, Silva Screen Recrods) Kaskade &amp; deadmau5, &quot;Beneath With Me [feat. Skylar Grey]&quot; (Warner Bros. Records/ Arkade) Underworld, &quot;Nylon Strung&quot; (Ume) Lance Desardi, &quot;Future Time [Instrumental]&quot; (Lazy Days Recordings) Letherette, &quot;Shanel&quot; (Ninja Tune)
</topic_text>
<spam_score>0.00</spam_score>
<post_num>1</post_num>
<post_id>post-1</post_id>
<post_url>http://klcc.org/post/metropolis-21117</post_url>
<post_date>20170213</post_date>
<post_time>1602</post_time>
<username>editor</username>
<post>
By editor • 5 hours ago KCRW&apos;s Jason Bentley premieres new music from Little Dragon on this week&apos;s Metropolis. Courtesy of the artist Little Dragon, &quot;High&quot; (Loma Vista/ Republic) Barclay Crenshaw, &quot;The Gene Sequence&quot; (STX &amp; BRX) TOKiMONSTA, &quot;Surrender [feat. Gavin Turek][Surrender Remix]&quot; (Young Art) Moon Boots, &quot;Tear My Heart [feat. Lulu James]&quot; (French Express) Vanilla Ace, &quot;Little Pigs&quot; (Spinnin&apos; Deep) Oliver Jay, &quot;Jungle Fire&quot; (Bunny Tiger) Joeski, &quot;Dub Music&quot; (Poker Flat Recordings) Andrus, Giorgio Brindesi, Alejandro Franco, &quot;Play This Game&quot; Stylophonic, &quot;Dancing Machine [Dub Re-Edit]&quot; (Motown Records) French-Soler, &quot;Kaleidoscope&quot; (So Recordings, Silva Screen Recrods) Kaskade &amp; deadmau5, &quot;Beneath With Me [feat. Skylar Grey]&quot; (Warner Bros. Records/ Arkade) Underworld, &quot;Nylon Strung&quot; (Ume) Lance Desardi, &quot;Future Time [Instrumental]&quot; (Lazy Days Recordings) Letherette, &quot;Shanel&quot; (Ninja Tune)
</post>
<signature>

</signature>
<external_links>

</external_links>
<country>US</country>
<main_image>http://mediad.publicbroadcasting.net/p/shared/npr/styles/medium/nprshared/201702/514977254.jpg</main_image>
<rating></rating>
</document>
