<?xml version="1.0" encoding="UTF-8"?>
<document>
<type>mainstream</type>
<forum>http://www.middleeasteye.net/countries/libya</forum>
<forum_title>Libya | Middle East Eye</forum_title>
<discussion_title>How Libya&apos;s oil smugglers are bleeding country of cash</discussion_title>
<language>english</language>
<gmt_offset>0</gmt_offset>
<topic_url>http://www.middleeasteye.net/news/how-libyas-oil-smugglers-are-bleeding-country-cash-592024472</topic_url>
<topic_text>
Armed militia, backed by police and coast guard, are illegally shipping Libya&apos;s oil to Europe in league with Mafia groups
Oil tanker Captain Khayyam, docked at Tripoli in February 2016. It was stopped by the coast guard, which said its crew was smuggling diesel (AFP) Francesca Mannocchi Thursday 9 February 2017 16:00 UTC Last update: Friday 10 February 2017 2:45 UTC Topics: LibyaCrisis Tags: oil , Libya , Sbratha Show comments TRIPOLI, Libya - Sabratha lies on the far western coast of Libya. Founded by the Phoenicians and famed for its ancient Roman ruins, in more recent years it has been controlled at various points by Muammar Gaddafi, anti-government rebels and the Islamic State (IS) group.
But now the city is home to militants, a haven for fuel smugglers, who have turned this historic stretch of the North African coastline into a locus for their activities.
&apos;Fuel smuggling is feeding the area, especially now that the cash is in short supply in Libya. The whole economy is a victim of lawlessness and corruption&apos;
- Davide, Italian engineer
“If you wait until nightfall, you can see dozens of men filling the ships with fuel,” says Davide. It’s not his real name: A fifty-something engineer from northern Italy who has worked in western Libya for years, he asks for anonymity amid fears for his own safety.
&quot;I saw dozens of ships, dozens of tankers, leave from the coast of Sabratha under the eyes of the local coast guard,” he says. &quot;The armed militias, who control the area between Zawya and Sabratha, share out the zones of interest with the complicity of the police and the local coast guard.”
One man in Libya Donald Trump can&apos;t ignore The fuel, he explains, is heading for ports across Europe “under the eyes of those who should control the coasts. Everyone knows it.”
He says that the Hneesh militia and the Dabbashi clan – two of the most powerful groups in western Libya - control fuel smuggling and human trafficking. When they fall out, it is usually resolved by armed conflict.
&quot;The people who should be in charge of monitoring the region are threatened with death,” Davide says. “So if they see anything, they do not report it. Fuel smuggling is feeding the area, especially now that the cash is in short supply in Libya. The whole economy is a victim of lawlessness and corruption. &quot;
The power of the smugglers Libya has more access to crude oil reserves than any other country in Africa. It has always been heavily reliant on fuel exports to power its economy.
In late January it was pumping 715,000 barrels of oil each day : That was its highest level since 2014, although less than half of the 1.6 million barrels it pumped before the 2011 revolution. But much of that oil, drawn from the ground amid the endemic chaos of Libya, is now syphoned off by smugglers.
A huge blaze at an oil tank in southern Tripoli in July 2014: internal conflict has stalled Libyan oil production (AFP)
This smuggling, according to the Libyan authorities, has cost state coffers more than half a billion dinars - about $360m. To put that into perspective, in 2016, Libya&apos;s budget revenues were estimated at $5.8bn, with expenditures of $13.7bn.
According to Libyan police, fuel smugglers use small boats and tankers containing up to 40,000 litres of refined product. The contents of the ships from Sabratha are then shunted to Malta, 160 miles from the Libyan coast, and also Sicily, where it is sold before reaching the Italian mainland.
One day after Sanalla’s accusations, the main source of electricity for Zawiya, a city of around 200,000 people, was shut down. western Libya lived under a blackout for days
On 27 January, Sadiq al-Sour, the general attorney with the Government of National Accord, announced a major investigation on corruption in the oil sector, looking at the smuggling of refined products from Libya to Italy, Malta, Cyprus and Greece. But the power wielded by the smugglers can be extensive.
On 4 January, Mustafa Sanalla, chairman of the National Oil Corporation (NOC), accused the Petroleum Facility Guards (PFG) - the official body in charge of protecting oil facilities - of corruption and complicity with national and international smugglers.
The Western agenda in Libya has failed The response was not long in coming. One day after Sanalla’s accusations, the main source of electricity for Zawiya, a city of around 200,000 people, was shut down. Western Libya lived under a blackout for days.
&quot;The area around Zawiya is managed by fuel cartels,” Davide tells Middle East Eye. “I have heard of armed militias organising armed checkpoints, planning the blocking of the roads to ensure the undisturbed passage of fuel tankers to the harbour.
“In Sabratha, everyone tells me that the Libyan militias have agreements with Sicilian Mafia families, who run the fuel smuggled off the Italian coasts.&quot;
Libyans: Europe doesn&apos;t want to help But while the smugglers are getting rich, many in Libya are still suffering. The dinar now amounts to little more than wastepaper. And the poorer the country becomes, the more resentment grows among the wider population.
In Tripoli, banks are besieged daily by hundreds of customers. They want access to their money. But it’s gone: in Libya, hard cash is the prerogative of the fuel smugglers and human traffickers, not the average Libyan.
&apos;Europeans are no longer welcome. Their presence here has become exploitative. It is thievery&apos;
Nasser is 60 and has seven children: until a few years ago, he sold cars and was wealthy. Now, he only has a few thousand dinars left in the bank.
Every morning Nasser, who declines to give his full name for fear of his safety, goes to the bank. Every morning, the cashier at the desk tells Nasser the same thing: no cash.
Nasser is tired. &quot;None of your [European] governments want to help us,” he says. “You stand at the window, watching people dying in the sea. European governments make propaganda with their military operations in the Mediterranean, calling them Sophia or Triton or Frontex.
Russia&apos;s secret plan to back Haftar in Libya “Meanwhile, along our coast there are serious crimes every day and no one tries to find an answer.”
At an EU summit on 3 February, Europe’s leaders committe d to spending €200m ($216m) to stem illegal migration and smuggling from the North African coast. It comes after Operation Sophia, intended to disrupt people smuggling, which was judged a failure by several governments.
Everyone, Nasser says, benefits – apart from the man in the street. “Nobody tries because everyone is benefiting from our energy resources. European countries have benefited for years from Libyan energy resources.
&quot;Now Europeans are no longer welcome. Their presence here has become exploitative. It is thievery.”
The role of the clans Today, the coastal road from Tripoli to Sabratha – two of Libya’s largest cities – is closed amid daily clashes between armed militias. The number of dead and kidnapped ticks ever upwards on a daily basis.
But it is here that ENI, the main Italian energy company, continues to work to full capacity, even during the darkest hours of the civil war.
Members of a Libya Dawn brigade in February 2016 in Sabratha, where smugglers have thrived amid the unrest (AFP)
Many workers from Mellitah Oil and Gas, ENI&apos;s Libyan subsidiary, as well as local residents, claim that the Dabbashi tribe has agreements to ensure the security of the energy giants - agreements that are confidential, and very profitable.
But a letter dating from August 2015, passed to MEE from a source within the Libyan security service, says that the &quot;battalion of the martyr Anas Dabbashi has begun working to secure the protection of the compound and be present nearby to the compound gate, as well as the road link from the complex to the western entrance gate of Sabratha.&quot;
The letter is signed, the source says, by representatives of Mellitah and the Dabbashi clan. Both Eni and Mellitah Oil and Gas have yet to respond to media enquiries .
It is also alleged that the Dabbashi clan are involved in human trafficking , as well as fuel and weapons smuggling, Libyan intelligence services have told MEE. Last year, the mayor of Sabratha publicly accused the Dabbashi clan of having concealed the presence of IS members in the area; also that it ordered the abduction of four Italian workers in 2016. Confidential sources in the Libyan government say that foreign companies are blackmailed by the armed militias to pay bribes to continue operating in the area: Payment can either be cash or fuel.
The domino effect Libyan intelligence told MEE the level of corruption has become so pervasive that entire groups of police and coast guard are openly involved in criminal trafficking, especially in the Zawia and Sabratha area.
In Tripoli, Abdrazaq Alshneti, in charge of external relations at the interior ministry’s anti-immigration agency, complains at the lack of support from Western governments.
Now the country is in the chaos. There is no security at all. Western governments will continue to leave us alone while Libya remains so dangerous
- Abdrazaq Alshneti, interior ministry
&quot;It’s a domino effect,” he tells Middle East Eye. “We were left alone. Now the country is in chaos. There is no security at all. Western governments will continue to leave us alone while Libya remains so dangerous.”
Alshneti says that the same militias that are smuggling fuel also play a large part in the human trafficking trade in Tripoli. There, he says, there are at least a dozen illegal detention centres managed directly by armed militias, which need to be curbed if Libya is to progress.
&quot;It is much more than a political problem,” Alshneti says. “In Libya, it will be impossible to think of having a government of national unity until we have an effective national army.”
</topic_text>
<spam_score>0.70</spam_score>
<post_num>1</post_num>
<post_id>post-1</post_id>
<post_url>http://www.middleeasteye.net/news/how-libyas-oil-smugglers-are-bleeding-country-cash-592024472</post_url>
<post_date>20170209</post_date>
<post_time>1600</post_time>
<username>Francesca Mannocchi</username>
<post>
Armed militia, backed by police and coast guard, are illegally shipping Libya&apos;s oil to Europe in league with Mafia groups
Oil tanker Captain Khayyam, docked at Tripoli in February 2016. It was stopped by the coast guard, which said its crew was smuggling diesel (AFP) Francesca Mannocchi Thursday 9 February 2017 16:00 UTC Last update: Friday 10 February 2017 2:45 UTC Topics: LibyaCrisis Tags: oil , Libya , Sbratha Show comments TRIPOLI, Libya - Sabratha lies on the far western coast of Libya. Founded by the Phoenicians and famed for its ancient Roman ruins, in more recent years it has been controlled at various points by Muammar Gaddafi, anti-government rebels and the Islamic State (IS) group.
But now the city is home to militants, a haven for fuel smugglers, who have turned this historic stretch of the North African coastline into a locus for their activities.
&apos;Fuel smuggling is feeding the area, especially now that the cash is in short supply in Libya. The whole economy is a victim of lawlessness and corruption&apos;
- Davide, Italian engineer
“If you wait until nightfall, you can see dozens of men filling the ships with fuel,” says Davide. It’s not his real name: A fifty-something engineer from northern Italy who has worked in western Libya for years, he asks for anonymity amid fears for his own safety.
&quot;I saw dozens of ships, dozens of tankers, leave from the coast of Sabratha under the eyes of the local coast guard,” he says. &quot;The armed militias, who control the area between Zawya and Sabratha, share out the zones of interest with the complicity of the police and the local coast guard.”
One man in Libya Donald Trump can&apos;t ignore The fuel, he explains, is heading for ports across Europe “under the eyes of those who should control the coasts. Everyone knows it.”
He says that the Hneesh militia and the Dabbashi clan – two of the most powerful groups in western Libya - control fuel smuggling and human trafficking. When they fall out, it is usually resolved by armed conflict.
&quot;The people who should be in charge of monitoring the region are threatened with death,” Davide says. “So if they see anything, they do not report it. Fuel smuggling is feeding the area, especially now that the cash is in short supply in Libya. The whole economy is a victim of lawlessness and corruption. &quot;
The power of the smugglers Libya has more access to crude oil reserves than any other country in Africa. It has always been heavily reliant on fuel exports to power its economy.
In late January it was pumping 715,000 barrels of oil each day : That was its highest level since 2014, although less than half of the 1.6 million barrels it pumped before the 2011 revolution. But much of that oil, drawn from the ground amid the endemic chaos of Libya, is now syphoned off by smugglers.
A huge blaze at an oil tank in southern Tripoli in July 2014: internal conflict has stalled Libyan oil production (AFP)
This smuggling, according to the Libyan authorities, has cost state coffers more than half a billion dinars - about $360m. To put that into perspective, in 2016, Libya&apos;s budget revenues were estimated at $5.8bn, with expenditures of $13.7bn.
According to Libyan police, fuel smugglers use small boats and tankers containing up to 40,000 litres of refined product. The contents of the ships from Sabratha are then shunted to Malta, 160 miles from the Libyan coast, and also Sicily, where it is sold before reaching the Italian mainland.
One day after Sanalla’s accusations, the main source of electricity for Zawiya, a city of around 200,000 people, was shut down. western Libya lived under a blackout for days
On 27 January, Sadiq al-Sour, the general attorney with the Government of National Accord, announced a major investigation on corruption in the oil sector, looking at the smuggling of refined products from Libya to Italy, Malta, Cyprus and Greece. But the power wielded by the smugglers can be extensive.
On 4 January, Mustafa Sanalla, chairman of the National Oil Corporation (NOC), accused the Petroleum Facility Guards (PFG) - the official body in charge of protecting oil facilities - of corruption and complicity with national and international smugglers.
The Western agenda in Libya has failed The response was not long in coming. One day after Sanalla’s accusations, the main source of electricity for Zawiya, a city of around 200,000 people, was shut down. Western Libya lived under a blackout for days.
&quot;The area around Zawiya is managed by fuel cartels,” Davide tells Middle East Eye. “I have heard of armed militias organising armed checkpoints, planning the blocking of the roads to ensure the undisturbed passage of fuel tankers to the harbour.
“In Sabratha, everyone tells me that the Libyan militias have agreements with Sicilian Mafia families, who run the fuel smuggled off the Italian coasts.&quot;
Libyans: Europe doesn&apos;t want to help But while the smugglers are getting rich, many in Libya are still suffering. The dinar now amounts to little more than wastepaper. And the poorer the country becomes, the more resentment grows among the wider population.
In Tripoli, banks are besieged daily by hundreds of customers. They want access to their money. But it’s gone: in Libya, hard cash is the prerogative of the fuel smugglers and human traffickers, not the average Libyan.
&apos;Europeans are no longer welcome. Their presence here has become exploitative. It is thievery&apos;
Nasser is 60 and has seven children: until a few years ago, he sold cars and was wealthy. Now, he only has a few thousand dinars left in the bank.
Every morning Nasser, who declines to give his full name for fear of his safety, goes to the bank. Every morning, the cashier at the desk tells Nasser the same thing: no cash.
Nasser is tired. &quot;None of your [European] governments want to help us,” he says. “You stand at the window, watching people dying in the sea. European governments make propaganda with their military operations in the Mediterranean, calling them Sophia or Triton or Frontex.
Russia&apos;s secret plan to back Haftar in Libya “Meanwhile, along our coast there are serious crimes every day and no one tries to find an answer.”
At an EU summit on 3 February, Europe’s leaders committe d to spending €200m ($216m) to stem illegal migration and smuggling from the North African coast. It comes after Operation Sophia, intended to disrupt people smuggling, which was judged a failure by several governments.
Everyone, Nasser says, benefits – apart from the man in the street. “Nobody tries because everyone is benefiting from our energy resources. European countries have benefited for years from Libyan energy resources.
&quot;Now Europeans are no longer welcome. Their presence here has become exploitative. It is thievery.”
The role of the clans Today, the coastal road from Tripoli to Sabratha – two of Libya’s largest cities – is closed amid daily clashes between armed militias. The number of dead and kidnapped ticks ever upwards on a daily basis.
But it is here that ENI, the main Italian energy company, continues to work to full capacity, even during the darkest hours of the civil war.
Members of a Libya Dawn brigade in February 2016 in Sabratha, where smugglers have thrived amid the unrest (AFP)
Many workers from Mellitah Oil and Gas, ENI&apos;s Libyan subsidiary, as well as local residents, claim that the Dabbashi tribe has agreements to ensure the security of the energy giants - agreements that are confidential, and very profitable.
But a letter dating from August 2015, passed to MEE from a source within the Libyan security service, says that the &quot;battalion of the martyr Anas Dabbashi has begun working to secure the protection of the compound and be present nearby to the compound gate, as well as the road link from the complex to the western entrance gate of Sabratha.&quot;
The letter is signed, the source says, by representatives of Mellitah and the Dabbashi clan. Both Eni and Mellitah Oil and Gas have yet to respond to media enquiries .
It is also alleged that the Dabbashi clan are involved in human trafficking , as well as fuel and weapons smuggling, Libyan intelligence services have told MEE. Last year, the mayor of Sabratha publicly accused the Dabbashi clan of having concealed the presence of IS members in the area; also that it ordered the abduction of four Italian workers in 2016. Confidential sources in the Libyan government say that foreign companies are blackmailed by the armed militias to pay bribes to continue operating in the area: Payment can either be cash or fuel.
The domino effect Libyan intelligence told MEE the level of corruption has become so pervasive that entire groups of police and coast guard are openly involved in criminal trafficking, especially in the Zawia and Sabratha area.
In Tripoli, Abdrazaq Alshneti, in charge of external relations at the interior ministry’s anti-immigration agency, complains at the lack of support from Western governments.
Now the country is in the chaos. There is no security at all. Western governments will continue to leave us alone while Libya remains so dangerous
- Abdrazaq Alshneti, interior ministry
&quot;It’s a domino effect,” he tells Middle East Eye. “We were left alone. Now the country is in chaos. There is no security at all. Western governments will continue to leave us alone while Libya remains so dangerous.”
Alshneti says that the same militias that are smuggling fuel also play a large part in the human trafficking trade in Tripoli. There, he says, there are at least a dozen illegal detention centres managed directly by armed militias, which need to be curbed if Libya is to progress.
&quot;It is much more than a political problem,” Alshneti says. “In Libya, it will be impossible to think of having a government of national unity until we have an effective national army.”
</post>
<signature>

</signature>
<external_links>
<external_link>http://www.ilfoglio.it/esteri/2016/03/03/news/sabratha-e-la-citta-libica-dei-sequestri-che-ha-fatto-il-doppio-gioco-con-is-93393/</external_link><external_link>http://washpost.bloomberg.com/Story?docId=1376-OKA5706TTDS401-73I85F04H8CGO10ESB8A22CVNT</external_link><external_link>https://www.google.co.uk/url?sa=t&amp;rct=j&amp;q=&amp;esrc=s&amp;source=web&amp;cd=2&amp;ved=0ahUKEwjb9cLFmIPSAhVKJ8AKHRdGCqYQFggiMAE&amp;url=http%3A%2F%2Fwww.middleeasteye.net%2Fcolumns%2Flibya-s-new-political-constellations-towards-conflict-or-compromise-1096139399&amp;usg=AFQjCNGLp_0migHN5fNfewZNsWsu9mExdw</external_link><external_link>https://middleeasteye.worldsecuresystems.com/Interactive/EN/Libya_Control/who-controls-libya</external_link><external_link>https://www.parliament.uk/business/committees/committees-a-z/lords-select/eu-external-affairs-subcommittee/news-parliament-2015/operation-sophia-report-publication/</external_link><external_link>http://espresso.repubblica.it/plus/articoli/2016/03/09/news/gli-italiani-in-libia-rapiti-dallo-stato-islamico-1.253268</external_link><external_link>http://www.independent.co.uk/news/world/europe/eu-malta-summit-leaders-warn-strand-thousands-refugees-libya-deal-concentration-camps-crisis-a7560956.html</external_link><external_link>http://www.telegraf.rs/english/2010921-serbs-in-libya-were-kidnapped-by-a-tribe-living-from-blood-money-the-newest-details-of-the-murder-of-serbian-citizens</external_link><external_link>https://www.cia.gov/library/publications/the-world-factbook/geos/ly.html</external_link><external_link>http://europe.newsweek.com/isis-takes-control-libyas-sabratha-and-beheads-12-retreating-429753?rm=eu</external_link>
</external_links>
<country>GB</country>
<main_image>http://www.middleeasteye.net/sites/default/files/main-images/The%20oil%20tanker%20Captain%20Khayyam%20docked%20at%20Tripoli%20it%20was%20stopped%20by%20the%20coastguard%2C%20which%20its%20crew%20was%20smuggling%20diesel%20%28AFP%29.jpg</main_image>
<rating></rating>
</document>
