<?xml version="1.0" encoding="UTF-8"?>
<document>
<type>mainstream</type>
<forum>http://www.tribunnews.com/rss/regional</forum>
<forum_title>Tribunnews.com</forum_title>
<discussion_title>AF Minta Rp 50 Juta Ancam Ledakan Bom</discussion_title>
<language>indonesian</language>
<gmt_offset></gmt_offset>
<topic_url>http://www.tribunnews.com/regional/2017/02/14/af-minta-rp-50-juta-ancam-ledakan-bom</topic_url>
<topic_text>
Kalimantan AF Minta Rp 50 Juta Ancam Ledakan Bom Warga Kota Samarinda dibuat geger dengan aksi teror bom yang dilakukan AF (31), warga Dusun Pulau Mas RT 006 Bhuana Jaya, Tenggarong Seberang, Senin (   03:57 WIB Javakreativity Ilustrasi bom. 
TRIBUNNEWS.COM, SAMARINDA - Warga Kota Samarinda dibuat geger dengan aksi teror bom yang dilakukan AF (31), warga Dusun Pulau Mas RT 006 Bhuana Jaya, Tenggarong Seberang, Senin (13/2/2017). 
AF nekat masuk Kantor BRI Cabang Pembantu Suryanata di Jl P Suryanata, Samarinda Ulu. Dia minta uang Rp 50 juta disertai ancaman membawa bom rakitan. 
Kejadian menghebohkan itu sekitar pukul 11.30 Wita, saat warga tengah menjalankan aktivitasnya. 
Saat itu warga di sekitar lokasi kejadian tengah ramai-ramainya. Pasalnya bank yang berada di pinggir jalan penghubung Samarinda -Tenggarong, juga berada di deretan ruko-ruko tempat berkumpulnya warga. 
Sedangkan kondisi di dalam bank, petugas bank seperti biasa tengah melayani nasabah. 
Kendati saat itu nasabah tidak terlalu banyak, namun aksi nekat AF tetap membuat kepanikan seisi bank. 
Bahkan, jalur disepanjang jalan tersebut lumpuh total, karena aparat langsung menutup dua jalur jalan tersebut, dan membatasinya dengan tali agar warga tidak mendekat maupun melintas di jalan tersebut. 
Menurut Bayu Andi S, sekuriti BRI sekaligus saksi, saat kejadian dirinya sedang jaga. Saat pelaku masuk bank, dia sempat menanyakan keperluan pelaku. 
Namun pelaku malah mengeluarkan kertas warna putih yang bertuliskan ancaman, serta dibarengi ungkapan ancaman. 
&quot;Saya sempat tanya keperluannya, karena memang setiap orang datang, selalu saya tanya seperti itu. Tapi kali ini dia tidak menjawab, sebaliknya justru langsung mengancam,&quot; tuturnya, Senin (13/2/2017).
</topic_text>
<spam_score>0.00</spam_score>
<post_num>1</post_num>
<post_id>post-1</post_id>
<post_url>http://www.tribunnews.com/regional/2017/02/14/af-minta-rp-50-juta-ancam-ledakan-bom</post_url>
<post_date>20170213</post_date>
<post_time>2057</post_time>
<username></username>
<post>
Kalimantan AF Minta Rp 50 Juta Ancam Ledakan Bom Warga Kota Samarinda dibuat geger dengan aksi teror bom yang dilakukan AF (31), warga Dusun Pulau Mas RT 006 Bhuana Jaya, Tenggarong Seberang, Senin (   03:57 WIB Javakreativity Ilustrasi bom. 
TRIBUNNEWS.COM, SAMARINDA - Warga Kota Samarinda dibuat geger dengan aksi teror bom yang dilakukan AF (31), warga Dusun Pulau Mas RT 006 Bhuana Jaya, Tenggarong Seberang, Senin (13/2/2017). 
AF nekat masuk Kantor BRI Cabang Pembantu Suryanata di Jl P Suryanata, Samarinda Ulu. Dia minta uang Rp 50 juta disertai ancaman membawa bom rakitan. 
Kejadian menghebohkan itu sekitar pukul 11.30 Wita, saat warga tengah menjalankan aktivitasnya. 
Saat itu warga di sekitar lokasi kejadian tengah ramai-ramainya. Pasalnya bank yang berada di pinggir jalan penghubung Samarinda -Tenggarong, juga berada di deretan ruko-ruko tempat berkumpulnya warga. 
Sedangkan kondisi di dalam bank, petugas bank seperti biasa tengah melayani nasabah. 
Kendati saat itu nasabah tidak terlalu banyak, namun aksi nekat AF tetap membuat kepanikan seisi bank. 
Bahkan, jalur disepanjang jalan tersebut lumpuh total, karena aparat langsung menutup dua jalur jalan tersebut, dan membatasinya dengan tali agar warga tidak mendekat maupun melintas di jalan tersebut. 
Menurut Bayu Andi S, sekuriti BRI sekaligus saksi, saat kejadian dirinya sedang jaga. Saat pelaku masuk bank, dia sempat menanyakan keperluan pelaku. 
Namun pelaku malah mengeluarkan kertas warna putih yang bertuliskan ancaman, serta dibarengi ungkapan ancaman. 
&quot;Saya sempat tanya keperluannya, karena memang setiap orang datang, selalu saya tanya seperti itu. Tapi kali ini dia tidak menjawab, sebaliknya justru langsung mengancam,&quot; tuturnya, Senin (13/2/2017).
</post>
<signature>

</signature>
<external_links>

</external_links>
<country>US</country>
<main_image>http://cdn2.tstatic.net/tribunnews/foto/bank/images/20140708_023741_bom-ilustrasi.jpg</main_image>
<rating></rating>
</document>
