<?xml version="1.0" encoding="UTF-8"?>
<document>
<type>mainstream</type>
<forum>http://www.zawya.com/rss/default.cfm?rssid=32769BBE-B1FF-45AE-A903B968468F4986</forum>
<forum_title>Zawya.com - الامارات</forum_title>
<discussion_title>اندماج &quot;أبوظبي والخليج الأول&quot; يدخل حيز التنفيذ 2 أبريل</discussion_title>
<language>arabic</language>
<gmt_offset></gmt_offset>
<topic_url>http://www.zawya.com/ar/story/اندماج_أبوظبي_والخليج_الأول_يدخل_حيز_التنفيذ_2_أبريل-WAM20170213132038129/</topic_url>
<topic_text>
اندماج &quot;أبوظبي والخليج الأول&quot; يدخل حيز التنفيذ 2 أبريل 13 فبراير, 2017 REUTERS/Tamara Abdul Hadi Pictures of the Month December 2005 - RTR1AFDL 
أبوظبي في 13 فبراير/ وام / يجري الإعلان عن اكتمال إجراءات الإندماج بين بنكي أبوظبي الوطني والخليج الاول بتاريخ 1 ابريل المقبل في حين سيتم التداول على السهم الناتج عن عملية الاندماج والمدرج في سوق أبوظبي للأوراق المالية بتاريخ 2 ابريل وفق سعر استرشادي يعكس قيمة السهم الجديد. وقال سوق أبوظبي للأوراق المالية إنه استكمل إجراءات توحيد سجل المساهمين لعملية الاندماج بين بنكي أبوظبي الوطني والخليج الاول ويقوم الأن بإجراء بعض التجارب للتأكد من عدم وجود أيعائق فني قبل عملية بدء التداول على السهم الجديد لبنك أبوظبي الوطني . وأوضح أن السعر السوقي الإسترشادي الجديد لسهم بنك أبوظبي الوطني سيتم احتسابه بناء على آخر سعر تداول لسهمي بنكي أبوظبي الوطني والخليج في السوق قبل تنفيذ الاندماج . وكان مساهمو بنكي أبوظبي الوطني والخليج الأول صادقوا على عملية الإندماج بين البنكين خلال اجتماع الجمعية العمومية التي عقدت في شهر ديسمبر الماضي والمعلن عنها في 3 يوليو 2016، كما وافق مساهمو بنك أبوظبي الوطني على إصدار 1,254 سهم جديد في بنك أبوظبي الوطني، مقابل كل سهم من أسهم بنك الخليج الأول. وبحسب احدث الإحصائيات فقد قفز إجمالي أصول بنكي أبوظبي الوطني والخليج الاول الى 665.8 مليار درهم في نهاية عام 2016 والتي جاء الإفصاح عنها قبل تنفيذ الإندماج. وأظهرت البيانات المالية للبنكين ارتفاع الودائع المجمعة لهما إلى نحو 402.58 مليار درهم والقروض إلى 357.2 مليار درهم في نهاية عام 2016 . وسيفضي الإندماج الى تأسيس أكبر كيان مصرفي في الشرق الاوسط.. كما سيشجع على اندماجات أخرى بين كيانات تعمل في قطاعات متشابهة ومن ضمنها قطاع البنوك في دولة الامارات. وبحسب الدراسات التي أجريت سيساهم الإندماج في خفض التكاليف التشغيلية للكيان الجديد بمقدار 500 مليون درهم سنويا وأن تتحقق الفائدة من حيث التكلفة خلال ثلاث سنوات بينما تقدر تكاليف توحيد الأعمال لمرة واحدة بحدود 600 مليون درهم. وام/ناف/سرا © Copyright Emirates News Agency (WAM) 2017. حقوق النشر محفوظة ل &quot;زاوية &quot; Zawya © مزيد من الأخبار عن: استحواذات واندماجات الإمارات إعلانات خلال ال 24 ساعة الماضية إعلانات
</topic_text>
<spam_score>0.00</spam_score>
<post_num>1</post_num>
<post_id>post-1</post_id>
<post_url>http://www.zawya.com/ar/story/اندماج_أبوظبي_والخليج_الأول_يدخل_حيز_التنفيذ_2_أبريل-WAM20170213132038129/</post_url>
<post_date>20170213</post_date>
<post_time>1311</post_time>
<username></username>
<post>
اندماج &quot;أبوظبي والخليج الأول&quot; يدخل حيز التنفيذ 2 أبريل 13 فبراير, 2017 REUTERS/Tamara Abdul Hadi Pictures of the Month December 2005 - RTR1AFDL 
أبوظبي في 13 فبراير/ وام / يجري الإعلان عن اكتمال إجراءات الإندماج بين بنكي أبوظبي الوطني والخليج الاول بتاريخ 1 ابريل المقبل في حين سيتم التداول على السهم الناتج عن عملية الاندماج والمدرج في سوق أبوظبي للأوراق المالية بتاريخ 2 ابريل وفق سعر استرشادي يعكس قيمة السهم الجديد. وقال سوق أبوظبي للأوراق المالية إنه استكمل إجراءات توحيد سجل المساهمين لعملية الاندماج بين بنكي أبوظبي الوطني والخليج الاول ويقوم الأن بإجراء بعض التجارب للتأكد من عدم وجود أيعائق فني قبل عملية بدء التداول على السهم الجديد لبنك أبوظبي الوطني . وأوضح أن السعر السوقي الإسترشادي الجديد لسهم بنك أبوظبي الوطني سيتم احتسابه بناء على آخر سعر تداول لسهمي بنكي أبوظبي الوطني والخليج في السوق قبل تنفيذ الاندماج . وكان مساهمو بنكي أبوظبي الوطني والخليج الأول صادقوا على عملية الإندماج بين البنكين خلال اجتماع الجمعية العمومية التي عقدت في شهر ديسمبر الماضي والمعلن عنها في 3 يوليو 2016، كما وافق مساهمو بنك أبوظبي الوطني على إصدار 1,254 سهم جديد في بنك أبوظبي الوطني، مقابل كل سهم من أسهم بنك الخليج الأول. وبحسب احدث الإحصائيات فقد قفز إجمالي أصول بنكي أبوظبي الوطني والخليج الاول الى 665.8 مليار درهم في نهاية عام 2016 والتي جاء الإفصاح عنها قبل تنفيذ الإندماج. وأظهرت البيانات المالية للبنكين ارتفاع الودائع المجمعة لهما إلى نحو 402.58 مليار درهم والقروض إلى 357.2 مليار درهم في نهاية عام 2016 . وسيفضي الإندماج الى تأسيس أكبر كيان مصرفي في الشرق الاوسط.. كما سيشجع على اندماجات أخرى بين كيانات تعمل في قطاعات متشابهة ومن ضمنها قطاع البنوك في دولة الامارات. وبحسب الدراسات التي أجريت سيساهم الإندماج في خفض التكاليف التشغيلية للكيان الجديد بمقدار 500 مليون درهم سنويا وأن تتحقق الفائدة من حيث التكلفة خلال ثلاث سنوات بينما تقدر تكاليف توحيد الأعمال لمرة واحدة بحدود 600 مليون درهم. وام/ناف/سرا © Copyright Emirates News Agency (WAM) 2017. حقوق النشر محفوظة ل &quot;زاوية &quot; Zawya © مزيد من الأخبار عن: استحواذات واندماجات الإمارات إعلانات خلال ال 24 ساعة الماضية إعلانات
</post>
<signature>

</signature>
<external_links>

</external_links>
<country>AE</country>
<main_image>http://images.zawya.com/images/cia/zLarge/140401093255CSBR.jpg</main_image>
<rating></rating>
</document>
