<?xml version="1.0" encoding="UTF-8"?>
<document>
<type>mainstream</type>
<forum>http://www.ibahia.com/rss/</forum>
<forum_title></forum_title>
<discussion_title>Em audiência, empresário nega agressão a Luiza Brunet</discussion_title>
<language>portuguese</language>
<gmt_offset></gmt_offset>
<topic_url>http://www.ibahia.com/detalhe/noticia/em-audiencia-empresario-nega-agressao-a-luiza-brunet/</topic_url>
<topic_text>
Em audiência, empresário nega agressão a Luiza Brunet Defesa criticou laudos que indicam lesões nas costelas e dedo da atriz Agência O Globo Compartilhar no Facebook Compartilhar no Facebook Compartilhar no Twitter A audiência com o ex-companheiro de Luiza Brunet, Lírio Parisotto, acusado de agressão à modelo, terminou sem uma sentença. Diante da juíza Elaine Cristina Monteiro Cavalcante, o empresário negou ter agredido a atriz. Os promotores e advogados de defesa esperam um ofício requisitado pela defesa antes de apresentarem as alegações finais do caso. Hoje, Parisotto foi ouvido e negou a agressão. Segundo o advogado de Luiza Brunet, em seu depoimento, o empresário se negou a responder as perguntas da acusação e afirmou que uma das lesões aconteceu enquanto a modelo lavava louça e outra, em Nova York, é que levou à denúncia, ocorreu enquanto tentava conter Luiza Brunet. — Ele não consegue explicar. Ele fala que ela é violenta, que ela que causava. A Luiza tem 40 anos de vida pública e não tem um escândalo. Agora, do dia pra noite, ela virou o diabo em pessoa — afirmou o advogado de Luiza Brunet, Pedro Egberto da Fonseca Neto. Além de Lírio, foram ouvidas duas testemunhas convocadas pelos seus advogados, Emília Stuart, que estava no barco no dia de uma das agressões acusadas por Luiza Brunet, e Henrique Caviano Soares, perito. A defesa atacou os laudos feitos e que constavam que Luiza Brunet tinha uma fratura no dedo e nas costelas. — Estamos absolutamente tranquilos. Esse é um processo inédito, porque a própria natureza dá lesão vai mudando ao longo do tempo. Primeiro, era uma fratura. Depois, rompimento do tendão — disse Celso Vilardi, advogado de Lírio Parisotto. Luiza Brunet, que veio em outras audiências, preferiu se ausentar dos depoimentos de hoje. — Ela teve a coragem de vir a público e relatar isso. É difícil para ela, tentaram destruir a imagem dela —afirmou seu advogado. Em nota, o advogado de Luiza Brunet, Pedro Egberto da Fonseca Neto afirmaram que Lírio Parisotto “não conseguiu explicar as lesões de Luiza nos olhos e costelas, comprovadas por exames, causadas pela agressão sofrida por ela em Nova York, em maio de 2016”. Ainda de acordo com o comunicado, o perito Henrique Caviano Soares, testemunha convocada pela defesa de Lírio, não negou as lesões dos autos, divergindo apenas em relação à sua se intensidade, se leves ou graves. “A testemunha reforçou o que as demais testemunhas da defesa, ouvidas na primeira audiência, em novembro, atestaram: que só souberam das agressões sofridas por Luiza por meio do noticiário da imprensa”, afirmou o advogado. Comentários
</topic_text>
<spam_score>0.00</spam_score>
<post_num>1</post_num>
<post_id>post-1</post_id>
<post_url>http://www.ibahia.com/detalhe/noticia/em-audiencia-empresario-nega-agressao-a-luiza-brunet/</post_url>
<post_date>20170213</post_date>
<post_time>2129</post_time>
<username></username>
<post>
Em audiência, empresário nega agressão a Luiza Brunet Defesa criticou laudos que indicam lesões nas costelas e dedo da atriz Agência O Globo Compartilhar no Facebook Compartilhar no Facebook Compartilhar no Twitter A audiência com o ex-companheiro de Luiza Brunet, Lírio Parisotto, acusado de agressão à modelo, terminou sem uma sentença. Diante da juíza Elaine Cristina Monteiro Cavalcante, o empresário negou ter agredido a atriz. Os promotores e advogados de defesa esperam um ofício requisitado pela defesa antes de apresentarem as alegações finais do caso. Hoje, Parisotto foi ouvido e negou a agressão. Segundo o advogado de Luiza Brunet, em seu depoimento, o empresário se negou a responder as perguntas da acusação e afirmou que uma das lesões aconteceu enquanto a modelo lavava louça e outra, em Nova York, é que levou à denúncia, ocorreu enquanto tentava conter Luiza Brunet. — Ele não consegue explicar. Ele fala que ela é violenta, que ela que causava. A Luiza tem 40 anos de vida pública e não tem um escândalo. Agora, do dia pra noite, ela virou o diabo em pessoa — afirmou o advogado de Luiza Brunet, Pedro Egberto da Fonseca Neto. Além de Lírio, foram ouvidas duas testemunhas convocadas pelos seus advogados, Emília Stuart, que estava no barco no dia de uma das agressões acusadas por Luiza Brunet, e Henrique Caviano Soares, perito. A defesa atacou os laudos feitos e que constavam que Luiza Brunet tinha uma fratura no dedo e nas costelas. — Estamos absolutamente tranquilos. Esse é um processo inédito, porque a própria natureza dá lesão vai mudando ao longo do tempo. Primeiro, era uma fratura. Depois, rompimento do tendão — disse Celso Vilardi, advogado de Lírio Parisotto. Luiza Brunet, que veio em outras audiências, preferiu se ausentar dos depoimentos de hoje. — Ela teve a coragem de vir a público e relatar isso. É difícil para ela, tentaram destruir a imagem dela —afirmou seu advogado. Em nota, o advogado de Luiza Brunet, Pedro Egberto da Fonseca Neto afirmaram que Lírio Parisotto “não conseguiu explicar as lesões de Luiza nos olhos e costelas, comprovadas por exames, causadas pela agressão sofrida por ela em Nova York, em maio de 2016”. Ainda de acordo com o comunicado, o perito Henrique Caviano Soares, testemunha convocada pela defesa de Lírio, não negou as lesões dos autos, divergindo apenas em relação à sua se intensidade, se leves ou graves. “A testemunha reforçou o que as demais testemunhas da defesa, ouvidas na primeira audiência, em novembro, atestaram: que só souberam das agressões sofridas por Luiza por meio do noticiário da imprensa”, afirmou o advogado. Comentários
</post>
<signature>

</signature>
<external_links>

</external_links>
<country>BR</country>
<main_image>http://www.ibahia.com/fileadmin/user_upload/ibahia2/LirioJusticaAgressaoLuiza.jpg</main_image>
<rating></rating>
</document>
