<?xml version="1.0" encoding="UTF-8"?>
<document>
<type>mainstream</type>
<forum>http://www.asrar7days.com/rss.html</forum>
<forum_title>أسرار الاسبوع</forum_title>
<discussion_title>خبر هام بالفيديو.. وزير السياحة اللبناني: نعوّل كثيرا على زيارة «عون» لمصر</discussion_title>
<language>arabic</language>
<gmt_offset></gmt_offset>
<topic_url>http://www.asrar7days.com/asrararabiya/468041.html</topic_url>
<topic_text>
خبر هام بالفيديو.. وزير السياحة اللبناني: نعوّل كثيرا على زيارة «عون» لمصر  29 مساءً Sponsored Links اسرار الاسبوع قال وزير السياحة اللبناني، أفيديس كيدانيان، إن زيارة الرئيس اللبناني، العماد ميشال عون، إلى مصر تحمل الكثير من الدلالات خاصة بعد إتمامها في التوقيت الحالي بالتحديد، وبعد بداية ولاية الرئيس اللبناني الجديدة. 
وأضاف «كيدانيان»، في مداخلة هاتفية بفضائية «إكسترا نيوز»، مساء الاثنين، أن العلاقات المصرية اللبنانية لها أبعاد تاريخية قديمة، مشيدًا بدعم مصر للبنان في كثير من الفترات السابقة. 
واستطرد: «نعول كثيرًا كلبنانيين على زيارة الرئيس اللبناني إلى مصر، وأنا شخصيًا كوزير للسياحة، اعتقد أنها ستوطد العلاقات بين البلدين، وستؤدي إلى إحياء العلاقات التبادل السياحي بين البلدين»، لافتا إلى استعداد بلاده التام لإقامة أية اتفاقات تؤدي إلى زيادة أعداد السياح المصريين إلى لبنان. Sponsored Links 
وأردف: «نحضر لزيارة مع شركات السياحة اللبنانية؛ للقاء مسؤولي قطاع السياحة في مصر، بهدف تذليل كافة العقبات التي تعوق عملية التبادل السياحي بين البلدين»، موضحًا أن لبنان تمكنت في العامين الأخيرين من إيقاف الكثير من العمليات الإرهابية التي كان مخططًا لها، عن طريق الأجهزة الأمنية اللبنانية. 
وتابع: «الإرهاب الذي يطاردنا في لبنان، يطاردكم أيضًا في مصر، وأخر أشكاله كان تفجير الكنيسة البطرسية، واعتقد كمسؤول سياسي في الحكومة اللبنانية أنه سيتم إقامة نوع من التنسيق العسكري والأمني بين مصر ولبنان على كافة الأصعدة؛ لتبادل المعلومات والخبرات التي تساعد في إيقاف الموجة الإرهابية التي تضرب الكثير من البلدان». 
ووصل الرئيس اللبناني، العماد ميشال عون، صباح الاثنين، إلى مطار القاهرة الدولي، في أول زيارة رسمية له بعد توليه منصب رئيس جمهورية لبنان، والتقى الرئيس عبد الفتاح السيسي، بنظيره اللبناني، في جلسة مباحثات ثنائية، ناقشا خلالها عدد من القضايا المشتركة، كما عقدا مؤتمرا صحفيا مشتركا. 
كما وصل «عون»، الاثنين، إلى مقر الكاتدرائية المرقسية العباسية؛ لعقد لقاء مع قداسة البابا تواضروس الثاني، بابا الإسكندرية وبطريرك الكرازة المرقسية.
</topic_text>
<spam_score>0.00</spam_score>
<post_num>1</post_num>
<post_id>post-1</post_id>
<post_url>http://www.asrar7days.com/asrararabiya/468041.html</post_url>
<post_date>20170213</post_date>
<post_time>2129</post_time>
<username></username>
<post>
خبر هام بالفيديو.. وزير السياحة اللبناني: نعوّل كثيرا على زيارة «عون» لمصر  29 مساءً Sponsored Links اسرار الاسبوع قال وزير السياحة اللبناني، أفيديس كيدانيان، إن زيارة الرئيس اللبناني، العماد ميشال عون، إلى مصر تحمل الكثير من الدلالات خاصة بعد إتمامها في التوقيت الحالي بالتحديد، وبعد بداية ولاية الرئيس اللبناني الجديدة. 
وأضاف «كيدانيان»، في مداخلة هاتفية بفضائية «إكسترا نيوز»، مساء الاثنين، أن العلاقات المصرية اللبنانية لها أبعاد تاريخية قديمة، مشيدًا بدعم مصر للبنان في كثير من الفترات السابقة. 
واستطرد: «نعول كثيرًا كلبنانيين على زيارة الرئيس اللبناني إلى مصر، وأنا شخصيًا كوزير للسياحة، اعتقد أنها ستوطد العلاقات بين البلدين، وستؤدي إلى إحياء العلاقات التبادل السياحي بين البلدين»، لافتا إلى استعداد بلاده التام لإقامة أية اتفاقات تؤدي إلى زيادة أعداد السياح المصريين إلى لبنان. Sponsored Links 
وأردف: «نحضر لزيارة مع شركات السياحة اللبنانية؛ للقاء مسؤولي قطاع السياحة في مصر، بهدف تذليل كافة العقبات التي تعوق عملية التبادل السياحي بين البلدين»، موضحًا أن لبنان تمكنت في العامين الأخيرين من إيقاف الكثير من العمليات الإرهابية التي كان مخططًا لها، عن طريق الأجهزة الأمنية اللبنانية. 
وتابع: «الإرهاب الذي يطاردنا في لبنان، يطاردكم أيضًا في مصر، وأخر أشكاله كان تفجير الكنيسة البطرسية، واعتقد كمسؤول سياسي في الحكومة اللبنانية أنه سيتم إقامة نوع من التنسيق العسكري والأمني بين مصر ولبنان على كافة الأصعدة؛ لتبادل المعلومات والخبرات التي تساعد في إيقاف الموجة الإرهابية التي تضرب الكثير من البلدان». 
ووصل الرئيس اللبناني، العماد ميشال عون، صباح الاثنين، إلى مطار القاهرة الدولي، في أول زيارة رسمية له بعد توليه منصب رئيس جمهورية لبنان، والتقى الرئيس عبد الفتاح السيسي، بنظيره اللبناني، في جلسة مباحثات ثنائية، ناقشا خلالها عدد من القضايا المشتركة، كما عقدا مؤتمرا صحفيا مشتركا. 
كما وصل «عون»، الاثنين، إلى مقر الكاتدرائية المرقسية العباسية؛ لعقد لقاء مع قداسة البابا تواضروس الثاني، بابا الإسكندرية وبطريرك الكرازة المرقسية.
</post>
<signature>

</signature>
<external_links>

</external_links>
<country>DE</country>
<main_image>http://www.asrar7days.com/temp/resized/medium_2017-02-13-ae262f6ea3.jpg</main_image>
<rating></rating>
</document>
