<?xml version="1.0" encoding="UTF-8"?>
<document>
<type>mainstream</type>
<forum></forum>
<forum_title></forum_title>
<discussion_title>From birth till death, the Grammys captured the full circle of life - LA Times</discussion_title>
<language>english</language>
<gmt_offset></gmt_offset>
<topic_url>http://www.latimes.com/entertainment/la-et-grammys-live-updates-from-birth-till-death-the-grammys-1487021470-htmlstory.html</topic_url>
<topic_text>
Feb. 13, 2017, 1:31 p.m. From birth till death, the Grammys captured the full circle of life (Robert Gauthier / Los Angeles Times) 
The full spectrum of life was on display at Sunday’s 59th Grammy Awards . 
Much of the attention surrounding the ceremony in Los Angeles centered on artist comments or performances on hot political issues, but some of the more emotional moments sprang from the timeless themes of life and death. 
There were grand tributes to those we’ve lost, of course — Bruno Mars and Adele honored the works of Prince and George Michael , respectively — but also more subtle homages to the circle of life, such as Beyoncé’s performance that referenced the beauty of childbirth. 
Beyoncé also indicated during her acceptance speech for the urban contemporary album Grammy that the collection, “Lemonade,” was directed in large part to her children. 
“My intention for the [‘Lemonade’] film and album was to create a body of work that will give a voice to our pain, our struggles, our darkness and our history, to confront issues that make us uncomfortable,” she said. 
“It&apos;s important to me to show images to my children that reflect their beauty, so they can grow up in a world where they look in the mirror, first through their own families, as well as the news, the Super Bowl, the Olympics, the White House and the Grammys, and see themselves. And have no doubt that they&apos;re beautiful, intelligent and capable. 
“This is something I want for every child of every race, and I feel it&apos;s vital that we learn from the past and recognize our tendencies to repeat our mistakes.” 
Likewise, it was the birth of roots-country singer-songwriter Sturgill Simpson’s first child about three years ago that he has consistently cited as the main inspiration for his sophomore album, “A Sailor’s Guide to Earth,” which earned a surprise nomination in the overall album-of-the-year category and snared him the country album trophy Sunday. 
Picking up his award during the pre-telecast ceremony at the Microsoft Theater, Simpson told onlookers, &quot;Six years ago, I was in Utah working on the railroad, writing songs at night. 
</topic_text>
<spam_score>0.12</spam_score>
<post_num>1</post_num>
<post_id>post-1</post_id>
<post_url>http://www.latimes.com/entertainment/la-et-grammys-live-updates-from-birth-till-death-the-grammys-1487021470-htmlstory.html</post_url>
<post_date>20170213</post_date>
<post_time></post_time>
<username>Randy Lewis</username>
<post>
Feb. 13, 2017, 1:31 p.m. From birth till death, the Grammys captured the full circle of life (Robert Gauthier / Los Angeles Times) 
The full spectrum of life was on display at Sunday’s 59th Grammy Awards . 
Much of the attention surrounding the ceremony in Los Angeles centered on artist comments or performances on hot political issues, but some of the more emotional moments sprang from the timeless themes of life and death. 
There were grand tributes to those we’ve lost, of course — Bruno Mars and Adele honored the works of Prince and George Michael , respectively — but also more subtle homages to the circle of life, such as Beyoncé’s performance that referenced the beauty of childbirth. 
Beyoncé also indicated during her acceptance speech for the urban contemporary album Grammy that the collection, “Lemonade,” was directed in large part to her children. 
“My intention for the [‘Lemonade’] film and album was to create a body of work that will give a voice to our pain, our struggles, our darkness and our history, to confront issues that make us uncomfortable,” she said. 
“It&apos;s important to me to show images to my children that reflect their beauty, so they can grow up in a world where they look in the mirror, first through their own families, as well as the news, the Super Bowl, the Olympics, the White House and the Grammys, and see themselves. And have no doubt that they&apos;re beautiful, intelligent and capable. 
“This is something I want for every child of every race, and I feel it&apos;s vital that we learn from the past and recognize our tendencies to repeat our mistakes.” 
Likewise, it was the birth of roots-country singer-songwriter Sturgill Simpson’s first child about three years ago that he has consistently cited as the main inspiration for his sophomore album, “A Sailor’s Guide to Earth,” which earned a surprise nomination in the overall album-of-the-year category and snared him the country album trophy Sunday. 
Picking up his award during the pre-telecast ceremony at the Microsoft Theater, Simpson told onlookers, &quot;Six years ago, I was in Utah working on the railroad, writing songs at night. 
</post>
<signature>

</signature>
<external_links>

</external_links>
<country>US</country>
<main_image>http://www.trbimg.com/img-58a225af/turbine/la-et-grammys-live-updates-from-birth-till-death-the-grammys-1487021470</main_image>
<rating></rating>
</document>
