<?xml version="1.0" encoding="UTF-8"?>
<document>
<type>mainstream</type>
<forum>http://www.watchinga.com/il/shopping/gifts.rss?utm_source=watchinga&amp;utm_medium=categorypage&amp;utm_term=gowatchinga_gifts&amp;utm_content=shopping&amp;utm_campaign=rssfeed</forum>
<forum_title>Gifts &amp; Coupon Shopping on Watchinga</forum_title>
<discussion_title>K-MART 1989 SANTA&apos;S CLUB TEDDY BEAR 20&quot; NWT, Red Sweater Collector or Child Gift</discussion_title>
<language>english</language>
<gmt_offset></gmt_offset>
<topic_url>http://www.ebay.com/itm/like/K-MART 1989 SANTA&amp;apos;S CLUB TEDDY BEAR 20&amp;quot; NWT, Red Sweater Collector or Child Gift/361904035566</topic_url>
<topic_text>
Image not available Photos not available for this variation View previous K-MART 1989 SANTA&apos;S CLUB TEDDY BEAR 20&quot; NWT, Red Sweater Collector or Child Gift Condition: Published by How to Make Valentine Gift Baskets 
While pre-made gift baskets feature a variety of well-placed items arranged in an eye-pleasing manner, the recipient may not enjoy every item, meaning some of the contents may go to waste. When creating... Published by sledgehammer89 Holiday Gift Guide for Women Part 2 - Boyds Bears! 
Many women like all the little nik-naks that they can use to decorate their home. Some women collect tea cups, some women collect figurines, while some women collect a certain type of themed items (like...
</topic_text>
<spam_score>0.00</spam_score>
<post_num>1</post_num>
<post_id>post-1</post_id>
<post_url>http://www.ebay.com/itm/like/K-MART 1989 SANTA&amp;apos;S CLUB TEDDY BEAR 20&amp;quot; NWT, Red Sweater Collector or Child Gift/361904035566</post_url>
<post_date>20170213</post_date>
<post_time>1532</post_time>
<username></username>
<post>
Image not available Photos not available for this variation View previous K-MART 1989 SANTA&apos;S CLUB TEDDY BEAR 20&quot; NWT, Red Sweater Collector or Child Gift Condition: Published by How to Make Valentine Gift Baskets 
While pre-made gift baskets feature a variety of well-placed items arranged in an eye-pleasing manner, the recipient may not enjoy every item, meaning some of the contents may go to waste. When creating... Published by sledgehammer89 Holiday Gift Guide for Women Part 2 - Boyds Bears! 
Many women like all the little nik-naks that they can use to decorate their home. Some women collect tea cups, some women collect figurines, while some women collect a certain type of themed items (like...
</post>
<signature>

</signature>
<external_links>

</external_links>
<country>US</country>
<main_image>http://i.ebayimg.com/00/s/MTYwMFgxMzI5/z/fRkAAOSwI-BWGGIj/$_57.JPG?set_id=880000500F</main_image>
<rating></rating>
</document>
