<?xml version="1.0" encoding="UTF-8"?>
<document>
<type>mainstream</type>
<forum>http://www.nikkan.co.jp/rss/nksrdf.rdf</forum>
<forum_title>日刊工業新聞 電子版</forum_title>
<discussion_title>本社、熊本地震復興へ県工連に義援金</discussion_title>
<language>japanese</language>
<gmt_offset></gmt_offset>
<topic_url>http://www.nikkan.co.jp/articles/view/00417158</topic_url>
<topic_text>
【熊本】日刊工業新聞社は、熊本県工業連合会（熊本市東区）に熊本地震の義援金を送った。日刊工業新聞に掲載した熊本県工業連合会会員企業の復興を支援する特集企画に対する、佐賀県工業連合会（佐賀市）や長崎県工業連合会（長崎市）など４団体４社からの義援金から経費を除いた７０万円を渡した。 日刊工業新聞社の嶋崎直西部支社長から目録を受け取った熊本県工業連合会の足立國功会長（写真左）は「両工業連合会とは包括連携協定の覚書（ＭＯＵ）を締結している。ご支援いただいた皆さまとは心と心がつながった気持ちだ。今後も熊本の創造的復興を皆さまにお伝えできるよう努めていく」と感謝の言葉を述べた。 (2017/2/14 05:00)
</topic_text>
<spam_score>0.00</spam_score>
<post_num>1</post_num>
<post_id>post-1</post_id>
<post_url>http://www.nikkan.co.jp/articles/view/00417158</post_url>
<post_date>20170213</post_date>
<post_time>2034</post_time>
<username></username>
<post>
【熊本】日刊工業新聞社は、熊本県工業連合会（熊本市東区）に熊本地震の義援金を送った。日刊工業新聞に掲載した熊本県工業連合会会員企業の復興を支援する特集企画に対する、佐賀県工業連合会（佐賀市）や長崎県工業連合会（長崎市）など４団体４社からの義援金から経費を除いた７０万円を渡した。 日刊工業新聞社の嶋崎直西部支社長から目録を受け取った熊本県工業連合会の足立國功会長（写真左）は「両工業連合会とは包括連携協定の覚書（ＭＯＵ）を締結している。ご支援いただいた皆さまとは心と心がつながった気持ちだ。今後も熊本の創造的復興を皆さまにお伝えできるよう努めていく」と感謝の言葉を述べた。 (2017/2/14 05:00)
</post>
<signature>

</signature>
<external_links>

</external_links>
<country>JP</country>
<main_image></main_image>
<rating></rating>
</document>
