<?xml version="1.0" encoding="UTF-8"?>
<document>
<type>mainstream</type>
<forum>http://www.deseretnews.com/opinion</forum>
<forum_title>Opinion | Deseret News</forum_title>
<discussion_title>In our opinion: Rep. Chaffetz town hall and the need for civility</discussion_title>
<language>english</language>
<gmt_offset>-6</gmt_offset>
<topic_url>http://www.deseretnews.com/article/865673177/In-our-opinion-Preserving-civility-needs-to-be-a-priority.html</topic_url>
<topic_text>
Politics is about discussion, dialogue and even, when appropriate, vigorous debate. Yet, Utahns should always strive for a more civil scene than what unfolded this week in Cottonwood Heights.
On Thursday, Rep. Jason Chaffetz stood on the Brighton High School auditorium stage facing a packed crowd of frustrated Utah citizens, with at least 1,000 more outside.
Many of the attendees jeered at Chaffetz and shouted him down. Throughout the town hall attendees interrupted him when he tried to speak. A few people even approached the stage and pointed their fingers at Chaffetz as they demanded answers.
“Let’s try not to yell and scream at each other,” Chaffetz told the audience. Later, he lamented the fact that there was, “So little decency here.”
Even some of those with the most vehement feelings toward Chaffetz privately expressed regrets about how the evening turned out.
Rightly so.
It is completely appropriate for constituents to engage with their public officials and to demand that they perform their duties effectively and faithfully on behalf of the voters. This is a strong mark of representative government and civil society. Yet, all this can be done in a manner that preserves at least some modicum of civility.
The political landscape in America today is replete with frustrated citizens wishing to express their views to their representatives on a wide variety of issues. Many are looking for ways to properly express their concerns and hold elected officials accountable. Such earnest expressions and actions are important — and indeed essential — to a healthy democratic republic.
However, we are increasingly disturbed at the lack of civility and decency in such conversations, especially when the end result is often re-entrenchment rather than finding common ground.
49 comments on this story In the case of the town hall with Rep. Chaffetz, regardless of how one feels about his views on the issues or his performance — and we are not without concerns of our own — the fact remains that Mr. Chaffetz deserved better than the treatment he received. It is not an unreasonable expectation that those who have disagreements with others debate or discuss the issues in such a way that neither party is attacked or marginalized.
We urge Utahns who attend meetings and town halls — where elected representatives rightfully make themselves available to their constituents — to keep proper decorum. Otherwise, the entire process can be both a waste of time for the voters who came to ask their representatives questions and a missed opportunity for the elected officials who came to hear from their constituents.
</topic_text>
<spam_score>0.00</spam_score>
<post_num>14</post_num>
<post_id>post-14</post_id>
<post_url>http://www.deseretnews.com/article/865673177/In-our-opinion-Preserving-civility-needs-to-be-a-priority.html</post_url>
<post_date>20170212</post_date>
<post_time>1721</post_time>
<username>the sage</username>
<post>
Note!
All the above comments from the party of the extreme left who have fraudulently claimed they are party of tolerance, civility, diversity, and free speech and peaceful assembly .
Note their anger hostility and hate, and the inability of others to have any sort civil discourse or conversation with them.
Note their ability to compromise with those that disagree with view of the world. It is their way or the highway.
Note how they pronounce judgements and condemnation upon any they oppose.
Civility will only come when you show you are willing to listen and compromise first.
You must be example of what you demand from others. You must be one to show love first.
Just saying.
</post>
<signature>

</signature>
<external_links>

</external_links>
<country>US</country>
<main_image>https://cdn.deseretnews.com/images/article/hires/1803554/1803554.jpg</main_image>
<rating></rating>
</document>
