<?xml version="1.0" encoding="UTF-8"?>
<document>
<type>mainstream</type>
<forum></forum>
<forum_title></forum_title>
<discussion_title>City boss defends side&apos;s disciplinary record | Tweed Daily News</discussion_title>
<language>english</language>
<gmt_offset></gmt_offset>
<topic_url>http://www.tweeddailynews.com.au/news/city-boss-defends-sides-disciplinary-record/3142092/</topic_url>
<topic_text>
City boss defends side&apos;s disciplinary record MATT WINDLEY, HERALD SUN | 11th Feb 2017 9:00 AM Bruno Fornaroli of Melbourne City is shown a yellow card by referee Chris Beath during the round 18 A-League match against the Melbourne Victory. Robert Cianflone Local Real Estate Cars For Sale 
FOOTBALL: Coach Michael Valkanis has stoutly defended Melbourne City&apos;s disciplinary record, saying his team&apos;s intense playing style lends itself to conceding fouls. 
City will be without an unprecedented seven players due to suspension for tonight&apos;s crucial clash with the Brisbane Roar, with five of them missing after picking up their fifth yellow cards of the season in last week&apos;s derby loss to Melbourne Victory. 
Valkanis said in copping their one-week bans, &quot;some players learnt a good lesson&quot; but defended captain Bruno Fornaroli, who received his yellow card in the 96th minute. 
While saying the foul &quot;probably could have (been) avoided&quot;, Valkanis commended the striker&apos;s decision to try to win the ball back in a dangerous position. 
Saturday night&apos;s game is rich with storylines. 
Dean Bouzanis is missing with a five-week ban for sledging Besart Berisha, and Valkanis said the week had been a huge &quot;learning curve&quot; for the goalkeeper. 
Tim Cahill is out for a week after receiving a red card for berating referee Chris Beath last week, while the other players to miss with five-yellow suspensions are Manny Muscat, Luke Brattan, Fernando Brandan and Osama Malik. 
&quot;Has this happened before? I don&apos;t think it has,&quot; Valkanis said. 
&quot;It&apos;s a little bit crazy. Going in to the derby game with a few players on the fringe of getting (suspended), you had to make the decision that it was a big game, a derby, and no player wanted to miss out.&quot; 
There are also question marks over the fitness of Michael Jakobsen, after the central defender reinjured his left calf last week, but Valkanis said &quot;he possibly could be starting&quot;. 
On the other side of the fence, Brisbane will be battling fatigue after playing in China on Wednesday night. 
The Roar stunned Shanghai Shenhua 2-0 to make the Asian Champions League group stage, but only due to arrive in Melbourne late yesterday. 
It is Brisbane&apos;s first game in Melbourne since the infamous Jade North diving incident earlier this season, but North is out suspended, while the Roar will also be without Dimi Petratos for the first time after the attacking midfielder moved to Korea this week. 
In terms of the ladder, tonight&apos;s clash is also a crucial game with Brisbane third on 28 points and City fourth on 26. 
It is also the last time they play each other this season. 
Valkanis was coy on who would replace Fornaroli as his side&apos;s striker, saying only: &quot;Our plan is a little bit different this week with how we go about it. But we&apos;ve got people who will step up and get goals.&quot; 
But he was more steadfast on questions of his side&apos;s discipline, despite it having conceded the most fouls and copped the most yellow cards in the A-League this season. 
&quot;I think the way we go about our football, our philosophy, sometimes people can see it a little bit that way with the intensity that we play and our action, reaction and our desire to win the ball back as quick as possible,&quot; he said. 
&quot;In our philosophy it&apos;s about the ball and when we don&apos;t have the ball we want it back as quick as possible. The intensity we play at to win it back, sometimes there will be fouls, sometimes we&apos;ll win it back, but that&apos;s the way we play our game. 
&quot;I don&apos;t think there&apos;s been a problem. There were four or five players on the fringe for the last five or six weeks. It&apos;s the way we go about our game. They won&apos;t stop pressing with the intensity they have to press at.&quot; a league 
</topic_text>
<spam_score>0.23</spam_score>
<post_num>1</post_num>
<post_id>post-1</post_id>
<post_url>http://www.tweeddailynews.com.au/news/city-boss-defends-sides-disciplinary-record/3142092/</post_url>
<post_date>20170210</post_date>
<post_time></post_time>
<username>Matt Windley</username>
<post>
City boss defends side&apos;s disciplinary record MATT WINDLEY, HERALD SUN | 11th Feb 2017 9:00 AM Bruno Fornaroli of Melbourne City is shown a yellow card by referee Chris Beath during the round 18 A-League match against the Melbourne Victory. Robert Cianflone Local Real Estate Cars For Sale 
FOOTBALL: Coach Michael Valkanis has stoutly defended Melbourne City&apos;s disciplinary record, saying his team&apos;s intense playing style lends itself to conceding fouls. 
City will be without an unprecedented seven players due to suspension for tonight&apos;s crucial clash with the Brisbane Roar, with five of them missing after picking up their fifth yellow cards of the season in last week&apos;s derby loss to Melbourne Victory. 
Valkanis said in copping their one-week bans, &quot;some players learnt a good lesson&quot; but defended captain Bruno Fornaroli, who received his yellow card in the 96th minute. 
While saying the foul &quot;probably could have (been) avoided&quot;, Valkanis commended the striker&apos;s decision to try to win the ball back in a dangerous position. 
Saturday night&apos;s game is rich with storylines. 
Dean Bouzanis is missing with a five-week ban for sledging Besart Berisha, and Valkanis said the week had been a huge &quot;learning curve&quot; for the goalkeeper. 
Tim Cahill is out for a week after receiving a red card for berating referee Chris Beath last week, while the other players to miss with five-yellow suspensions are Manny Muscat, Luke Brattan, Fernando Brandan and Osama Malik. 
&quot;Has this happened before? I don&apos;t think it has,&quot; Valkanis said. 
&quot;It&apos;s a little bit crazy. Going in to the derby game with a few players on the fringe of getting (suspended), you had to make the decision that it was a big game, a derby, and no player wanted to miss out.&quot; 
There are also question marks over the fitness of Michael Jakobsen, after the central defender reinjured his left calf last week, but Valkanis said &quot;he possibly could be starting&quot;. 
On the other side of the fence, Brisbane will be battling fatigue after playing in China on Wednesday night. 
The Roar stunned Shanghai Shenhua 2-0 to make the Asian Champions League group stage, but only due to arrive in Melbourne late yesterday. 
It is Brisbane&apos;s first game in Melbourne since the infamous Jade North diving incident earlier this season, but North is out suspended, while the Roar will also be without Dimi Petratos for the first time after the attacking midfielder moved to Korea this week. 
In terms of the ladder, tonight&apos;s clash is also a crucial game with Brisbane third on 28 points and City fourth on 26. 
It is also the last time they play each other this season. 
Valkanis was coy on who would replace Fornaroli as his side&apos;s striker, saying only: &quot;Our plan is a little bit different this week with how we go about it. But we&apos;ve got people who will step up and get goals.&quot; 
But he was more steadfast on questions of his side&apos;s discipline, despite it having conceded the most fouls and copped the most yellow cards in the A-League this season. 
&quot;I think the way we go about our football, our philosophy, sometimes people can see it a little bit that way with the intensity that we play and our action, reaction and our desire to win the ball back as quick as possible,&quot; he said. 
&quot;In our philosophy it&apos;s about the ball and when we don&apos;t have the ball we want it back as quick as possible. The intensity we play at to win it back, sometimes there will be fouls, sometimes we&apos;ll win it back, but that&apos;s the way we play our game. 
&quot;I don&apos;t think there&apos;s been a problem. There were four or five players on the fringe for the last five or six weeks. It&apos;s the way we go about our game. They won&apos;t stop pressing with the intensity they have to press at.&quot; a league 
</post>
<signature>

</signature>
<external_links>

</external_links>
<country>AU</country>
<main_image>https://media.apnarm.net.au/media/images/2017/02/10/b88580299z1_20170210152326_000gjgglatb2-0-l9nl04sf0lp6wzuwpn2_fct1887x1401x40x51_ct300x300.jpg</main_image>
<rating></rating>
</document>
