<?xml version="1.0" encoding="UTF-8"?>
<document>
<type>mainstream</type>
<forum>http://www.businessworld.in/rss/news-article.xml</forum>
<forum_title>News</forum_title>
<discussion_title>Digital Solutions Of eMudhra&apos;s Help 15 State Government Offices Go paperless</discussion_title>
<language>english</language>
<gmt_offset></gmt_offset>
<topic_url>http://businessworld.in/article/Digital-Solutions-Of-eMudhra-s-Help-15-State-Government-Offices-Go-paperless/14-02-2017-112908</topic_url>
<topic_text>
The Show Must Go On 
eMudhra, a provider of digital identity and transaction management, said on Monday that it has joined hands with over 15 state governments to help them go digital as part of the e-Governance initiatives.Using eMudhra’s eSign and Digital Signatures, eOffice applications, issuance of various certificates such as Life, Marriage Encumbrance Certificates etc. have been made paperless resulting in the ability to do faceless, paperless transactions.Under the initiative, eMudhra has enabled AADHAAR eSign and Digital signature based signing to various government officers in several districts of these states. This has facilitated paperless employee logins, leave requests, memos and official document signing etc. The digital signatures provided by eMudhra ensure that the document cannot be tampered with, reduces process delays, and eliminates the need to print paper, scan and fax. In addition, approvals can now be obtained remotely assuring faster turnaround times in decision making.&quot;Technology has transformed all sectors in the economy and we understand the importance it plays in increasing our own productivity. We are committed towards making India a technologically advanced country and these efforts start with getting our operations to reflect the government’s mandate,&quot; said V. Srinivasan, Founder Chairman, eMudhra on the benefits of a paperless organisation.&quot;The digitization of all administration is a step towards an efficient and transparent governance. eMudhra’s digital signature solution uplifts the e-Office plan and has managed to eradicate voluminous paper flow, bring in accountability in government offices and most importantly, reduce the carbon footprint in various states,&quot; Srinivasan said.Government offices follow a paper based administration for all its internal processes which became a bottleneck for efficient administration. To fast-track the process and accelerate the service delivery mechanism, the state governments looked to eMudhra to offer solutions in digitally transforming its operations.Commenting on the collaboration with state governments, Srinivasan said, &quot;We are greatly honoured to collaborate with the various states and being part of their vision of creating a Digital India. eMudhra has always been striving hard to provide smooth transitions for all enterprises in going digital. Our objective has always been to simplify the technology for all government officers and not add additional training requirements. We have customised the product to reflect simplicity and ease in understanding for a broader workflow. It has also eliminated the bottlenecks that were hindering the achievement of faster decision making to help citizens of the state.&quot;A digital signature is a legally valid electronic form of a signature that can be used to authenticate the identity of the sender of a message or the signer of a document, and ensure that the original content of the message or document that has been sent is unchanged. The signature is legally valid and non- repudiable under the Information Technology Act. Share this article:
</topic_text>
<spam_score>0.00</spam_score>
<post_num>1</post_num>
<post_id>post-1</post_id>
<post_url>http://businessworld.in/article/Digital-Solutions-Of-eMudhra-s-Help-15-State-Government-Offices-Go-paperless/14-02-2017-112908</post_url>
<post_date>20170214</post_date>
<post_time>0031</post_time>
<username></username>
<post>
The Show Must Go On 
eMudhra, a provider of digital identity and transaction management, said on Monday that it has joined hands with over 15 state governments to help them go digital as part of the e-Governance initiatives.Using eMudhra’s eSign and Digital Signatures, eOffice applications, issuance of various certificates such as Life, Marriage Encumbrance Certificates etc. have been made paperless resulting in the ability to do faceless, paperless transactions.Under the initiative, eMudhra has enabled AADHAAR eSign and Digital signature based signing to various government officers in several districts of these states. This has facilitated paperless employee logins, leave requests, memos and official document signing etc. The digital signatures provided by eMudhra ensure that the document cannot be tampered with, reduces process delays, and eliminates the need to print paper, scan and fax. In addition, approvals can now be obtained remotely assuring faster turnaround times in decision making.&quot;Technology has transformed all sectors in the economy and we understand the importance it plays in increasing our own productivity. We are committed towards making India a technologically advanced country and these efforts start with getting our operations to reflect the government’s mandate,&quot; said V. Srinivasan, Founder Chairman, eMudhra on the benefits of a paperless organisation.&quot;The digitization of all administration is a step towards an efficient and transparent governance. eMudhra’s digital signature solution uplifts the e-Office plan and has managed to eradicate voluminous paper flow, bring in accountability in government offices and most importantly, reduce the carbon footprint in various states,&quot; Srinivasan said.Government offices follow a paper based administration for all its internal processes which became a bottleneck for efficient administration. To fast-track the process and accelerate the service delivery mechanism, the state governments looked to eMudhra to offer solutions in digitally transforming its operations.Commenting on the collaboration with state governments, Srinivasan said, &quot;We are greatly honoured to collaborate with the various states and being part of their vision of creating a Digital India. eMudhra has always been striving hard to provide smooth transitions for all enterprises in going digital. Our objective has always been to simplify the technology for all government officers and not add additional training requirements. We have customised the product to reflect simplicity and ease in understanding for a broader workflow. It has also eliminated the bottlenecks that were hindering the achievement of faster decision making to help citizens of the state.&quot;A digital signature is a legally valid electronic form of a signature that can be used to authenticate the identity of the sender of a message or the signer of a document, and ensure that the original content of the message or document that has been sent is unchanged. The signature is legally valid and non- repudiable under the Information Technology Act. Share this article:
</post>
<signature>

</signature>
<external_links>

</external_links>
<country>IN</country>
<main_image>http://d1s8mqgwixvb29.cloudfront.net/article/article_large_image/1487012512_HqQmrU_E-Commerce_Reu.jpg</main_image>
<rating></rating>
</document>
