<?xml version="1.0" encoding="UTF-8"?>
<document>
<type>mainstream</type>
<forum>http://telegraf.al/rss</forum>
<forum_title>Gazeta Telegraf Me ne dita nis ndryshe</forum_title>
<discussion_title>Kush ishte shoqëruesi i Elvana Gjatës në Grammy Awards 2017?</discussion_title>
<language>albanian</language>
<gmt_offset></gmt_offset>
<topic_url>http://telegraf.al/kulture/kush-ishte-shoqeruesi-i-elvana-gjates-ne-grammy-awards-2017</topic_url>
<topic_text>
Kush ishte shoqëruesi i Elvana Gjatës në Grammy Awards 2017? Today Prej disa muajsh, ndarja artistike mes Elvana Gjatës dhe Flori Mumajesit ka qenë në krye të shkrimeve në media e portale. Edhe pse askush prej artistëve nuk dhanë asnjë konfirmim për këtë, tani është e qartë që Elvana ka nisur një rrugë të re për të bashkëpunuar me artistë ndërkombëtarë. Mbrëmjen e djeshme, këngëtarja shqiptare ka qenë e pranishme edhe në ҫmimet Grammy Awards 2017, së bashku me producentin Poo Bear, me të cilin ka nisur një bashkëpunim të ri. Por bashkë me Elvanën, në ceremoninё e 59-tё tё çmimeve Grammy, mbrёmjen e djeshme nё Staples Center Los Angeles, ka qenë edhe Andy Dj, një prej bashkëpunëtorëve më të ngushtë të saj dhe njëkohësisht të studios së njohur muzikore Threedots. Në foton e publikuar sot në media, mes bashkëpunëtorëve të rinj, duket edhe menaxheri i saj, Andi Gram. Kjo foto ka ngjallur dyshime të tjera: edhe Andi Gram e ka mbyllur bashkëpunimin me Threedots? Të ngjashme
</topic_text>
<spam_score>0.00</spam_score>
<post_num>1</post_num>
<post_id>post-1</post_id>
<post_url>http://telegraf.al/kulture/kush-ishte-shoqeruesi-i-elvana-gjates-ne-grammy-awards-2017</post_url>
<post_date>20170213</post_date>
<post_time>2135</post_time>
<username></username>
<post>
Kush ishte shoqëruesi i Elvana Gjatës në Grammy Awards 2017? Today Prej disa muajsh, ndarja artistike mes Elvana Gjatës dhe Flori Mumajesit ka qenë në krye të shkrimeve në media e portale. Edhe pse askush prej artistëve nuk dhanë asnjë konfirmim për këtë, tani është e qartë që Elvana ka nisur një rrugë të re për të bashkëpunuar me artistë ndërkombëtarë. Mbrëmjen e djeshme, këngëtarja shqiptare ka qenë e pranishme edhe në ҫmimet Grammy Awards 2017, së bashku me producentin Poo Bear, me të cilin ka nisur një bashkëpunim të ri. Por bashkë me Elvanën, në ceremoninё e 59-tё tё çmimeve Grammy, mbrёmjen e djeshme nё Staples Center Los Angeles, ka qenë edhe Andy Dj, një prej bashkëpunëtorëve më të ngushtë të saj dhe njëkohësisht të studios së njohur muzikore Threedots. Në foton e publikuar sot në media, mes bashkëpunëtorëve të rinj, duket edhe menaxheri i saj, Andi Gram. Kjo foto ka ngjallur dyshime të tjera: edhe Andi Gram e ka mbyllur bashkëpunimin me Threedots? Të ngjashme
</post>
<signature>

</signature>
<external_links>

</external_links>
<country>AL</country>
<main_image>http://telegraf.al/content/uploads/2017/feb/13/2e28a3d22c5af72ac0ff79b905a90624-c1200x600.jpg</main_image>
<rating></rating>
</document>
