<?xml version="1.0" encoding="UTF-8"?>
<document>
<type>mainstream</type>
<forum>http://wek.ru/rss.xml</forum>
<forum_title>Электронная газета «ВЕК»</forum_title>
<discussion_title>Россия снабдит лечебными травами Южную Азию</discussion_title>
<language>russian</language>
<gmt_offset></gmt_offset>
<topic_url>https://wek.ru/rossiya-snabdit-lechebnymi-travami-yuzhnuyu-aziyu</topic_url>
<topic_text>
Россия снабдит лечебными травами Южную Азию Россия снабдит лечебными травами Южную Азию Опубликовано 13.02.2017 16:08 Фото: http://www.liveinternet.ru/ Этой весной в России начнут выращивать лекарственные растения для экспорта в южноазиатские страны, в первую очередь российский рынок будет ориентироваться на рынок Китая. Об этом «Известиям» рассказал вице-президент Профессиональной ассоциации рефлексотерапевтов Андрей Козко. 
На первом этапе воплощения программы, которая была одобрена в декабре 2016 года президиумом Совета при президенте России по модернизации экономики и инновационному развитию, плантации лекарственных растений появятся в Крыму, на Алтае и на Кавказе, а также в Брянской области. Ставка будет делаться на сбор наиболее востребованных трав, в частности, женьшеня и подорожника. Как пояснил Козко, реализация «дорожной карты» расширения сбора лекарственных трав рассчитана на 18 лет. За это время на территории РФ планируется создать, как минимум, 25 аграрных парков. Они будут разбиты на территории порядка 300 тыс. фермерских угодий. Помимо выращивания трав, агропарки будут располагать комплексами, позволяющими обрабатывать собранные растения, а также хранить их до отпуска потребителям. 
По словам Козко, государственное участие в реализации программ сбора лекарственных дикорастущих трав необходимо, поскольку данный вид бизнеса требует значительных затрат. Кроме того, бесконтрольный сбор трав в дикой природе может нанести урон окружающей среде. Посадки лечебных трав по степени культивации не должны отличаться от пшеницы, уверен специалист. 
Ключевое направление экспортных поставок растений уже избрано – им оказался Китай. Российские эксперты изучили перечень трав, которые активно применяются в медицине этой страны. Выяснилось, что природно-климатические условия РФ позволяют выращивать в большом количестве 70% данного списка, или свыше 300 наименований. Однако многие из этих растений сейчас в России не культивируются. Учитывая природные процессы, наладить их выращивание в новой природной среде можно за 3-5 лет, однако современные технологии и участие ученых из КНР позволит уменьшить адаптационный период примерно до 2 лет, надеются в ассоциации. 
Эксперты подтверждают, в регионах, которые будут задействованы в пилотном проекте, имеются оптимальные условия для выращивания лечебных трав. Доктор биологических наук Серафим Чуков поясняет, хотя в предложенных регионах холоднее, чем в среднем в Китае, однако в КНР посевы медицинских трав культивируются в горной местности, где климат, напротив, холоднее крымского и кавказского. Информационная служба «Века»
</topic_text>
<spam_score>0.00</spam_score>
<post_num>1</post_num>
<post_id>post-1</post_id>
<post_url>https://wek.ru/rossiya-snabdit-lechebnymi-travami-yuzhnuyu-aziyu</post_url>
<post_date>20170213</post_date>
<post_time>1308</post_time>
<username></username>
<post>
Россия снабдит лечебными травами Южную Азию Россия снабдит лечебными травами Южную Азию Опубликовано 13.02.2017 16:08 Фото: http://www.liveinternet.ru/ Этой весной в России начнут выращивать лекарственные растения для экспорта в южноазиатские страны, в первую очередь российский рынок будет ориентироваться на рынок Китая. Об этом «Известиям» рассказал вице-президент Профессиональной ассоциации рефлексотерапевтов Андрей Козко. 
На первом этапе воплощения программы, которая была одобрена в декабре 2016 года президиумом Совета при президенте России по модернизации экономики и инновационному развитию, плантации лекарственных растений появятся в Крыму, на Алтае и на Кавказе, а также в Брянской области. Ставка будет делаться на сбор наиболее востребованных трав, в частности, женьшеня и подорожника. Как пояснил Козко, реализация «дорожной карты» расширения сбора лекарственных трав рассчитана на 18 лет. За это время на территории РФ планируется создать, как минимум, 25 аграрных парков. Они будут разбиты на территории порядка 300 тыс. фермерских угодий. Помимо выращивания трав, агропарки будут располагать комплексами, позволяющими обрабатывать собранные растения, а также хранить их до отпуска потребителям. 
По словам Козко, государственное участие в реализации программ сбора лекарственных дикорастущих трав необходимо, поскольку данный вид бизнеса требует значительных затрат. Кроме того, бесконтрольный сбор трав в дикой природе может нанести урон окружающей среде. Посадки лечебных трав по степени культивации не должны отличаться от пшеницы, уверен специалист. 
Ключевое направление экспортных поставок растений уже избрано – им оказался Китай. Российские эксперты изучили перечень трав, которые активно применяются в медицине этой страны. Выяснилось, что природно-климатические условия РФ позволяют выращивать в большом количестве 70% данного списка, или свыше 300 наименований. Однако многие из этих растений сейчас в России не культивируются. Учитывая природные процессы, наладить их выращивание в новой природной среде можно за 3-5 лет, однако современные технологии и участие ученых из КНР позволит уменьшить адаптационный период примерно до 2 лет, надеются в ассоциации. 
Эксперты подтверждают, в регионах, которые будут задействованы в пилотном проекте, имеются оптимальные условия для выращивания лечебных трав. Доктор биологических наук Серафим Чуков поясняет, хотя в предложенных регионах холоднее, чем в среднем в Китае, однако в КНР посевы медицинских трав культивируются в горной местности, где климат, напротив, холоднее крымского и кавказского. Информационная служба «Века»
</post>
<signature>

</signature>
<external_links>

</external_links>
<country>RU</country>
<main_image>https://wek.ru/images/rossiya-snabdit-lechebnymi-travami-yuzhnuyu-aziyu.jpg</main_image>
<rating></rating>
</document>
