<?xml version="1.0" encoding="UTF-8"?>
<document>
<type>mainstream</type>
<forum>http://www.imeee.cn/rss/16.xml</forum>
<forum_title>鞋帽</forum_title>
<discussion_title>潮人必备单品踝靴 让你的穿搭时尚感更上一层楼！</discussion_title>
<language>chinese</language>
<gmt_offset></gmt_offset>
<topic_url>http://fashion.imeee.cn/xiezi/02113533V42017.html</topic_url>
<topic_text>
2017-02-13 来源: 爱秀美 编辑: 梦菡 到了寒冷的冬天总不小心愈穿愈多，因此想要掌握穿搭比例的平衡就显得有难度。而能够增加冬季穿搭整体平衡的正是 踝靴 。 搭配 裤装或裙装都很合适，同时也很容易调整穿搭比例。
到了寒冷的冬天总不小心愈穿愈多，因此想要掌握穿搭比例的平衡就显得有难度。而能够增加冬季穿搭整体平衡的正是「踝靴」。搭配裤装或裙装都很合适，同时也很容易调整穿搭比例，还在烦恼冬天 服装 要搭配什么 鞋子 的你，请务必参考看看。 
提升整体比例 适合踝靴的穿搭：丹宁系 
本季冬天受到注目的踝靴，和任何类型的下半身穿搭都相当合适，是非常优秀的 单品 。首先要为大家介绍，一年4季经常登场的丹宁裤×踝靴穿搭法。 牛仔 裤和踝靴间的距离拿捏的确很难，但若是9 分裤 或稍微将裤管卷起露出脚踝，就能轻松找到完美平衡。稍微花点小心机所露出的脚踝，不仅能为穿搭增添随性感，还能让 时尚 度更上层楼哦！ 
提升整体比例 适合踝靴的穿搭：迷你裙或裤装 
迷你裙等迷你长度的流行单品，每年冬天穿搭时都让人有些苦恼吧？！在意年龄而不敢穿上迷你裙……虽然很多 女性 都有这种烦恼，但其实迷你长度刚好能让身高较矮小的人轻松调整穿搭比例。因为害羞而从没挑战过迷你裙的你，今年可以尝试搭配踝靴喔！踝靴容易穿脱的特色也能让穿搭增加些许休闲感。 
提升整体比例 适合踝靴的穿搭：膝下 铅笔裙 
选择有跟的踝靴时，建议搭配膝下长度的铅笔裙。能够展现出气质及 淑女 感，十分适合冬天外出的穿搭。有跟的踝靴可以修饰小腿曲线也还有 美腿 效果喔！ 
提升整体比例 适合踝靴的穿搭：针织连身洋装 本文标题: 潮人必备单品踝靴 让你的穿搭时尚感更上一层楼！ 由 爱美丽 编辑,转载请注明出处! （ www.imeee.cn ）。 相关资讯
</topic_text>
<spam_score>0.00</spam_score>
<post_num>1</post_num>
<post_id>post-1</post_id>
<post_url>http://fashion.imeee.cn/xiezi/02113533V42017.html</post_url>
<post_date>20170211</post_date>
<post_time>0000</post_time>
<username>梦菡</username>
<post>
2017-02-13 来源: 爱秀美 编辑: 梦菡 到了寒冷的冬天总不小心愈穿愈多，因此想要掌握穿搭比例的平衡就显得有难度。而能够增加冬季穿搭整体平衡的正是 踝靴 。 搭配 裤装或裙装都很合适，同时也很容易调整穿搭比例。
到了寒冷的冬天总不小心愈穿愈多，因此想要掌握穿搭比例的平衡就显得有难度。而能够增加冬季穿搭整体平衡的正是「踝靴」。搭配裤装或裙装都很合适，同时也很容易调整穿搭比例，还在烦恼冬天 服装 要搭配什么 鞋子 的你，请务必参考看看。 
提升整体比例 适合踝靴的穿搭：丹宁系 
本季冬天受到注目的踝靴，和任何类型的下半身穿搭都相当合适，是非常优秀的 单品 。首先要为大家介绍，一年4季经常登场的丹宁裤×踝靴穿搭法。 牛仔 裤和踝靴间的距离拿捏的确很难，但若是9 分裤 或稍微将裤管卷起露出脚踝，就能轻松找到完美平衡。稍微花点小心机所露出的脚踝，不仅能为穿搭增添随性感，还能让 时尚 度更上层楼哦！ 
提升整体比例 适合踝靴的穿搭：迷你裙或裤装 
迷你裙等迷你长度的流行单品，每年冬天穿搭时都让人有些苦恼吧？！在意年龄而不敢穿上迷你裙……虽然很多 女性 都有这种烦恼，但其实迷你长度刚好能让身高较矮小的人轻松调整穿搭比例。因为害羞而从没挑战过迷你裙的你，今年可以尝试搭配踝靴喔！踝靴容易穿脱的特色也能让穿搭增加些许休闲感。 
提升整体比例 适合踝靴的穿搭：膝下 铅笔裙 
选择有跟的踝靴时，建议搭配膝下长度的铅笔裙。能够展现出气质及 淑女 感，十分适合冬天外出的穿搭。有跟的踝靴可以修饰小腿曲线也还有 美腿 效果喔！ 
提升整体比例 适合踝靴的穿搭：针织连身洋装 本文标题: 潮人必备单品踝靴 让你的穿搭时尚感更上一层楼！ 由 爱美丽 编辑,转载请注明出处! （ www.imeee.cn ）。 相关资讯
</post>
<signature>

</signature>
<external_links>

</external_links>
<country>CN</country>
<main_image></main_image>
<rating></rating>
</document>
