<?xml version="1.0" encoding="UTF-8"?>
<document>
<type>mainstream</type>
<forum></forum>
<forum_title></forum_title>
<discussion_title>Maren Morris Called Her &apos;Grammys&apos; Performance &apos;Organic&apos; | CMT Cody Alan | Country 92-5</discussion_title>
<language>english</language>
<gmt_offset></gmt_offset>
<topic_url>http://cmtcody.iheart.com/onair/cmt-cody-alan-54719/maren-morris-called-her-grammys-performance-15558820/</topic_url>
<topic_text>
Maren Morris Called Her &apos;Grammys&apos; Performance &apos;Organic&apos; posted by Dustin Stout - share 
Maren Morris and Alicia Keys made CMT Crossroads proud Sunday night on the Grammy Awards . The former collaborators of CMT’s flagship music series took the stage to perform Best Country Solo Performance winner Maren’s “Once,” a reunion she called “organic” before the show. Grammys: Maren Morris &amp; the Rest of Country&apos;s Big Moments 
Posted February 13, 2017 
“I love her so much. We met on CMT Crossroads a couple months ago and just sort of bonded,” Maren told E! News . “So this is a really organic way to come back together for my first Grammys .”As for how she calmes her nerves before any show-stopping performance, the “80s Mercedes” singer added she takes “a couple deep breaths” and takes a “little shot of tequila.”See Maren on her headlining Hero Tour coming to a city near you. 
Cody Alan is the host and executive producer of CMT After MidNite, CMT Radio Live and CMT All Access. A respected veteran personality, producer and programmer in the broadcast industry, Cody&apos;s shows originate from Nashville and are broadcast on stations across America. Cody&apos;s shows feature the biggest names in country music and entertainment, and his wit, energy and charm shine with big star guests and live interaction with listeners. He brings fans unprecedented access to all things current in country music and entertainment in an environment that&apos;s genuine, unpredictable and fun. Dierks Bentley says, &quot;Cody&apos;s show always feels fresh and current. Cody cares about country music&apos;s past and future, and has always worked to make his shows exciting, interesting and personal.&quot; 
Named the Academy of Country Music&apos;s &quot;National On-Air Personality&quot; in 2013 and 2010, Cody also hosts CMT&apos;s weekly Hot 20 Countdown and #1 Music and a Movie, in addition to co-hosting CMT&apos;s annual red carpet special live from the CMT Music Awards. 
After gigs in South Carolina, Georgia and Florida, Cody made it to the major leagues at age 23 when he landed in Dallas-Fort Worth, Texas. He&apos;s been honored at the Grand Ole Opry, featured in USA Today, GQ Magazine, People Country and Country Weekly; and has been seen on E! News, as well as HLN. Cody has been named Radio and Records Music Director of the Year five times, while Billboard magazine and the Radio Music Awards honored him with the annual title as well. 
When not on radio or TV, Cody loves working out, running, watching reality shows, superhero movies, listening to all kinds of music, relaxing in the mountains, eating Mexican food and spending time with family and friends. Contact 
</topic_text>
<spam_score>0.19</spam_score>
<post_num>1</post_num>
<post_id>post-1</post_id>
<post_url>http://cmtcody.iheart.com/onair/cmt-cody-alan-54719/maren-morris-called-her-grammys-performance-15558820/</post_url>
<post_date>20170213</post_date>
<post_time></post_time>
<username></username>
<post>
Maren Morris Called Her &apos;Grammys&apos; Performance &apos;Organic&apos; posted by Dustin Stout - share 
Maren Morris and Alicia Keys made CMT Crossroads proud Sunday night on the Grammy Awards . The former collaborators of CMT’s flagship music series took the stage to perform Best Country Solo Performance winner Maren’s “Once,” a reunion she called “organic” before the show. Grammys: Maren Morris &amp; the Rest of Country&apos;s Big Moments 
Posted February 13, 2017 
“I love her so much. We met on CMT Crossroads a couple months ago and just sort of bonded,” Maren told E! News . “So this is a really organic way to come back together for my first Grammys .”As for how she calmes her nerves before any show-stopping performance, the “80s Mercedes” singer added she takes “a couple deep breaths” and takes a “little shot of tequila.”See Maren on her headlining Hero Tour coming to a city near you. 
Cody Alan is the host and executive producer of CMT After MidNite, CMT Radio Live and CMT All Access. A respected veteran personality, producer and programmer in the broadcast industry, Cody&apos;s shows originate from Nashville and are broadcast on stations across America. Cody&apos;s shows feature the biggest names in country music and entertainment, and his wit, energy and charm shine with big star guests and live interaction with listeners. He brings fans unprecedented access to all things current in country music and entertainment in an environment that&apos;s genuine, unpredictable and fun. Dierks Bentley says, &quot;Cody&apos;s show always feels fresh and current. Cody cares about country music&apos;s past and future, and has always worked to make his shows exciting, interesting and personal.&quot; 
Named the Academy of Country Music&apos;s &quot;National On-Air Personality&quot; in 2013 and 2010, Cody also hosts CMT&apos;s weekly Hot 20 Countdown and #1 Music and a Movie, in addition to co-hosting CMT&apos;s annual red carpet special live from the CMT Music Awards. 
After gigs in South Carolina, Georgia and Florida, Cody made it to the major leagues at age 23 when he landed in Dallas-Fort Worth, Texas. He&apos;s been honored at the Grand Ole Opry, featured in USA Today, GQ Magazine, People Country and Country Weekly; and has been seen on E! News, as well as HLN. Cody has been named Radio and Records Music Director of the Year five times, while Billboard magazine and the Radio Music Awards honored him with the annual title as well. 
When not on radio or TV, Cody loves working out, running, watching reality shows, superhero movies, listening to all kinds of music, relaxing in the mountains, eating Mexican food and spending time with family and friends. Contact 
</post>
<signature>

</signature>
<external_links>

</external_links>
<country>US</country>
<main_image>http://i.iheart.com/v3/url/aHR0cHM6Ly9pLmloZWFydC5jb20vdjMvcmUvbmV3X2Fzc2V0cy81OGEyMWIxNTE2ODc1YmU0MGM4MzI2NDc=?ops=</main_image>
<rating></rating>
</document>
