<?xml version="1.0" encoding="UTF-8"?>
<document>
<type>mainstream</type>
<forum>http://www.businessworld.in/rss/news-article.xml</forum>
<forum_title>News</forum_title>
<discussion_title>Retail Inflation Lowest In At Least Five Years</discussion_title>
<language>english</language>
<gmt_offset></gmt_offset>
<topic_url>http://businessworld.in/article/Retail-Inflation-Lowest-In-At-Least-Five-Years/13-02-2017-112897</topic_url>
<topic_text>
Cloud Retail Inflation Lowest In At Least Five Years India&apos;s inflation cooled to its lowest in at least five years in January as food prices fell following the government&apos;s cash clampdown, but emerging price pressures mean the Reserve Bank of India will probably keep interest rates on hold Photo Credit : Reuters, Retail Inflation Falls To 4.31% In September, Gives Room To RBI For More Rate Cut 
India&apos;s inflation cooled to its lowest in at least five years in January as food prices fell following the government&apos;s cash clampdown, but emerging price pressures mean the Reserve Bank of India (RBI) will probably keep interest rates on hold.Consumer prices rose by an annual 3.17 per cent last month - their slowest pace since January 2012, when the government launched the current index series.Economists surveyed by Reuters had expected prices to rise by 3.22 per cent from a year earlier, compared with December&apos;s 3.41 per cent increase.Annual retail food inflation eased to 0.53 per cent last month from 1.37 per cent in December, helped by lower prices for vegetables and pulses, government data showed on Monday (February 13).In a worry for the central bank, another inflation gauge that excludes volatile food and fuel prices accelerated to around 5.1 per cent in January, after hovering around 4.9 per cent since September.The RBI&apos;s monetary policy committee reckons sticky core inflation could trigger wide side-effects.&quot;The RBI is seeing upside risks to inflation and one data point is not going to change their view dramatically,&quot; said Varun Khandelwal, managing director at Bullero Capital.&quot;Interest rates will remain on hold in the near term.&quot;Headline inflation has been under 4 per cent since November, well below the RBI&apos;s 5 per cent target for March and medium-term target of 4 per cent. END OF LOOSENING CYCLE Still, the RBI last week shocked investors by holding the repo rate at 6.25 per cent and shifting its monetary policy stance to &quot;neutral&quot; from &quot;accommodative&quot;.The shift comes as Asia&apos;s third-largest economy is still limping back to health after Prime Minister Narendra Modi&apos;s November 8 decision to outlaw old 500- and 1,000- rupee banknotes wiped out 86 per cent of the currency in circulation overnight.Industrial production fell 0.4 per cent, year on year, in December, government data showed last week.Even as the economic fallout of demonetisation remains unclear, the RBI is worried about a pick-up in global crude prices along with exchange rate volatility, which it says could push headline inflation above its medium-term target.Global crude oil prices are up nearly 14 per cent since end-November. The Indian rupee is expected to weaken by nearly 4 per cent from its current levels to 69.50 a dollar in 12 months.Most economists now expect the RBI to hold rates until at least the second half of next year.&quot;We continue to believe that the RBI will have to tighten policy sooner than most are anticipating,&quot; Capital Economics said in a flash note.(Reuters)
</topic_text>
<spam_score>0.00</spam_score>
<post_num>1</post_num>
<post_id>post-1</post_id>
<post_url>http://businessworld.in/article/Retail-Inflation-Lowest-In-At-Least-Five-Years/13-02-2017-112897</post_url>
<post_date>20170213</post_date>
<post_time>2009</post_time>
<username></username>
<post>
Cloud Retail Inflation Lowest In At Least Five Years India&apos;s inflation cooled to its lowest in at least five years in January as food prices fell following the government&apos;s cash clampdown, but emerging price pressures mean the Reserve Bank of India will probably keep interest rates on hold Photo Credit : Reuters, Retail Inflation Falls To 4.31% In September, Gives Room To RBI For More Rate Cut 
India&apos;s inflation cooled to its lowest in at least five years in January as food prices fell following the government&apos;s cash clampdown, but emerging price pressures mean the Reserve Bank of India (RBI) will probably keep interest rates on hold.Consumer prices rose by an annual 3.17 per cent last month - their slowest pace since January 2012, when the government launched the current index series.Economists surveyed by Reuters had expected prices to rise by 3.22 per cent from a year earlier, compared with December&apos;s 3.41 per cent increase.Annual retail food inflation eased to 0.53 per cent last month from 1.37 per cent in December, helped by lower prices for vegetables and pulses, government data showed on Monday (February 13).In a worry for the central bank, another inflation gauge that excludes volatile food and fuel prices accelerated to around 5.1 per cent in January, after hovering around 4.9 per cent since September.The RBI&apos;s monetary policy committee reckons sticky core inflation could trigger wide side-effects.&quot;The RBI is seeing upside risks to inflation and one data point is not going to change their view dramatically,&quot; said Varun Khandelwal, managing director at Bullero Capital.&quot;Interest rates will remain on hold in the near term.&quot;Headline inflation has been under 4 per cent since November, well below the RBI&apos;s 5 per cent target for March and medium-term target of 4 per cent. END OF LOOSENING CYCLE Still, the RBI last week shocked investors by holding the repo rate at 6.25 per cent and shifting its monetary policy stance to &quot;neutral&quot; from &quot;accommodative&quot;.The shift comes as Asia&apos;s third-largest economy is still limping back to health after Prime Minister Narendra Modi&apos;s November 8 decision to outlaw old 500- and 1,000- rupee banknotes wiped out 86 per cent of the currency in circulation overnight.Industrial production fell 0.4 per cent, year on year, in December, government data showed last week.Even as the economic fallout of demonetisation remains unclear, the RBI is worried about a pick-up in global crude prices along with exchange rate volatility, which it says could push headline inflation above its medium-term target.Global crude oil prices are up nearly 14 per cent since end-November. The Indian rupee is expected to weaken by nearly 4 per cent from its current levels to 69.50 a dollar in 12 months.Most economists now expect the RBI to hold rates until at least the second half of next year.&quot;We continue to believe that the RBI will have to tighten policy sooner than most are anticipating,&quot; Capital Economics said in a flash note.(Reuters)
</post>
<signature>

</signature>
<external_links>

</external_links>
<country>IN</country>
<main_image>http://d1s8mqgwixvb29.cloudfront.net/article/article_large_image/1486996743_49VoBn_inflation1.jpg</main_image>
<rating></rating>
</document>
