<?xml version="1.0" encoding="UTF-8"?>
<document>
<type>mainstream</type>
<forum></forum>
<forum_title></forum_title>
<discussion_title>Goza metiéndose un buen consolador por su rica vagina – Prohibido a menores de edad</discussion_title>
<language>spanish</language>
<gmt_offset></gmt_offset>
<topic_url>http://cocreta.com/goza-metiendose-un-buen-conso2lador-por-su-rica-vagina/</topic_url>
<topic_text>
Goza metiéndose un buen consolador por su rica vagina Goza metiéndose un buen consolador por su rica vagina 1 semana ago 
</topic_text>
<spam_score>0.05</spam_score>
<post_num>1</post_num>
<post_id>post-1</post_id>
<post_url>http://cocreta.com/goza-metiendose-un-buen-conso2lador-por-su-rica-vagina/</post_url>
<post_date>20170208</post_date>
<post_time></post_time>
<username></username>
<post>
Goza metiéndose un buen consolador por su rica vagina Goza metiéndose un buen consolador por su rica vagina 1 semana ago 
</post>
<signature>

</signature>
<external_links>

</external_links>
<country>DE</country>
<main_image>http://cocreta.com/wp-content/uploads/2017/02/8.jpg</main_image>
<rating></rating>
</document>
