<?xml version="1.0" encoding="UTF-8"?>
<document>
<type>mainstream</type>
<forum></forum>
<forum_title></forum_title>
<discussion_title>Roofs become a concern as snow piles up after storms | FOX25</discussion_title>
<language>english</language>
<gmt_offset></gmt_offset>
<topic_url>http://www.fox25boston.com/news/roofs-become-a-concern-as-snow-piles-up-after-storms/http&amp;#x3a;&amp;#x2f;&amp;#x2f;www&amp;#x2e;fox25boston&amp;#x2e;com&amp;#x2f;news&amp;#x2f;roofs-become-a-concern-as-snow-piles-up-after-storms&amp;#x2f;493825966</topic_url>
<topic_text>

Your newsletter s will be arriving soon. Roofs become a concern as snow piles up after storms 
Updated: Feb 13, 2017 - 4:36 PM 
DEDHAM, Mass. - Three rounds of weekend snow are starting to pile up on people&apos;s roofs, raising concerns about ice dams and other problems. 
We tagged along with a roofing company Monday who got a couple dozen calls after the latest storm. 
The roofers cleared the snow off a roof, but not before ice dams caused some damage inside. 
“We don&apos;t even know what&apos;s happening underneath with maybe wood rot and stuff like that,” homeowner Pat Ayoub explained. 
John and Pat Ayoub thought after the infamous winter of 2015 their roof problems were over. That year, ice dams and roof collapses became regular occurrences all over the state. 
The Ayoubs had leaking caused by ice dams, so they had some work done. But the problem&apos;s back again. 
Water from their roof is leaking through their ceiling and down their kitchen cabinets. 
“Right here -- coming in -- we put a little cup here and we had some leaking coming in on this side too,” Pat said. Roofer Parker Willard, of Willard Roofing in Dedham, says the problem lies in the design of the edge of the Ayoubs&apos; roof. 
“There’s absolutely no overhang,” he said. 
Ice dams occur when heat leaking from inside a home melts the snow on the roof. The melted snow trickles down to the colder edge of the roof and refreezes, forming a &quot;dam.&quot; 
The dam traps the melting snow which leaks through the roof or trim into the home. 
It keeps roofers very busy. 
“We&apos;ve had a couple dozen calls. Nothing comparatively speaking to 2015, but we&apos;re seeing that people are being pro-active,” Willard said. 
He says you can clear off your own roof with the right tools, like a roof rake and calcium chloride. 
“You never want to go up with the snow rake. If you noticed, I put it up and then I brought it down. If you go up with it, you potentially snap a shingle,” said Willard. 
But he advises leaving really high roofs to the pros. 
Rain is in the forecast for later in the week, which can be a dangerous situation -- especially for businesses with flat roofs – as the snow absorbs all of the rain water and becomes very heavy. © 2017 Cox Media Group. 
</topic_text>
<spam_score>0.19</spam_score>
<post_num>1</post_num>
<post_id>post-1</post_id>
<post_url>http://www.fox25boston.com/news/roofs-become-a-concern-as-snow-piles-up-after-storms/http&amp;#x3a;&amp;#x2f;&amp;#x2f;www&amp;#x2e;fox25boston&amp;#x2e;com&amp;#x2f;news&amp;#x2f;roofs-become-a-concern-as-snow-piles-up-after-storms&amp;#x2f;493825966</post_url>
<post_date>20170213</post_date>
<post_time></post_time>
<username></username>
<post>

Your newsletter s will be arriving soon. Roofs become a concern as snow piles up after storms 
Updated: Feb 13, 2017 - 4:36 PM 
DEDHAM, Mass. - Three rounds of weekend snow are starting to pile up on people&apos;s roofs, raising concerns about ice dams and other problems. 
We tagged along with a roofing company Monday who got a couple dozen calls after the latest storm. 
The roofers cleared the snow off a roof, but not before ice dams caused some damage inside. 
“We don&apos;t even know what&apos;s happening underneath with maybe wood rot and stuff like that,” homeowner Pat Ayoub explained. 
John and Pat Ayoub thought after the infamous winter of 2015 their roof problems were over. That year, ice dams and roof collapses became regular occurrences all over the state. 
The Ayoubs had leaking caused by ice dams, so they had some work done. But the problem&apos;s back again. 
Water from their roof is leaking through their ceiling and down their kitchen cabinets. 
“Right here -- coming in -- we put a little cup here and we had some leaking coming in on this side too,” Pat said. Roofer Parker Willard, of Willard Roofing in Dedham, says the problem lies in the design of the edge of the Ayoubs&apos; roof. 
“There’s absolutely no overhang,” he said. 
Ice dams occur when heat leaking from inside a home melts the snow on the roof. The melted snow trickles down to the colder edge of the roof and refreezes, forming a &quot;dam.&quot; 
The dam traps the melting snow which leaks through the roof or trim into the home. 
It keeps roofers very busy. 
“We&apos;ve had a couple dozen calls. Nothing comparatively speaking to 2015, but we&apos;re seeing that people are being pro-active,” Willard said. 
He says you can clear off your own roof with the right tools, like a roof rake and calcium chloride. 
“You never want to go up with the snow rake. If you noticed, I put it up and then I brought it down. If you go up with it, you potentially snap a shingle,” said Willard. 
But he advises leaving really high roofs to the pros. 
Rain is in the forecast for later in the week, which can be a dangerous situation -- especially for businesses with flat roofs – as the snow absorbs all of the rain water and becomes very heavy. © 2017 Cox Media Group. 
</post>
<signature>

</signature>
<external_links>

</external_links>
<country>US</country>
<main_image>http://media.myfoxbostoncom.cmgdigital.com/photo/2017/02/13/Snow%20on%20the%20roof_20170213213523411_7309158_ver1.0_640_360.JPG</main_image>
<rating></rating>
</document>
