<?xml version="1.0" encoding="UTF-8"?>
<document>
<type>mainstream</type>
<forum>http://www.tdg.ch/rss_ticker.html</forum>
<forum_title>Newsticker von Tribune de Genève</forum_title>
<discussion_title>Les jeunes ont des lacunes sur les antibiotiques</discussion_title>
<language>french</language>
<gmt_offset></gmt_offset>
<topic_url>http://www.tdg.ch/suisse/jeunes-lacunes-antibiotiques/story/19723404</topic_url>
<topic_text>
Images Les jeunes ont des lacunes sur les antibiotiques Suisse Dans l&apos;ensemble, la population a de bonnes connaissances sur ces médicaments. Mais il faut mieux informer les plus jeunes. Image: Keystone 
Vous voulez communiquer un ou vous avez repéré une erreur ? Orthographe   
Plus de trois quarts des Suisses sont bien informés sur les effets des antibiotiques. Mais les jeunes ont des connaissances lacunaires, d&apos;après un sondage réalisé en 2016 et publié lundi par l&apos; Office fédéral de la santé publique (OFSP). 
Il s&apos;agit de la première enquête sur les antibiotiques et la problématique de l&apos;antibiorésistance. 
Elle montre qu&apos;une large partie de la population (87%) est consciente qu&apos;un recours inutile aux antibiotiques réduit leur efficacité. Quatre personnes interrogées sur cinq savent que ces médicaments ne sont pas efficaces en cas de grippe ou de refroidissement, et presque autant sont avertis de leurs effets secondaires potentiels. 
En revanche, l&apos;OFSP souligne que les jeunes ont besoin d&apos;informations: certains malentendus apparaissent au sujet des antibiotiques et de leur utilisation en cas de grippes et de refroidissements. «A l&apos;avenir, il sera important de fournir des informations ciblées à ce groupe de population, mais également aux autres.» 
Femmes mieux informées 
Les femmes, les personnes de plus de 40 ans et celles qui ont un bon niveau de formation sont particulièrement bien renseignées. La source d&apos;information la plus courante concernant les antibiotiques sont les journaux et magazines, juste avant la télévision, la famille et les amis. 
«Chez les personnes de 50 ans et plus, les journaux et les magazines sont la source d&apos;information la plus fréquente. En revanche, pour les très jeunes, l&apos;environnement personnel (famille, amis, école, place de travail) est particulièrement important», précise l&apos;étude réalisée par l&apos;institut DemoSCOPE. 
Lacunes sur le traitement des animaux 
L&apos;administration d&apos;antibiotiques aux animaux d&apos;élevage suscite des opinions divergentes. Une bonne moitié des sondés estiment qu&apos;il convient de recourir à un tel traitement si c&apos;est la méthode la plus appropriée. Mais pour une personne interrogée sur trois, il ne faut pas donner d&apos;antibiotiques aux animaux. 
D&apos;une manière générale, le savoir quant à l&apos;utilisation d&apos;antibiotiques chez les animaux «n&apos;est manifestement pas très grand». Environ six personnes sur dix ignorent qu&apos;il est interdit, en Suisse comme dans l&apos;UE, de donner des antibiotiques aux animaux d&apos;élevage pour stimuler leur croissance. 
Stratégie antibiorésistance 
Le sondage de l&apos;institut DemoSCOPE a été effectué par téléphone auprès d&apos;un échantillon représentatif de 1000 personnes, dans le cadre de la Stratégie Antibiorésistance Suisse (StAR). 
Un quart de la population suisse avait pris un traitement antibiotique au cours des douze mois ayant précédé l&apos;enquête. 
Cette proportion est apparue plus élevée en Suisse romande et au Tessin, de même que chez les 15-24 ans. (ats/nxp) (Créé: 13.02.2017, 21h32)
</topic_text>
<spam_score>0.00</spam_score>
<post_num>1</post_num>
<post_id>post-1</post_id>
<post_url>http://www.tdg.ch/suisse/jeunes-lacunes-antibiotiques/story/19723404</post_url>
<post_date>20170213</post_date>
<post_time>1908</post_time>
<username></username>
<post>
Images Les jeunes ont des lacunes sur les antibiotiques Suisse Dans l&apos;ensemble, la population a de bonnes connaissances sur ces médicaments. Mais il faut mieux informer les plus jeunes. Image: Keystone 
Vous voulez communiquer un ou vous avez repéré une erreur ? Orthographe   
Plus de trois quarts des Suisses sont bien informés sur les effets des antibiotiques. Mais les jeunes ont des connaissances lacunaires, d&apos;après un sondage réalisé en 2016 et publié lundi par l&apos; Office fédéral de la santé publique (OFSP). 
Il s&apos;agit de la première enquête sur les antibiotiques et la problématique de l&apos;antibiorésistance. 
Elle montre qu&apos;une large partie de la population (87%) est consciente qu&apos;un recours inutile aux antibiotiques réduit leur efficacité. Quatre personnes interrogées sur cinq savent que ces médicaments ne sont pas efficaces en cas de grippe ou de refroidissement, et presque autant sont avertis de leurs effets secondaires potentiels. 
En revanche, l&apos;OFSP souligne que les jeunes ont besoin d&apos;informations: certains malentendus apparaissent au sujet des antibiotiques et de leur utilisation en cas de grippes et de refroidissements. «A l&apos;avenir, il sera important de fournir des informations ciblées à ce groupe de population, mais également aux autres.» 
Femmes mieux informées 
Les femmes, les personnes de plus de 40 ans et celles qui ont un bon niveau de formation sont particulièrement bien renseignées. La source d&apos;information la plus courante concernant les antibiotiques sont les journaux et magazines, juste avant la télévision, la famille et les amis. 
«Chez les personnes de 50 ans et plus, les journaux et les magazines sont la source d&apos;information la plus fréquente. En revanche, pour les très jeunes, l&apos;environnement personnel (famille, amis, école, place de travail) est particulièrement important», précise l&apos;étude réalisée par l&apos;institut DemoSCOPE. 
Lacunes sur le traitement des animaux 
L&apos;administration d&apos;antibiotiques aux animaux d&apos;élevage suscite des opinions divergentes. Une bonne moitié des sondés estiment qu&apos;il convient de recourir à un tel traitement si c&apos;est la méthode la plus appropriée. Mais pour une personne interrogée sur trois, il ne faut pas donner d&apos;antibiotiques aux animaux. 
D&apos;une manière générale, le savoir quant à l&apos;utilisation d&apos;antibiotiques chez les animaux «n&apos;est manifestement pas très grand». Environ six personnes sur dix ignorent qu&apos;il est interdit, en Suisse comme dans l&apos;UE, de donner des antibiotiques aux animaux d&apos;élevage pour stimuler leur croissance. 
Stratégie antibiorésistance 
Le sondage de l&apos;institut DemoSCOPE a été effectué par téléphone auprès d&apos;un échantillon représentatif de 1000 personnes, dans le cadre de la Stratégie Antibiorésistance Suisse (StAR). 
Un quart de la population suisse avait pris un traitement antibiotique au cours des douze mois ayant précédé l&apos;enquête. 
Cette proportion est apparue plus élevée en Suisse romande et au Tessin, de même que chez les 15-24 ans. (ats/nxp) (Créé: 13.02.2017, 21h32)
</post>
<signature>

</signature>
<external_links>

</external_links>
<country>CH</country>
<main_image>http://files.newsnetz.ch/story/1/9/7/19723404/teaserbreitgross.jpg</main_image>
<rating></rating>
</document>
