<?xml version="1.0" encoding="UTF-8"?>
<document>
<type>mainstream</type>
<forum>http://www.ccenterdispatch.com//search/?q=&amp;t=article&amp;l=100&amp;d=&amp;d1=&amp;d2=&amp;s=start_time&amp;sd=desc&amp;c[]=news,news/*&amp;f=rss</forum>
<forum_title>Clay Center Dispatch On-Line - news,news/</forum_title>
<discussion_title>6-year-old fatally shot in St. Louis</discussion_title>
<language>english</language>
<gmt_offset></gmt_offset>
<topic_url>http://www.ccenterdispatch.com/news/state/article_8081661d-397e-56c3-b523-15df349a1328.html</topic_url>
<topic_text>
Discuss Print Posted in State on Monday, February 13, 2017 1:39 pm. Updated: 2:00 pm. | Tags: General News , Homicide , Violent Crime , Crime | Location Tags: St. Louis , Missouri , United States , North America Rules of Conduct 1 Keep it Clean. Please avoid obscene, vulgar, lewd, racist or sexually-oriented language. 2 Don&apos;t Threaten or Abuse. Threats of harming another person will not be tolerated. AND PLEASE TURN OFF CAPS LOCK. 3 Be Truthful. Don&apos;t knowingly lie about anyone or anything. 4 Be Nice. No racism, sexism or any sort of -ism that is degrading to another person. 5 Be Proactive. Use the &apos;Report&apos; link on each comment to let us know of abusive posts. 6 Share with Us. We&apos;d love to hear eyewitness accounts, the history behind an article. Welcome to the discussion.
</topic_text>
<spam_score>0.00</spam_score>
<post_num>1</post_num>
<post_id>post-1</post_id>
<post_url>http://www.ccenterdispatch.com/news/state/article_8081661d-397e-56c3-b523-15df349a1328.html</post_url>
<post_date>20170213</post_date>
<post_time>1939</post_time>
<username></username>
<post>
Discuss Print Posted in State on Monday, February 13, 2017 1:39 pm. Updated: 2:00 pm. | Tags: General News , Homicide , Violent Crime , Crime | Location Tags: St. Louis , Missouri , United States , North America Rules of Conduct 1 Keep it Clean. Please avoid obscene, vulgar, lewd, racist or sexually-oriented language. 2 Don&apos;t Threaten or Abuse. Threats of harming another person will not be tolerated. AND PLEASE TURN OFF CAPS LOCK. 3 Be Truthful. Don&apos;t knowingly lie about anyone or anything. 4 Be Nice. No racism, sexism or any sort of -ism that is degrading to another person. 5 Be Proactive. Use the &apos;Report&apos; link on each comment to let us know of abusive posts. 6 Share with Us. We&apos;d love to hear eyewitness accounts, the history behind an article. Welcome to the discussion.
</post>
<signature>

</signature>
<external_links>

</external_links>
<country>US</country>
<main_image>http://www.ccenterdispatch.com/app/dispatchlogoFACEBOOK.jpg</main_image>
<rating></rating>
</document>
