<?xml version="1.0" encoding="UTF-8"?>
<document>
<type>mainstream</type>
<forum>http://www.christian-dogma.com/rss.php</forum>
<forum_title>christian dogma RSS feed</forum_title>
<discussion_title>الحكومة اللي عنده عربية هنشيل عنه الدعم</discussion_title>
<language>arabic</language>
<gmt_offset></gmt_offset>
<topic_url>http://www.christian-dogma.com/t1248310-الحكومة-اللي-عنده-عربية-هنشيل-عنه-الدعم-</topic_url>
<topic_text>
الحكومة اللي عنده عربية هنشيل عنه الدعم منذ 14 ثانيه  33 pm بلغ عن المحتوى كشفت الدكتورة غادة والي، وزيرة التضامن الاجتماعي، عن أن الوزارة ستمنع الدعم النقدي عن أي شخص يمتلك سيارة، مضيفة: &quot;اللي عنده عربية هانوقف الدعم النقدي عنه، ولو واحد فقير وعنده عربية باسمه اداها لحد تاني، هانوقف الدعم النقدي&quot;. وتابعت والي، خلال الجلسة العامة المخصصة لمناقشة طلبات الإحاطة الموجهة لوزارتها: &quot;كون الزوج يعمل بالعمالة الزراعية الموسمية، فذلك لا يمنع استحقاقه في برنامج تكافل وكرامة، ونحن مهتمون بالمرأة الريفية والمعيلة&quot;، مشيرة إلى أن 54% من المستفيدين من النساء. هذا الخبر منقول من : وكالات موضوعات مثبته
</topic_text>
<spam_score>0.00</spam_score>
<post_num>1</post_num>
<post_id>post-1</post_id>
<post_url>http://www.christian-dogma.com/t1248310-الحكومة-اللي-عنده-عربية-هنشيل-عنه-الدعم-</post_url>
<post_date>20170213</post_date>
<post_time>2133</post_time>
<username></username>
<post>
الحكومة اللي عنده عربية هنشيل عنه الدعم منذ 14 ثانيه  33 pm بلغ عن المحتوى كشفت الدكتورة غادة والي، وزيرة التضامن الاجتماعي، عن أن الوزارة ستمنع الدعم النقدي عن أي شخص يمتلك سيارة، مضيفة: &quot;اللي عنده عربية هانوقف الدعم النقدي عنه، ولو واحد فقير وعنده عربية باسمه اداها لحد تاني، هانوقف الدعم النقدي&quot;. وتابعت والي، خلال الجلسة العامة المخصصة لمناقشة طلبات الإحاطة الموجهة لوزارتها: &quot;كون الزوج يعمل بالعمالة الزراعية الموسمية، فذلك لا يمنع استحقاقه في برنامج تكافل وكرامة، ونحن مهتمون بالمرأة الريفية والمعيلة&quot;، مشيرة إلى أن 54% من المستفيدين من النساء. هذا الخبر منقول من : وكالات موضوعات مثبته
</post>
<signature>

</signature>
<external_links>

</external_links>
<country>US</country>
<main_image>http://www.christian-dogma.com/im0photos/20170213/T1487021570550c6e2859c483b5557b3f50539fed23image.jpg?w=550&amp;h=350&amp;.jpg</main_image>
<rating></rating>
</document>
