<?xml version="1.0" encoding="UTF-8"?>
<document>
<type>mainstream</type>
<forum>http://seattletimes.com/rss/artsentertainment.xml</forum>
<forum_title>The Seattle Times Entertainment – The Seattle Times</forum_title>
<discussion_title>Watch: Pregnant Ciara pays tribute to Whitney Houston with ‘I’m Every Woman’</discussion_title>
<language>english</language>
<gmt_offset></gmt_offset>
<topic_url>http://www.seattletimes.com/entertainment/watch-pregnant-ciara-pays-tribute-whitney-houston-with-im-every-woman/</topic_url>
<topic_text>
The stars — they’re just like us. They like to dance around the kitchen and use kitchenware as microphones. That’s what singer Ciara does in a video she posted over the weekend. The pregnant singer is seen dancing and lip-syncing to Whitney Houston’s version of Chaka Khan’s “I’m Every Woman.” Houston, who died 5 years ago Feb. 11., was also pregnant when she filmed the music video to “I’m Every Woman.”
It turns out this was a professional endeavor. The singer’s choreography was by Galen Hooks and Tim Milgram filmed the video. Ciara’s son Future Zahir and husband, Seahawks quarterback Russell Wilson, also make appearances.
. @ciara paid tribute to Whitney Houston on her 5-yr death anniversary with this lip-sync cover of &apos;I’m Every Woman&apos;. pic.twitter.com/FN4I5yPn27 
— Spin or Bin Music (@spinorbinmusic) February 13, 2017 
Ardua Harris : aharris@seattletimes.com . Seattle Times entertainment and lifestyle editor  
</topic_text>
<spam_score>0.00</spam_score>
<post_num>1</post_num>
<post_id>post-1</post_id>
<post_url>http://www.seattletimes.com/entertainment/watch-pregnant-ciara-pays-tribute-whitney-houston-with-im-every-woman/</post_url>
<post_date>20170213</post_date>
<post_time>0905</post_time>
<username>Ardua Harris</username>
<post>
The stars — they’re just like us. They like to dance around the kitchen and use kitchenware as microphones. That’s what singer Ciara does in a video she posted over the weekend. The pregnant singer is seen dancing and lip-syncing to Whitney Houston’s version of Chaka Khan’s “I’m Every Woman.” Houston, who died 5 years ago Feb. 11., was also pregnant when she filmed the music video to “I’m Every Woman.”
It turns out this was a professional endeavor. The singer’s choreography was by Galen Hooks and Tim Milgram filmed the video. Ciara’s son Future Zahir and husband, Seahawks quarterback Russell Wilson, also make appearances.
. @ciara paid tribute to Whitney Houston on her 5-yr death anniversary with this lip-sync cover of &apos;I’m Every Woman&apos;. pic.twitter.com/FN4I5yPn27 
— Spin or Bin Music (@spinorbinmusic) February 13, 2017 
Ardua Harris : aharris@seattletimes.com . Seattle Times entertainment and lifestyle editor  
</post>
<signature>

</signature>
<external_links>

</external_links>
<country>US</country>
<main_image>http://static.seattletimes.com/wp-content/uploads/2017/02/02132017_Ciara-1560x2343.jpg</main_image>
<rating></rating>
</document>
