<?xml version="1.0" encoding="UTF-8"?>
<document>
<type>mainstream</type>
<forum>http://www.nikkan.co.jp/rss/nksrdf.rdf</forum>
<forum_title>日刊工業新聞 電子版</forum_title>
<discussion_title>産総研、最新ＡＩシンポ開く 110人来場</discussion_title>
<language>japanese</language>
<gmt_offset></gmt_offset>
<topic_url>http://www.nikkan.co.jp/articles/view/00417148</topic_url>
<topic_text>
産業技術総合研究所と日刊工業新聞社、モノづくり日本会議は、大阪科学技術センター（大阪市西区）で「最新人工知能（ＡＩ）シンポジウム」を開いた。約１１０人が来場し、ＡＩの研究開発の現状や産業への活用、将来展望の話に聞き入った。 産総研人工知能研究センター長の辻井潤一氏（写真）が「人工知能がもたらす新たな世界の構築」をテーマに基調講演した。辻井氏は「ＩｏＴ（モノのインターネット）やロボットの真ん中に、考える力のＡＩが位置する」とＡＩ研究の重要性を強調。米国に比べ研究が個別に行われている日本では「開いたエコシステムとして、それを一つにまとめていく必要がある」と述べた。 (2017/2/14 05:00)
</topic_text>
<spam_score>0.00</spam_score>
<post_num>1</post_num>
<post_id>post-1</post_id>
<post_url>http://www.nikkan.co.jp/articles/view/00417148</post_url>
<post_date>20170213</post_date>
<post_time>2034</post_time>
<username></username>
<post>
産業技術総合研究所と日刊工業新聞社、モノづくり日本会議は、大阪科学技術センター（大阪市西区）で「最新人工知能（ＡＩ）シンポジウム」を開いた。約１１０人が来場し、ＡＩの研究開発の現状や産業への活用、将来展望の話に聞き入った。 産総研人工知能研究センター長の辻井潤一氏（写真）が「人工知能がもたらす新たな世界の構築」をテーマに基調講演した。辻井氏は「ＩｏＴ（モノのインターネット）やロボットの真ん中に、考える力のＡＩが位置する」とＡＩ研究の重要性を強調。米国に比べ研究が個別に行われている日本では「開いたエコシステムとして、それを一つにまとめていく必要がある」と述べた。 (2017/2/14 05:00)
</post>
<signature>

</signature>
<external_links>

</external_links>
<country>JP</country>
<main_image></main_image>
<rating></rating>
</document>
