<?xml version="1.0" encoding="UTF-8"?>
<document>
<type>mainstream</type>
<forum></forum>
<forum_title></forum_title>
<discussion_title>What Are #Backlinks in #SEO ? | Zvezda Geek</discussion_title>
<language>english</language>
<gmt_offset></gmt_offset>
<topic_url>http://zvezdageek.com/2016/02/08/what-are-backlinks-in-seo/</topic_url>
<topic_text>
Home » E-business, E-marketing » SEO, SEM » What Are #Backlinks in #SEO ? What Are #Backlinks in #SEO ? Zvezda Geek Team February 8, 2016 SEO, SEM Leave a comment 
Welcome, believe it or not, Google draw the road of SEO ‘search engine optimization’, not alone of course but the are the leader in SEO globe. 
For that, many bloggers / writers / website owner, need and should looking for organic visitors and there are millions of visitors who use search engines and to gain some of these free visitors, you should respect the backlinks methods. So, What is Backlinks Firstly ? 
Backlinks are, your URLs in other websites on the internet, this is it. 
Each time a web page links to any other page, it is called a backlink. During the past, backlinks had been the main metric intended for the rating of an internet pages. A webpage with a large amount of back links has a tendency to rank higher using major search engines like Google. Here is usually a glossary of common terms associated with backlinks that you need to know: 
URLs Link Juice: Every time a web page links to any of the articles or your website’s homepage, this passes the URLs Link juice. This link juice helps with the position from the content, and also enhances the domain name expert. As a blogger, you are able to quit moving the link juice by using a nofollow tag. 
Nofollow Link: When an internet site links to a different website, however the link includes a nofollow label, that hyperlink does not really complete the link juice. Nofollow links are not really useful regarding the rank of a web page, because they usually do not contribute anything at all. In general, an internet marketer uses the nofollow tag when this individual is connecting out to an unreliable site. Example: Links from comments upon various other sites. 
ex: &lt;a href=&quot;https://wikipedia.org&quot; target=&quot;_blank&quot; rel=&quot;_nofollow&quot;&gt;Wikipedia&lt;/a&gt; 
target=”_blank”, mean, that open this link in new browser tap. rel=”nofollow”, mean, search engine, do not go to this link through my website, stop here. Do-follow hyperlink: Automatically, almost all the links that you add in a blog post are do-follow links, and these types pass the hyperlink juice.
DoFollow Attribute is: [ rel=”dofollow” ] 
Linking Root Domains: This relates to the quantity of inbound links visiting your website from an unique website. Actually in the event that a site offers linked with your website 10 times, it might be considered as the one-linked root domain. 
Lower-Quality Links: Lower-quality links are links which come from gathered sites, automated sites, spam sites and even porno sites. Such links perform much more damage than great. This really is a single cause you should become cautious when buying back links. 
Internal Links: Links that are getting from one web page to an additional within the same domain name are known as internal links, as well as the procedure by itself is known to internal linking. 
But, be aware to link your pages with useful content, as example, we talk here about SEO, so, we should link this article to same category even if we mentioned about Debt issue ‘which is really section on our website’, it will be some not good, but, it’s will be useful if we link to Hosting section, because there is big relationship between SEO and Hosting. ‘Your hosting provider affect on your SEO’. 
Anchor Text: Text which is used to link is known as anchor text. anchor text backlinks work great when you are looking to rank to get particular keywords. 
ex: If we build backlink to our SEO section as the main section, the anchor text should be ‘ SEO or Search Engine Optimization’, but, if we build backlink to post talk about banning on search engine, it could be like this ‘ Avoid Dropped From Google Search Results ‘. 😉 Benefits of backlinks in SEO 
Before we actually speak about the benefits of backlinks, you require to understand very much has changed regarding backlinks during the past couple of years. There was clearly a period when actually lower-quality links helped in rating a site. Yet since Google rolled away its Penguin algorithm , the entire landscape of back-linking is changed. 
It is definitely important to have backlinks from quality sites, as well as the backlinks must be contextual. In the event that, you have got a website regarding seafood, and you are creating links from all other niche websites, these types will carry no make use of. Your objective should end up being obtaining links from authoritative and relevant sites. 
</topic_text>
<spam_score>0.01</spam_score>
<post_num>1</post_num>
<post_id>post-1</post_id>
<post_url>http://zvezdageek.com/2016/02/08/what-are-backlinks-in-seo/</post_url>
<post_date>20160208</post_date>
<post_time></post_time>
<username>Zvezda Geek Team</username>
<post>
Home » E-business, E-marketing » SEO, SEM » What Are #Backlinks in #SEO ? What Are #Backlinks in #SEO ? Zvezda Geek Team February 8, 2016 SEO, SEM Leave a comment 
Welcome, believe it or not, Google draw the road of SEO ‘search engine optimization’, not alone of course but the are the leader in SEO globe. 
For that, many bloggers / writers / website owner, need and should looking for organic visitors and there are millions of visitors who use search engines and to gain some of these free visitors, you should respect the backlinks methods. So, What is Backlinks Firstly ? 
Backlinks are, your URLs in other websites on the internet, this is it. 
Each time a web page links to any other page, it is called a backlink. During the past, backlinks had been the main metric intended for the rating of an internet pages. A webpage with a large amount of back links has a tendency to rank higher using major search engines like Google. Here is usually a glossary of common terms associated with backlinks that you need to know: 
URLs Link Juice: Every time a web page links to any of the articles or your website’s homepage, this passes the URLs Link juice. This link juice helps with the position from the content, and also enhances the domain name expert. As a blogger, you are able to quit moving the link juice by using a nofollow tag. 
Nofollow Link: When an internet site links to a different website, however the link includes a nofollow label, that hyperlink does not really complete the link juice. Nofollow links are not really useful regarding the rank of a web page, because they usually do not contribute anything at all. In general, an internet marketer uses the nofollow tag when this individual is connecting out to an unreliable site. Example: Links from comments upon various other sites. 
ex: &lt;a href=&quot;https://wikipedia.org&quot; target=&quot;_blank&quot; rel=&quot;_nofollow&quot;&gt;Wikipedia&lt;/a&gt; 
target=”_blank”, mean, that open this link in new browser tap. rel=”nofollow”, mean, search engine, do not go to this link through my website, stop here. Do-follow hyperlink: Automatically, almost all the links that you add in a blog post are do-follow links, and these types pass the hyperlink juice.
DoFollow Attribute is: [ rel=”dofollow” ] 
Linking Root Domains: This relates to the quantity of inbound links visiting your website from an unique website. Actually in the event that a site offers linked with your website 10 times, it might be considered as the one-linked root domain. 
Lower-Quality Links: Lower-quality links are links which come from gathered sites, automated sites, spam sites and even porno sites. Such links perform much more damage than great. This really is a single cause you should become cautious when buying back links. 
Internal Links: Links that are getting from one web page to an additional within the same domain name are known as internal links, as well as the procedure by itself is known to internal linking. 
But, be aware to link your pages with useful content, as example, we talk here about SEO, so, we should link this article to same category even if we mentioned about Debt issue ‘which is really section on our website’, it will be some not good, but, it’s will be useful if we link to Hosting section, because there is big relationship between SEO and Hosting. ‘Your hosting provider affect on your SEO’. 
Anchor Text: Text which is used to link is known as anchor text. anchor text backlinks work great when you are looking to rank to get particular keywords. 
ex: If we build backlink to our SEO section as the main section, the anchor text should be ‘ SEO or Search Engine Optimization’, but, if we build backlink to post talk about banning on search engine, it could be like this ‘ Avoid Dropped From Google Search Results ‘. 😉 Benefits of backlinks in SEO 
Before we actually speak about the benefits of backlinks, you require to understand very much has changed regarding backlinks during the past couple of years. There was clearly a period when actually lower-quality links helped in rating a site. Yet since Google rolled away its Penguin algorithm , the entire landscape of back-linking is changed. 
It is definitely important to have backlinks from quality sites, as well as the backlinks must be contextual. In the event that, you have got a website regarding seafood, and you are creating links from all other niche websites, these types will carry no make use of. Your objective should end up being obtaining links from authoritative and relevant sites. 
</post>
<signature>

</signature>
<external_links>

</external_links>
<country>US</country>
<main_image>https://i1.wp.com/zvezdageek.com/wp-content/uploads/2016/01/What-Are-Backlinks-in-SEO.jpg?resize=600%2C330</main_image>
<rating></rating>
</document>
