<?xml version="1.0" encoding="UTF-8"?>
<document>
<type>mainstream</type>
<forum>http://news.liga.net/politics/rss.xml</forum>
<forum_title>Новости Украины 24 часа в сутки : ЛІГАБізнесІнформ</forum_title>
<discussion_title>В Германии опровергли заявление Онищенко об отказе в экстрадиции</discussion_title>
<language>russian</language>
<gmt_offset></gmt_offset>
<topic_url>http://news.liga.net/news/politics/14690658-v_germanii_oprovergli_zayavlenie_onishchenko_ob_otkaze_v_ekstraditsii.htm</topic_url>
<topic_text>
В Германии опровергли заявление Онищенко об отказе в экстрадиции 13.02.2017 22:48 Беглый депутат Онищенко, который находится в розыске, заявляет, что Германия отказалась выдавать его Украине. Немецкий суд опроверг слова нардепа Поделиться: Александр Онищенко (фото - скриншот видео) 
Заявления беглого депутата от Воли народы Александра Онищенко о том, что Германия отказалась выдавать его Украине, не соответствуют действительности. Об этом заявили в Высшем земельном суде города Кобленца, который рассматривал жалобу адвокатов Онищенко на действующий в Германии ордер на арест, передает Deutsche Welle . 
&quot;В Германии не принималось никаких решений об экстрадиции народного депутата Украины Александра Онищенко. Тем более, суд не рассматривал вопрос виновности или невиновности этого лица&quot;, - сказано в заявлении. 
СМИ со ссылкой на источник в органах правосудия сообщают, что решение о правомерности ареста или экстрадиции не могло выноситься, поскольку Онищенко не находится под стражей и вопрос о его экстрадиции не стоит. 
Судьи в Кобленце по просьбе адвокатов Онищенко предоставили лишь общую правовую оценку информации о сути уголовного дела против него в Украине, изложенную в изданном в Германии ордере на арест. 
Отмечается, что согласно обнародованному Онищенко письму, судьи &quot;имели бы предостережение против экстрадиционного ареста&quot;. 
10 февраля в одном из украинских СМИ появилась публикация о том, что Германия отказала Украине в экстрадиции Онищенко. Позже он заявил , что это якобы правда и отметил, что &quot;немецкий суд указал Украине, что все это дело носит исключительно политический характер&quot;.
</topic_text>
<spam_score>0.00</spam_score>
<post_num>1</post_num>
<post_id>post-1</post_id>
<post_url>http://news.liga.net/news/politics/14690658-v_germanii_oprovergli_zayavlenie_onishchenko_ob_otkaze_v_ekstraditsii.htm</post_url>
<post_date>20170213</post_date>
<post_time>2048</post_time>
<username></username>
<post>
В Германии опровергли заявление Онищенко об отказе в экстрадиции 13.02.2017 22:48 Беглый депутат Онищенко, который находится в розыске, заявляет, что Германия отказалась выдавать его Украине. Немецкий суд опроверг слова нардепа Поделиться: Александр Онищенко (фото - скриншот видео) 
Заявления беглого депутата от Воли народы Александра Онищенко о том, что Германия отказалась выдавать его Украине, не соответствуют действительности. Об этом заявили в Высшем земельном суде города Кобленца, который рассматривал жалобу адвокатов Онищенко на действующий в Германии ордер на арест, передает Deutsche Welle . 
&quot;В Германии не принималось никаких решений об экстрадиции народного депутата Украины Александра Онищенко. Тем более, суд не рассматривал вопрос виновности или невиновности этого лица&quot;, - сказано в заявлении. 
СМИ со ссылкой на источник в органах правосудия сообщают, что решение о правомерности ареста или экстрадиции не могло выноситься, поскольку Онищенко не находится под стражей и вопрос о его экстрадиции не стоит. 
Судьи в Кобленце по просьбе адвокатов Онищенко предоставили лишь общую правовую оценку информации о сути уголовного дела против него в Украине, изложенную в изданном в Германии ордере на арест. 
Отмечается, что согласно обнародованному Онищенко письму, судьи &quot;имели бы предостережение против экстрадиционного ареста&quot;. 
10 февраля в одном из украинских СМИ появилась публикация о том, что Германия отказала Украине в экстрадиции Онищенко. Позже он заявил , что это якобы правда и отметил, что &quot;немецкий суд указал Украине, что все это дело носит исключительно политический характер&quot;.
</post>
<signature>

</signature>
<external_links>

</external_links>
<country>UA</country>
<main_image>http://news.liga.net/upload/iblock/185/18588781b3fb48d991116564c2eb2266.jpg</main_image>
<rating></rating>
</document>
