<?xml version="1.0" encoding="UTF-8"?>
<document>
<type>mainstream</type>
<forum>http://conservativeangle.com/feed/</forum>
<forum_title>Conservative Angle</forum_title>
<discussion_title>TSA Employees Caught Doing WHAT?!</discussion_title>
<language>english</language>
<gmt_offset></gmt_offset>
<topic_url>http://patriotupdate.com/tsa-employees-caught/</topic_url>
<topic_text>
With the TSA already coming under fire for being an asinine and cumbersome piece of our national security picture, their latest scandal will leave you speechless. 
Several TSA agents have been implicated in an 18-year conspiracy of drug smuggling through Puerto Rico. 
As it turns out, for the past eighteen years , TSA employees stationed in Puerto Rico have been smuggling cocaine through airport security – to the tune of nearly twenty tons . 
“A dozen airport and Transportation Security Administration (TSA) employees have been arrested for their alleged involvement in a massive cocaine smuggling operation in Puerto Rico, the U.S. Attorney’s Office announced Monday. 
“The defendants are accused of helping smuggle approximately 20 tons of cocaine through Luis Muñoz Marín International Airport over the course of 18 years, from 1998 to 2016. 
“The investigation was initiated by the TSA as part of an ongoing effort to target employee misconduct and reduce insider threats. 
“The operation allegedly involved employees smuggling suitcases through TSA checkpoints at the airport and onto flights, with as many as five mules on some flights and with each mule checking two suitcases in some cases. 
“Six current and former TSA screening officers have been indicted in the case for their alleged role in smuggling cocaine through X-ray machines and onto airplanes without detection.” 
This once again proves that the TSA was, and always will be, a hastily arranged and ineffective use of governmental security created to employ ineffective and politically correct versions of security measures that only display the “theater of security” rather than any real safety itself. 
You can read more here . Comment on this Article Via Your Facebook Account Comment on this Article Via Your Disqus Account Follow Us on Facebook!
</topic_text>
<spam_score>0.00</spam_score>
<post_num>1</post_num>
<post_id>post-1</post_id>
<post_url>http://patriotupdate.com/tsa-employees-caught/</post_url>
<post_date>20170213</post_date>
<post_time>2111</post_time>
<username>EdJenner</username>
<post>
With the TSA already coming under fire for being an asinine and cumbersome piece of our national security picture, their latest scandal will leave you speechless. 
Several TSA agents have been implicated in an 18-year conspiracy of drug smuggling through Puerto Rico. 
As it turns out, for the past eighteen years , TSA employees stationed in Puerto Rico have been smuggling cocaine through airport security – to the tune of nearly twenty tons . 
“A dozen airport and Transportation Security Administration (TSA) employees have been arrested for their alleged involvement in a massive cocaine smuggling operation in Puerto Rico, the U.S. Attorney’s Office announced Monday. 
“The defendants are accused of helping smuggle approximately 20 tons of cocaine through Luis Muñoz Marín International Airport over the course of 18 years, from 1998 to 2016. 
“The investigation was initiated by the TSA as part of an ongoing effort to target employee misconduct and reduce insider threats. 
“The operation allegedly involved employees smuggling suitcases through TSA checkpoints at the airport and onto flights, with as many as five mules on some flights and with each mule checking two suitcases in some cases. 
“Six current and former TSA screening officers have been indicted in the case for their alleged role in smuggling cocaine through X-ray machines and onto airplanes without detection.” 
This once again proves that the TSA was, and always will be, a hastily arranged and ineffective use of governmental security created to employ ineffective and politically correct versions of security measures that only display the “theater of security” rather than any real safety itself. 
You can read more here . Comment on this Article Via Your Facebook Account Comment on this Article Via Your Disqus Account Follow Us on Facebook!
</post>
<signature>

</signature>
<external_links>

</external_links>
<country>US</country>
<main_image>http://conservativeangle.com/wp-content/uploads/2017/02/2926781-thumb.jpg</main_image>
<rating></rating>
</document>
