<?xml version="1.0" encoding="UTF-8"?>
<document>
<type>mainstream</type>
<forum></forum>
<forum_title></forum_title>
<discussion_title>Ynetnews News - Imri Ziv chosen to represent Israel in the Eurovision Song Contest</discussion_title>
<language>english</language>
<gmt_offset></gmt_offset>
<topic_url>http://www.ynetnews.com/articles/0,7340,L-4922104,00.html</topic_url>
<topic_text>
Imri Ziv chosen to represent Israel in the Eurovision Song Contest Ynet | Published: 13.02.17 , 23:22 
Israel&apos;s representative in the next Eurovision Song Contest that will be held in Kiev in May was revealed today to be 25-year-old Imri Ziv. 
Imri received the honor by winning in the reality TV show &quot;The Next Star&quot;. Imri participated in the last two Eurovision contests as a backup singer for Nadav Guedj and Hovi Star. 

</topic_text>
<spam_score>0.04</spam_score>
<post_num>1</post_num>
<post_id>post-1</post_id>
<post_url>http://www.ynetnews.com/articles/0,7340,L-4922104,00.html</post_url>
<post_date>20170213</post_date>
<post_time></post_time>
<username></username>
<post>
Imri Ziv chosen to represent Israel in the Eurovision Song Contest Ynet | Published: 13.02.17 , 23:22 
Israel&apos;s representative in the next Eurovision Song Contest that will be held in Kiev in May was revealed today to be 25-year-old Imri Ziv. 
Imri received the honor by winning in the reality TV show &quot;The Next Star&quot;. Imri participated in the last two Eurovision contests as a backup singer for Nadav Guedj and Hovi Star. 

</post>
<signature>

</signature>
<external_links>

</external_links>
<country>US</country>
<main_image>http://www.ynetnews.com/images/default_EynetLogo200_200.jpg</main_image>
<rating></rating>
</document>
