<?xml version="1.0" encoding="UTF-8"?>
<document>
<type>mainstream</type>
<forum>http://www.ccenterdispatch.com//search/?q=&amp;t=article&amp;l=100&amp;d=&amp;d1=&amp;d2=&amp;s=start_time&amp;sd=desc&amp;c[]=news,news/*&amp;f=rss</forum>
<forum_title>Clay Center Dispatch On-Line - news,news/</forum_title>
<discussion_title>Wisconsin, Minnesota AGs team up to take on painkiller abuse</discussion_title>
<language>english</language>
<gmt_offset></gmt_offset>
<topic_url>http://www.ccenterdispatch.com/news/state/article_fb895f8e-f5f0-5dbd-8d04-07eab1c80388.html</topic_url>
<topic_text>
Wisconsin, Minnesota AGs team up to take on painkiller abuse Associated Press | 0 comments 
ST. PAUL, Minn. (AP) — Minnesota and Wisconsin are teaming up to tackle prescription painkiller abuse. 
The attorneys general from both states met at the Minnesota Capitol Monday to discuss their &quot;Dose of Reality&quot; campaign. Minnesota Attorney General Lori Swanson says prescription opioid deaths now outpace heroin overdoses nationwide. 
Their campaign includes a startling public service announcement featuring a mother who can&apos;t wake her son who has an open pill bottle nearby. Both officials are asking movie theaters, TV stations and more to air the video. Each state&apos;s website has an interactive map so residents can find locations to safely dispose unused medication. 
The campaign is new to Minnesota. Wisconsin launched its own program in September 2015.
</topic_text>
<spam_score>0.00</spam_score>
<post_num>1</post_num>
<post_id>post-1</post_id>
<post_url>http://www.ccenterdispatch.com/news/state/article_fb895f8e-f5f0-5dbd-8d04-07eab1c80388.html</post_url>
<post_date>20170213</post_date>
<post_time>1947</post_time>
<username></username>
<post>
Wisconsin, Minnesota AGs team up to take on painkiller abuse Associated Press | 0 comments 
ST. PAUL, Minn. (AP) — Minnesota and Wisconsin are teaming up to tackle prescription painkiller abuse. 
The attorneys general from both states met at the Minnesota Capitol Monday to discuss their &quot;Dose of Reality&quot; campaign. Minnesota Attorney General Lori Swanson says prescription opioid deaths now outpace heroin overdoses nationwide. 
Their campaign includes a startling public service announcement featuring a mother who can&apos;t wake her son who has an open pill bottle nearby. Both officials are asking movie theaters, TV stations and more to air the video. Each state&apos;s website has an interactive map so residents can find locations to safely dispose unused medication. 
The campaign is new to Minnesota. Wisconsin launched its own program in September 2015.
</post>
<signature>

</signature>
<external_links>

</external_links>
<country>US</country>
<main_image>http://www.ccenterdispatch.com/app/dispatchlogoFACEBOOK.jpg</main_image>
<rating></rating>
</document>
