<?xml version="1.0" encoding="UTF-8"?>
<document>
<type>mainstream</type>
<forum>http://lasvegassun.com/news/world/</forum>
<forum_title>AP World News - Las Vegas Sun News</forum_title>
<discussion_title>Rights Group accuses Syria of 8 chemical attacks in Aleppo</discussion_title>
<language>english</language>
<gmt_offset>-6</gmt_offset>
<topic_url>http://lasvegassun.com/news/2017/feb/13/rights-group-accuses-syria-of-8-chemical-attacks-i/</topic_url>
<topic_text>
Updated 5 hours, 36 minutes ago
UNITED NATIONS (AP) — A human rights group is accusing the Syrian government of conducting at least eight chemical attacks using chlorine gas on opposition-controlled residential areas during the final months in the battle for Aleppo.
Human Rights Watch said in a report released Monday that it documented government helicopters carrying out the attacks that killed at least nine civilians, including four children, and injured around 200 people.
The human rights group says the attacks took place in areas where government forces were planning to advance.
Ole Solvang is the organization&apos;s deputy emergencies director. He says: &quot;The pattern of the chlorine attacks shows that they were coordinated with the overall military strategy for retaking Aleppo, not the work of a few rogue elements.&quot;
The Syrian government has previously denied any chemical attacks.
</topic_text>
<spam_score>0.00</spam_score>
<post_num>1</post_num>
<post_id>post-1</post_id>
<post_url>http://lasvegassun.com/news/2017/feb/13/rights-group-accuses-syria-of-8-chemical-attacks-i/</post_url>
<post_date>20170213</post_date>
<post_time></post_time>
<username>lasvegassun.com</username>
<post>
Updated 5 hours, 36 minutes ago
UNITED NATIONS (AP) — A human rights group is accusing the Syrian government of conducting at least eight chemical attacks using chlorine gas on opposition-controlled residential areas during the final months in the battle for Aleppo.
Human Rights Watch said in a report released Monday that it documented government helicopters carrying out the attacks that killed at least nine civilians, including four children, and injured around 200 people.
The human rights group says the attacks took place in areas where government forces were planning to advance.
Ole Solvang is the organization&apos;s deputy emergencies director. He says: &quot;The pattern of the chlorine attacks shows that they were coordinated with the overall military strategy for retaking Aleppo, not the work of a few rogue elements.&quot;
The Syrian government has previously denied any chemical attacks.
</post>
<signature>

</signature>
<external_links>

</external_links>
<country>US</country>
<main_image>http://asset.lasvegassun.com/media/assets/images/icons/sun-app-large.png</main_image>
<rating></rating>
</document>
