<?xml version="1.0" encoding="UTF-8"?>
<document>
<type>mainstream</type>
<forum>http://www.ccenterdispatch.com//search/?q=&amp;t=article&amp;l=100&amp;d=&amp;d1=&amp;d2=&amp;s=start_time&amp;sd=desc&amp;c[]=news,news/*&amp;f=rss</forum>
<forum_title>Clay Center Dispatch On-Line - news,news/</forum_title>
<discussion_title>Bills tighten background checks for child care providers</discussion_title>
<language>english</language>
<gmt_offset></gmt_offset>
<topic_url>http://www.ccenterdispatch.com/news/state/article_4e599ade-78aa-5623-86de-944f37f16cf0.html</topic_url>
<topic_text>
Bills tighten background checks for child care providers Associated Press | 0 comments 
RICHMOND, Va. (AP) — A couple whose infant daughter died while under the watch of a child care provider is pushing Virginia legislators to tighten background checks on child care workers. 
Media outlets report Elly and Cameron Lafkin lobbied for Cami&apos;s Law, passed in 2015, which requires all licensed providers to get fingerprint background checks to prevent providers from hiding behind aliases. 
Now, bills have been introduced in the state legislature that would require all providers, including those operating under a religious exemption, to undergo fingerprint background checks. 
The Lafkins&apos; daughter, Cami, died in 2012 while in the care of a day care provider. The day care was operating legally under Virginia&apos;s laws at the time. Following Cami&apos;s death, a fingerprint background check revealed the provider had five aliases and was on felony probation.
</topic_text>
<spam_score>0.00</spam_score>
<post_num>1</post_num>
<post_id>post-1</post_id>
<post_url>http://www.ccenterdispatch.com/news/state/article_4e599ade-78aa-5623-86de-944f37f16cf0.html</post_url>
<post_date>20170213</post_date>
<post_time>1940</post_time>
<username></username>
<post>
Bills tighten background checks for child care providers Associated Press | 0 comments 
RICHMOND, Va. (AP) — A couple whose infant daughter died while under the watch of a child care provider is pushing Virginia legislators to tighten background checks on child care workers. 
Media outlets report Elly and Cameron Lafkin lobbied for Cami&apos;s Law, passed in 2015, which requires all licensed providers to get fingerprint background checks to prevent providers from hiding behind aliases. 
Now, bills have been introduced in the state legislature that would require all providers, including those operating under a religious exemption, to undergo fingerprint background checks. 
The Lafkins&apos; daughter, Cami, died in 2012 while in the care of a day care provider. The day care was operating legally under Virginia&apos;s laws at the time. Following Cami&apos;s death, a fingerprint background check revealed the provider had five aliases and was on felony probation.
</post>
<signature>

</signature>
<external_links>

</external_links>
<country>US</country>
<main_image>http://www.ccenterdispatch.com/app/dispatchlogoFACEBOOK.jpg</main_image>
<rating></rating>
</document>
