<?xml version="1.0" encoding="UTF-8"?>
<document>
<type>mainstream</type>
<forum>http://www.westerndailypress.co.uk/news.rss</forum>
<forum_title>Somerset Live news RSS feed</forum_title>
<discussion_title>Police name homeless man who died after being tackled by a...</discussion_title>
<language>english</language>
<gmt_offset></gmt_offset>
<topic_url>http://www.somersetlive.co.uk/police-name-homeless-man-who-died-after-being-tackled-by-a-security-guard-as-kieren-church/story-30133310-detail/story.html</topic_url>
<topic_text>
Police name homeless man who died after being tackled by a security guard as Kieren Church By JoeTSmith | Posted: February 13, 2017 0 COMMENTS SHARES 
A homeless man who   Trowbridge has been named by police. 
Kieren Church, 30, of no fixed address died in The Shires car park, near Asda, in Trowbridge on Thursday, February 9. 
He was injured by breaking glass from bottles concealed in his clothing, police said. 
A security guard reportedly pursued Mr Church   
Crews from South Western Ambulance Service tried to treat Mr Church   supermarket confirmed the 20-year-old guard   
He has been arrested and bailed by police. 
Read: Eyewitness describes shocking 100 man Wetherspoons bar brawl caught on camera 
  
Police have arrested at 20-year-old man from Trowbridge on suspicion of manslaughter. The man is currently on bail while the police make further enquiries and is due to report to Melksham police station in May. 
Wiltshire Police said in a statement: &quot;The man arrested is a security guard from a local store and tackled Kieran, believing him to be a suspected shoplifter. 
&quot;He fell to the ground, causing a number of glass   
&quot;Keiren suffered significant injuries and despite the best efforts from paramedics, Kieren died at the scene.&quot; 
His family paid tribute, saying: &quot;Kieren was a much loved son, brother, grandson and friend to many. 
&quot;He will be sadly missed.&quot;
</topic_text>
<spam_score>0.00</spam_score>
<post_num>1</post_num>
<post_id>post-1</post_id>
<post_url>http://www.somersetlive.co.uk/police-name-homeless-man-who-died-after-being-tackled-by-a-security-guard-as-kieren-church/story-30133310-detail/story.html</post_url>
<post_date>20170213</post_date>
<post_time>2055</post_time>
<username>JoeTSmith</username>
<post>
Police name homeless man who died after being tackled by a security guard as Kieren Church By JoeTSmith | Posted: February 13, 2017 0 COMMENTS SHARES 
A homeless man who   Trowbridge has been named by police. 
Kieren Church, 30, of no fixed address died in The Shires car park, near Asda, in Trowbridge on Thursday, February 9. 
He was injured by breaking glass from bottles concealed in his clothing, police said. 
A security guard reportedly pursued Mr Church   
Crews from South Western Ambulance Service tried to treat Mr Church   supermarket confirmed the 20-year-old guard   
He has been arrested and bailed by police. 
Read: Eyewitness describes shocking 100 man Wetherspoons bar brawl caught on camera 
  
Police have arrested at 20-year-old man from Trowbridge on suspicion of manslaughter. The man is currently on bail while the police make further enquiries and is due to report to Melksham police station in May. 
Wiltshire Police said in a statement: &quot;The man arrested is a security guard from a local store and tackled Kieran, believing him to be a suspected shoplifter. 
&quot;He fell to the ground, causing a number of glass   
&quot;Keiren suffered significant injuries and despite the best efforts from paramedics, Kieren died at the scene.&quot; 
His family paid tribute, saying: &quot;Kieren was a much loved son, brother, grandson and friend to many. 
&quot;He will be sadly missed.&quot;
</post>
<signature>

</signature>
<external_links>

</external_links>
<country>GB</country>
<main_image>http://www.somersetlive.co.uk/images/localworld/ugc-images/276309/Article/images/30133310/15854603.jpg</main_image>
<rating></rating>
</document>
