<?xml version="1.0" encoding="UTF-8"?>
<document>
<type>mainstream</type>
<forum>http://france3-regions.francetvinfo.fr/sport/rss?r=basse-normandie</forum>
<forum_title>France 3 Normandie - sport</forum_title>
<discussion_title>9 ans après les JO de Pékin, elle va enfin recevoir sa médaille</discussion_title>
<language>french</language>
<gmt_offset></gmt_offset>
<topic_url>http://france3-regions.francetvinfo.fr/normandie/orne/alencon/9-ans-apres-jo-pekin-elle-va-enfin-recevoir-sa-medaille-1195867.html</topic_url>
<topic_text>
Alençon 9 ans après les JO de Pékin, elle va enfin recevoir sa médaille Une des dernières compétitions disputées par Manuela Montebrun avant sa retraite, les championnats de France en 2012 à Angers / PHOTOPQR/OUEST FRANCE partages 
C Sports s&apos;intéresse cette semaine à une victime du dopage. Manuela Montebrun est &quot;rangée des pistes&quot;, dans l&apos;Orne, près d&apos;Alençon depuis 2012. Et pourtant son palmarès ne cesse de s&apos;enrichir...au fil des disqualification de ses adversaires dopées. 
Par C Sports Publié le 13/02/2017 à 12:09   12:08 &quot; C&apos;est marrant, j&apos;ai eu autant de médailles en retraite qu&apos;au cours de mon activité. tout le monde n&apos;a pas cette chance-là &quot;, raconte, non sans humour, Manuela Montebrun. Après avoir joué au football dans son enfance, elle débute l&apos;athlétisme à 13 ans et se spécialise dans le lancer du marteau en intégrant l&apos;INSEP. Elle a notamment été médaillé de bronze aux championnats d&apos;Europe et du monde de 2002 et 2003. Des médailles qu&apos;elle est allée elle-même chercher sur le podium. Manuela Montebrun prend sa retraite sportive en 2012. Et un an après remporte une nouvelle médaille. Olga Kuzenkova est déchue de son titre de championne du monde pour dopage, un titre remportée en 2005 à Helisinki où l&apos;athlète française avait terminé à la place la plus cruelle, au pied du podium. Et l&apos;histoire se répète. Ces dernières années, la fédération internationale d&apos;athlétisme a entreprise de tester à nouveau des échantillons des grandes compétitions. Les laboratoires parviennent aujourd&apos;hui à retrouver des substances juqu&apos;ici indécelables. Et c&apos;est ainsi que Manuela Montebrun s&apos;apprête à remporter sa première médaille olympique. en 2008, elle avait terminé à la 5e place des JO de Pékin. Mais les dés étaient pipés. La médaille d&apos;or et la quatrième du concours étaient dopées. Si l&apos;ancienne athlète française se dit ravie de voir la lutte anti-dopage progresser et les tricheurs être sanctionnés, elle n&apos;en garde pas moins une certaine amertume. &quot; Ce sont des lignes qui se rajoutent sur mon palmarès mais ça ne change rien pour moi, il n&apos;y aucune conséquence derrière (...) Ce qu&apos;on me vole le plus, ce sont les émotions qu&apos;on vit sur le moment avec une médaille obtenue &quot;. Un numéro de C Sports préparé par Pierre-Marie Puaud, Guillaume Le Gouic, François Hauville et Louise Renault C Sports: portrait de Manuela Montebrun
</topic_text>
<spam_score>0.00</spam_score>
<post_num>1</post_num>
<post_id>post-1</post_id>
<post_url>http://france3-regions.francetvinfo.fr/normandie/orne/alencon/9-ans-apres-jo-pekin-elle-va-enfin-recevoir-sa-medaille-1195867.html</post_url>
<post_date>20170213</post_date>
<post_time>1108</post_time>
<username>C Sports</username>
<post>
Alençon 9 ans après les JO de Pékin, elle va enfin recevoir sa médaille Une des dernières compétitions disputées par Manuela Montebrun avant sa retraite, les championnats de France en 2012 à Angers / PHOTOPQR/OUEST FRANCE partages 
C Sports s&apos;intéresse cette semaine à une victime du dopage. Manuela Montebrun est &quot;rangée des pistes&quot;, dans l&apos;Orne, près d&apos;Alençon depuis 2012. Et pourtant son palmarès ne cesse de s&apos;enrichir...au fil des disqualification de ses adversaires dopées. 
Par C Sports Publié le 13/02/2017 à 12:09   12:08 &quot; C&apos;est marrant, j&apos;ai eu autant de médailles en retraite qu&apos;au cours de mon activité. tout le monde n&apos;a pas cette chance-là &quot;, raconte, non sans humour, Manuela Montebrun. Après avoir joué au football dans son enfance, elle débute l&apos;athlétisme à 13 ans et se spécialise dans le lancer du marteau en intégrant l&apos;INSEP. Elle a notamment été médaillé de bronze aux championnats d&apos;Europe et du monde de 2002 et 2003. Des médailles qu&apos;elle est allée elle-même chercher sur le podium. Manuela Montebrun prend sa retraite sportive en 2012. Et un an après remporte une nouvelle médaille. Olga Kuzenkova est déchue de son titre de championne du monde pour dopage, un titre remportée en 2005 à Helisinki où l&apos;athlète française avait terminé à la place la plus cruelle, au pied du podium. Et l&apos;histoire se répète. Ces dernières années, la fédération internationale d&apos;athlétisme a entreprise de tester à nouveau des échantillons des grandes compétitions. Les laboratoires parviennent aujourd&apos;hui à retrouver des substances juqu&apos;ici indécelables. Et c&apos;est ainsi que Manuela Montebrun s&apos;apprête à remporter sa première médaille olympique. en 2008, elle avait terminé à la 5e place des JO de Pékin. Mais les dés étaient pipés. La médaille d&apos;or et la quatrième du concours étaient dopées. Si l&apos;ancienne athlète française se dit ravie de voir la lutte anti-dopage progresser et les tricheurs être sanctionnés, elle n&apos;en garde pas moins une certaine amertume. &quot; Ce sont des lignes qui se rajoutent sur mon palmarès mais ça ne change rien pour moi, il n&apos;y aucune conséquence derrière (...) Ce qu&apos;on me vole le plus, ce sont les émotions qu&apos;on vit sur le moment avec une médaille obtenue &quot;. Un numéro de C Sports préparé par Pierre-Marie Puaud, Guillaume Le Gouic, François Hauville et Louise Renault C Sports: portrait de Manuela Montebrun
</post>
<signature>

</signature>
<external_links>

</external_links>
<country>FR</country>
<main_image>http://france3-regions.francetvinfo.fr/normandie/sites/regions_france3/files/styles/top_big/public/assets/images/2017/02/13/manuelamontebrun-2900679.jpg?itok=vgXea084</main_image>
<rating></rating>
</document>
