<?xml version="1.0" encoding="UTF-8"?>
<document>
<type>mainstream</type>
<forum>http://www.ccenterdispatch.com//search/?q=&amp;t=article&amp;l=100&amp;d=&amp;d1=&amp;d2=&amp;s=start_time&amp;sd=desc&amp;c[]=news,news/*&amp;f=rss</forum>
<forum_title>Clay Center Dispatch On-Line - news,news/</forum_title>
<discussion_title>1 dead, 6 hurt in shooting at party in Missouri nightclub</discussion_title>
<language>english</language>
<gmt_offset></gmt_offset>
<topic_url>http://www.ccenterdispatch.com/news/state/article_be0c2dbf-b656-5309-84f9-34d3b2566c4f.html</topic_url>
<topic_text>
1 dead, 6 hurt in shooting at party in Missouri nightclub Associated Press | 0 comments 
CARUTHERSVILLE, Mo. (AP) — One man is in custody but no charges have been filed in a shooting outside a rural Missouri nightclub that left one man dead and six others injured, authorities said Monday. 
Gunfire broke out at 3:50 a.m. Sunday in the parking lot of Club Envy in Caruthersville, a small town in the far southeastern corner of Missouri, about 90 miles north of Memphis, Tennessee. 
Authorities believe the shooter was acquainted with the victims, but even those who were shot have been reluctant to provide details, said Sgt. Clark Parrott of the Missouri State Highway Patrol. 
&quot;We&apos;re trying to piece everything together but apparently as they were trying to get people out of the club, someone in the parking lot fired a weapon,&quot; Parrott said. 
Police initially said two people were taken into custody, but Parrott later said that one of the men was arrested for an outstanding criminal warrant unrelated to the shooting. 
The club had been rented out for a private party with about 300 guests, Parrott said. Many of the guests were still present when the shooting occurred. He said no charges have been filed against the two people in custody. 
Six men were shot. One died at a hospital in nearby Hayti, Missouri, about seven hours after the shooting. Two people were flown to a hospital in Memphis, Tennessee, in critical condition. Three others are in stable condition at the Hayti hospital. 
Another man suffered cuts and bruises when he either ran through a window or was thrown through it, Parrott said. 
Names of the victims, and the man in custody, have not been released.
</topic_text>
<spam_score>0.00</spam_score>
<post_num>1</post_num>
<post_id>post-1</post_id>
<post_url>http://www.ccenterdispatch.com/news/state/article_be0c2dbf-b656-5309-84f9-34d3b2566c4f.html</post_url>
<post_date>20170213</post_date>
<post_time>1947</post_time>
<username></username>
<post>
1 dead, 6 hurt in shooting at party in Missouri nightclub Associated Press | 0 comments 
CARUTHERSVILLE, Mo. (AP) — One man is in custody but no charges have been filed in a shooting outside a rural Missouri nightclub that left one man dead and six others injured, authorities said Monday. 
Gunfire broke out at 3:50 a.m. Sunday in the parking lot of Club Envy in Caruthersville, a small town in the far southeastern corner of Missouri, about 90 miles north of Memphis, Tennessee. 
Authorities believe the shooter was acquainted with the victims, but even those who were shot have been reluctant to provide details, said Sgt. Clark Parrott of the Missouri State Highway Patrol. 
&quot;We&apos;re trying to piece everything together but apparently as they were trying to get people out of the club, someone in the parking lot fired a weapon,&quot; Parrott said. 
Police initially said two people were taken into custody, but Parrott later said that one of the men was arrested for an outstanding criminal warrant unrelated to the shooting. 
The club had been rented out for a private party with about 300 guests, Parrott said. Many of the guests were still present when the shooting occurred. He said no charges have been filed against the two people in custody. 
Six men were shot. One died at a hospital in nearby Hayti, Missouri, about seven hours after the shooting. Two people were flown to a hospital in Memphis, Tennessee, in critical condition. Three others are in stable condition at the Hayti hospital. 
Another man suffered cuts and bruises when he either ran through a window or was thrown through it, Parrott said. 
Names of the victims, and the man in custody, have not been released.
</post>
<signature>

</signature>
<external_links>

</external_links>
<country>US</country>
<main_image>http://www.ccenterdispatch.com/app/dispatchlogoFACEBOOK.jpg</main_image>
<rating></rating>
</document>
