<?xml version="1.0" encoding="UTF-8"?>
<document>
<type>mainstream</type>
<forum>http://www.ccenterdispatch.com//search/?q=&amp;t=article&amp;l=100&amp;d=&amp;d1=&amp;d2=&amp;s=start_time&amp;sd=desc&amp;c[]=news,news/*&amp;f=rss</forum>
<forum_title>Clay Center Dispatch On-Line - news,news/</forum_title>
<discussion_title>Community unites in support following deaths of 3 teens</discussion_title>
<language>english</language>
<gmt_offset></gmt_offset>
<topic_url>http://www.ccenterdispatch.com/news/state/article_f520aa6b-452b-5832-8abc-7e38ea710a96.html</topic_url>
<topic_text>
Community unites in support following deaths of 3 teens Associated Press | 0 comments 
MONROE, Wis. (AP) — Students, parents and community members gathered outside Monroe High School on Monday to remember three teenagers killed in a traffic crash three days earlier. 
Monday was the first day back at school following Friday&apos;s crash that killed 15-year-old Joseph Wyss and 16-year-olds Gage Noble and Anya Teasdale. The driver of the teens&apos; vehicle, 35-year-old Jennifer Hopkins, remains in the hospital in serious condition. 
A small crowd gathered outside the school as students arrived for class Monday morning. Renee Setterstrom, a parent who organized the prayer vigil, said the accident was devastating to the community of about 11,000 residents. 
&quot;The absence of those students, it&apos;s like, I really wanted to pray for them and pray for the staff that they would feel the love of the community like a big hug,&quot; Setterstrom said. &quot;We are here to support them in any way that they need.&quot; 
WISC-TV ( http://bit.ly/2kCwdfT ) reports a candlelight vigil was held for the victims Saturday evening. At the school&apos;s hockey game, players sat in a circle with a single puck set in the middle, followed by a moment of silence. 
Support is also being spread through social media, particularly on a &quot;Pray for Monroe&quot; Facebook page, according to Monroe City Council Member Brooke Bauman. 
___ 
Information from: WISC-TV, http://www.channel3000.com
</topic_text>
<spam_score>0.00</spam_score>
<post_num>1</post_num>
<post_id>post-1</post_id>
<post_url>http://www.ccenterdispatch.com/news/state/article_f520aa6b-452b-5832-8abc-7e38ea710a96.html</post_url>
<post_date>20170213</post_date>
<post_time>1939</post_time>
<username></username>
<post>
Community unites in support following deaths of 3 teens Associated Press | 0 comments 
MONROE, Wis. (AP) — Students, parents and community members gathered outside Monroe High School on Monday to remember three teenagers killed in a traffic crash three days earlier. 
Monday was the first day back at school following Friday&apos;s crash that killed 15-year-old Joseph Wyss and 16-year-olds Gage Noble and Anya Teasdale. The driver of the teens&apos; vehicle, 35-year-old Jennifer Hopkins, remains in the hospital in serious condition. 
A small crowd gathered outside the school as students arrived for class Monday morning. Renee Setterstrom, a parent who organized the prayer vigil, said the accident was devastating to the community of about 11,000 residents. 
&quot;The absence of those students, it&apos;s like, I really wanted to pray for them and pray for the staff that they would feel the love of the community like a big hug,&quot; Setterstrom said. &quot;We are here to support them in any way that they need.&quot; 
WISC-TV ( http://bit.ly/2kCwdfT ) reports a candlelight vigil was held for the victims Saturday evening. At the school&apos;s hockey game, players sat in a circle with a single puck set in the middle, followed by a moment of silence. 
Support is also being spread through social media, particularly on a &quot;Pray for Monroe&quot; Facebook page, according to Monroe City Council Member Brooke Bauman. 
___ 
Information from: WISC-TV, http://www.channel3000.com
</post>
<signature>

</signature>
<external_links>

</external_links>
<country>US</country>
<main_image>http://www.ccenterdispatch.com/app/dispatchlogoFACEBOOK.jpg</main_image>
<rating></rating>
</document>
