<?xml version="1.0" encoding="UTF-8"?>
<document>
<type>mainstream</type>
<forum></forum>
<forum_title></forum_title>
<discussion_title>Romeo Santos y Prince Royce estarían preparando algo juntos | Últimas Noticias</discussion_title>
<language>spanish</language>
<gmt_offset></gmt_offset>
<topic_url>http://www.ultimasnoticias.com.ve/noticias/entretenimiento/romeo-santos-prince-royce-estarian-preparando-algo-juntos/</topic_url>
<topic_text>
Inicio » Entretenimiento » Romeo Santos y Prince Royce estarían preparando algo juntos Romeo Santos y Prince Royce estarían preparando algo juntos Ambos artistas coinciden este jueves 23 de febrero en Premio Lo Nuestro 13 febrero, 2017 5:35 pm Yorbis Villa 2 Visitas Prince Royce romeo santos Compartir 
Este sábado, en algún punto del planeta, el rey y el príncipe de la bachata, Romeo Santos y Prince Royce respectivamente, juntaron fuerzas para lanzar un potente flechazo a su primer amor compartido: la bachata . 
Utilizando una estrategia similar a la de Jennifer López y Drake , quienes compartieron en redes sociales la misma foto, al mismo tiempo y con el mismo mensaje, Prince Royce y Romeo Santos dejaron saber a sus fans que algo están preparando juntos. “ Bachata season , temporada de bachata”, escribieron los dos en sus perfiles. 
Ambos artistas coinciden este jueves 23 de febrero en Premio Lo Nuestro, ceremonia en la cual Romeo Santos recibirá el codiciado Premio a la Excelencia . El Rey de la bachata también cuenta con tres nominaciones, disputándose con Prince Royce la de Artista del año (Tropical). 
El intérprete de ‘Dilema’ y juez de la competencia “Pequeños Gigantes USA está nominado en cuatro categorías, siendo las restantes Canción del año (por ‘Solo yo’, a dúo con Sofía Reyes ) y otras dos en Canción Tropical del año , por sus éxitos ‘La carretera’ y ‘Culpa al corazón’. 
Los líderes en su género siempre han dejado claro que entre ellos no hay ninguna rivalidad. Romeo Santos y Prince Royce han compartido escenario juntos desde 2012, en el estadio de los Yankees y el Madison Square Garden, en Nueva York, más en televisión no los hemos visto bachateando a dúo. Noticias relacionadas 10 junio, 2016 11:28 am 329 Visitas 13 febrero, 2017 1:00 pm 14198 Visitas 13 febrero, 2017 3:15 pm 3005 Visitas 13 febrero, 2017 7:18 am 1331 Visitas 
</topic_text>
<spam_score>0.82</spam_score>
<post_num>1</post_num>
<post_id>post-1</post_id>
<post_url>http://www.ultimasnoticias.com.ve/noticias/entretenimiento/romeo-santos-prince-royce-estarian-preparando-algo-juntos/</post_url>
<post_date>20170213</post_date>
<post_time></post_time>
<username></username>
<post>
Inicio » Entretenimiento » Romeo Santos y Prince Royce estarían preparando algo juntos Romeo Santos y Prince Royce estarían preparando algo juntos Ambos artistas coinciden este jueves 23 de febrero en Premio Lo Nuestro 13 febrero, 2017 5:35 pm Yorbis Villa 2 Visitas Prince Royce romeo santos Compartir 
Este sábado, en algún punto del planeta, el rey y el príncipe de la bachata, Romeo Santos y Prince Royce respectivamente, juntaron fuerzas para lanzar un potente flechazo a su primer amor compartido: la bachata . 
Utilizando una estrategia similar a la de Jennifer López y Drake , quienes compartieron en redes sociales la misma foto, al mismo tiempo y con el mismo mensaje, Prince Royce y Romeo Santos dejaron saber a sus fans que algo están preparando juntos. “ Bachata season , temporada de bachata”, escribieron los dos en sus perfiles. 
Ambos artistas coinciden este jueves 23 de febrero en Premio Lo Nuestro, ceremonia en la cual Romeo Santos recibirá el codiciado Premio a la Excelencia . El Rey de la bachata también cuenta con tres nominaciones, disputándose con Prince Royce la de Artista del año (Tropical). 
El intérprete de ‘Dilema’ y juez de la competencia “Pequeños Gigantes USA está nominado en cuatro categorías, siendo las restantes Canción del año (por ‘Solo yo’, a dúo con Sofía Reyes ) y otras dos en Canción Tropical del año , por sus éxitos ‘La carretera’ y ‘Culpa al corazón’. 
Los líderes en su género siempre han dejado claro que entre ellos no hay ninguna rivalidad. Romeo Santos y Prince Royce han compartido escenario juntos desde 2012, en el estadio de los Yankees y el Madison Square Garden, en Nueva York, más en televisión no los hemos visto bachateando a dúo. Noticias relacionadas 10 junio, 2016 11:28 am 329 Visitas 13 febrero, 2017 1:00 pm 14198 Visitas 13 febrero, 2017 3:15 pm 3005 Visitas 13 febrero, 2017 7:18 am 1331 Visitas 
</post>
<signature>

</signature>
<external_links>

</external_links>
<country>VE</country>
<main_image>http://www.ultimasnoticias.com.ve/wp-content/uploads/2017/02/ROMEO.jpg</main_image>
<rating></rating>
</document>
