<?xml version="1.0" encoding="UTF-8"?>
<document>
<type>mainstream</type>
<forum></forum>
<forum_title></forum_title>
<discussion_title>Inician proceso penal a empleada que habría robado 6 mil dólares a un abogado | Diario Vanguardia</discussion_title>
<language>spanish</language>
<gmt_offset></gmt_offset>
<topic_url>http://www.vanguardia.com.py/2017/02/13/inician-proceso-penal-a-empleada-que-habria-robado-6-mil-dolares-a-un-abogado/</topic_url>
<topic_text>
Inician proceso penal a empleada que habría robado 6 mil dólares a un abogado 13 febrero, 2017 
Carlos Almada, agente fiscal. 
El fiscal Carlos Almada, de la Unidad Penal número 8, inició un proceso penal por hurto contra la ciudadana Esther Felicia Rodas Rojas (36), quien se habría apropiado de la suma de 6 mil dólares americanos de su patrón, el abogado Óscar Reinaldo Shouten (53). 
El hecho ocurrió este 10 de febrero pasado, entre las 11:30 y las 17:30 horas, en el interior del edificio Don Ali, primer piso, apartamento 11, de la avenida 11 de Setiembre casi Luis María Argaña del barrio Juan Emilio O’Leary de Ciudad del Este. 
Según la investigación, la mujer -quien se desempeñaba como limpiadora del lugar- habría aprovechado que llave estaba puesta por el cofre, en el interior del ropero, para apoderarse de la millonaria suma de dinero. 
Tras la denuncia, la sospechosa fue privada de su libertad este 11 de febrero, a las 13:20 horas, por agentes de Investigación de Delitos de la Policía Nacional durante un procedimiento efectuado en el edificio Car Uno, tercer piso, apartamento “A”, en la calle Curupayty y Coronel Franco del microcentro de de la capital del Alto Paraná. 
La mujer no pudo aún prestar declaración indagatoria a raíz de una crisis depresiva que le afecta, según refiere el acta de imputación. El representante del Ministerio Público solicitó al Juzgado Penal de Garantías la aplicación de medidas alternativas a la prisión, y de igual forma pidió 4 meses de plazo para la presentación del requerimiento conclusivo. 
</topic_text>
<spam_score>0.07</spam_score>
<post_num>1</post_num>
<post_id>post-1</post_id>
<post_url>http://www.vanguardia.com.py/2017/02/13/inician-proceso-penal-a-empleada-que-habria-robado-6-mil-dolares-a-un-abogado/</post_url>
<post_date>20170213</post_date>
<post_time></post_time>
<username>Editor Vanguardia</username>
<post>
Inician proceso penal a empleada que habría robado 6 mil dólares a un abogado 13 febrero, 2017 
Carlos Almada, agente fiscal. 
El fiscal Carlos Almada, de la Unidad Penal número 8, inició un proceso penal por hurto contra la ciudadana Esther Felicia Rodas Rojas (36), quien se habría apropiado de la suma de 6 mil dólares americanos de su patrón, el abogado Óscar Reinaldo Shouten (53). 
El hecho ocurrió este 10 de febrero pasado, entre las 11:30 y las 17:30 horas, en el interior del edificio Don Ali, primer piso, apartamento 11, de la avenida 11 de Setiembre casi Luis María Argaña del barrio Juan Emilio O’Leary de Ciudad del Este. 
Según la investigación, la mujer -quien se desempeñaba como limpiadora del lugar- habría aprovechado que llave estaba puesta por el cofre, en el interior del ropero, para apoderarse de la millonaria suma de dinero. 
Tras la denuncia, la sospechosa fue privada de su libertad este 11 de febrero, a las 13:20 horas, por agentes de Investigación de Delitos de la Policía Nacional durante un procedimiento efectuado en el edificio Car Uno, tercer piso, apartamento “A”, en la calle Curupayty y Coronel Franco del microcentro de de la capital del Alto Paraná. 
La mujer no pudo aún prestar declaración indagatoria a raíz de una crisis depresiva que le afecta, según refiere el acta de imputación. El representante del Ministerio Público solicitó al Juzgado Penal de Garantías la aplicación de medidas alternativas a la prisión, y de igual forma pidió 4 meses de plazo para la presentación del requerimiento conclusivo. 
</post>
<signature>

</signature>
<external_links>

</external_links>
<country>PY</country>
<main_image>http://www.vanguardia.com.py/wp-content/uploads/2017/02/El-fiscal-Carlos-Almada.jpg</main_image>
<rating></rating>
</document>
