<?xml version="1.0" encoding="UTF-8"?>
<document>
<type>mainstream</type>
<forum></forum>
<forum_title></forum_title>
<discussion_title>Why Rawhide Chews And Toys Can Kill Your Dog | Wendy | Country 92-5</discussion_title>
<language>english</language>
<gmt_offset></gmt_offset>
<topic_url>http://country925.iheart.com/onair/wendy-3534/why-rawhide-chews-and-toys-can-15558341/</topic_url>
<topic_text>
Why Rawhide Chews And Toys Can Kill Your Dog posted by Wendy Steele - share 
Most Rawhide chews that are NOT made in the USA are toxic, not ALL, but buyer beware! 
Here in the United States, hides are transported in refrigerated trucks, while other countries usually use chemicals to preserve the hides during transport.. 
However, you have to read that label CAREFULLY, as some companies will put a picture of the American flag on the package, or even say &apos;made from American beef&apos; when in fact the chew was actually produced in another country! ( click HERE for details on this type of deception and how to avoid it ) 
You want to literally look for &apos;Made In The USA&apos; on the packaging, or if they&apos;re being imported, that they come from &apos;free-range&apos; herds, for example. Again, read that label, even the fine print! When in doubt, don&apos;t buy. 
And, did you know there are different kinds of &apos;chewers&apos;?? Yes, every dog is unique and it&apos;s good to be careful what kind of chew or bone you&apos;re giving them, plus always keep an eye on your canine to prevent choking, fractured teeth, or punctures and cuts.. 
MORE ON FINDING SAFE CHEWS AND TOYS HERE 
The following video has some great info on finding HEALTHY bones and chews for your pooch! Wendy is a native New Englander, born in Lynn, Massachusetts, before her family moved to Canterbury, New Hampshire (waaaayyyy out in the woods!) which is probably why she loves the country lifestyle and music so much!She fell in love with the radio business in high school, and had a summer job at a small town station in Franklin, NH. At college in Boston is where she got her start on the air, but she finally found her niche over 20 years ago here at Country 92-5.When Wendy isn’t on-air or doing some of the many behind the scenes stuff at the radio station, she’s usually at the barn with her rescue Mustang Suzy Q, walking at one of Connecticut’s state parks with her husband Terry and their adopted Shiba Inus, or sharing pics and videos on facebook, twitter &amp; Instagram! Contact 
</topic_text>
<spam_score>0.27</spam_score>
<post_num>1</post_num>
<post_id>post-1</post_id>
<post_url>http://country925.iheart.com/onair/wendy-3534/why-rawhide-chews-and-toys-can-15558341/</post_url>
<post_date>20170213</post_date>
<post_time></post_time>
<username></username>
<post>
Why Rawhide Chews And Toys Can Kill Your Dog posted by Wendy Steele - share 
Most Rawhide chews that are NOT made in the USA are toxic, not ALL, but buyer beware! 
Here in the United States, hides are transported in refrigerated trucks, while other countries usually use chemicals to preserve the hides during transport.. 
However, you have to read that label CAREFULLY, as some companies will put a picture of the American flag on the package, or even say &apos;made from American beef&apos; when in fact the chew was actually produced in another country! ( click HERE for details on this type of deception and how to avoid it ) 
You want to literally look for &apos;Made In The USA&apos; on the packaging, or if they&apos;re being imported, that they come from &apos;free-range&apos; herds, for example. Again, read that label, even the fine print! When in doubt, don&apos;t buy. 
And, did you know there are different kinds of &apos;chewers&apos;?? Yes, every dog is unique and it&apos;s good to be careful what kind of chew or bone you&apos;re giving them, plus always keep an eye on your canine to prevent choking, fractured teeth, or punctures and cuts.. 
MORE ON FINDING SAFE CHEWS AND TOYS HERE 
The following video has some great info on finding HEALTHY bones and chews for your pooch! Wendy is a native New Englander, born in Lynn, Massachusetts, before her family moved to Canterbury, New Hampshire (waaaayyyy out in the woods!) which is probably why she loves the country lifestyle and music so much!She fell in love with the radio business in high school, and had a summer job at a small town station in Franklin, NH. At college in Boston is where she got her start on the air, but she finally found her niche over 20 years ago here at Country 92-5.When Wendy isn’t on-air or doing some of the many behind the scenes stuff at the radio station, she’s usually at the barn with her rescue Mustang Suzy Q, walking at one of Connecticut’s state parks with her husband Terry and their adopted Shiba Inus, or sharing pics and videos on facebook, twitter &amp; Instagram! Contact 
</post>
<signature>

</signature>
<external_links>

</external_links>
<country>US</country>
<main_image>http://i.iheart.com/v3/url/aHR0cHM6Ly9pLmloZWFydC5jb20vdjMvdXJsL2FIUjBjSE02THk5cExubDBhVzFuTG1OdmJTOTJhUzlQWXpJMk5YRXdXbEp6Y3k5b2NXUmxabUYxYkhRdWFuQm4=?ops=</main_image>
<rating></rating>
</document>
