<?xml version="1.0" encoding="UTF-8"?>
<document>
<type>mainstream</type>
<forum>http://www.ooyuz.com/newsanalysis?term=george w. bush</forum>
<forum_title>george w. bush News Results and Analysis |OOYUZ</forum_title>
<discussion_title>James Dolan fires MSG security chief amid Charles Oakley fallout</discussion_title>
<language>english</language>
<gmt_offset>-6</gmt_offset>
<topic_url>http://www.ooyuz.com/geturl?aid=14859481</topic_url>
<topic_text>
The owner of the Knicks, James Dolan, has fired his security chief following the dust-up between ex-NBA star Charles Oakley and security guards, according to a report. Dolan, who also owns Madison Square Garden, fired Frank Benedetto, the senior vice president for security at the world-famous arena, Friday morning, DNAInfo reported. Benedetto became security director after a career with the U.S. Secret Service, where he oversaw security for Presidents Barack Obama and George W. Bush. Oakley got .. Advertisement
</topic_text>
<spam_score>0.00</spam_score>
<post_num>1</post_num>
<post_id>post-1</post_id>
<post_url>http://www.ooyuz.com/geturl?aid=14859481</post_url>
<post_date>20170210</post_date>
<post_time>0725</post_time>
<username>NY Daily News</username>
<post>
The owner of the Knicks, James Dolan, has fired his security chief following the dust-up between ex-NBA star Charles Oakley and security guards, according to a report. Dolan, who also owns Madison Square Garden, fired Frank Benedetto, the senior vice president for security at the world-famous arena, Friday morning, DNAInfo reported. Benedetto became security director after a career with the U.S. Secret Service, where he oversaw security for Presidents Barack Obama and George W. Bush. Oakley got .. Advertisement
</post>
<signature>

</signature>
<external_links>

</external_links>
<country>US</country>
<main_image></main_image>
<rating></rating>
</document>
