<?xml version="1.0" encoding="UTF-8"?>
<document>
<type>mainstream</type>
<forum>http://feeds.feedburner.com/gamepost/freegames</forum>
<forum_title>New games</forum_title>
<discussion_title>Challenge Roll X</discussion_title>
<language>english</language>
<gmt_offset></gmt_offset>
<topic_url>http://www.gamepost.com/games/challenge_roll_x</topic_url>
<topic_text>
Game description: 
Challenge Roll X is a strategy game that may sound like its really easy but its actually really tough. If you think you are up for a real challenge see if you can take on the Challenge Roll X game. Your goal in Challenge Roll X is to guide your small ball to the end of each level. You will have to make it past a lot of challenging obstacles that will slow you down and derail your progress. If you have a good strategy you will be able to beat the Challenge Roll X game. Game controls:
</topic_text>
<spam_score>0.00</spam_score>
<post_num>1</post_num>
<post_id>post-1</post_id>
<post_url>http://www.gamepost.com/games/challenge_roll_x</post_url>
<post_date>20170213</post_date>
<post_time>2107</post_time>
<username></username>
<post>
Game description: 
Challenge Roll X is a strategy game that may sound like its really easy but its actually really tough. If you think you are up for a real challenge see if you can take on the Challenge Roll X game. Your goal in Challenge Roll X is to guide your small ball to the end of each level. You will have to make it past a lot of challenging obstacles that will slow you down and derail your progress. If you have a good strategy you will be able to beat the Challenge Roll X game. Game controls:
</post>
<signature>

</signature>
<external_links>

</external_links>
<country>US</country>
<main_image></main_image>
<rating></rating>
</document>
