<?xml version="1.0" encoding="UTF-8"?>
<document>
<type>mainstream</type>
<forum></forum>
<forum_title></forum_title>
<discussion_title>Shots fired in Muscatine; home hit</discussion_title>
<language>english</language>
<gmt_offset></gmt_offset>
<topic_url>http://kwqc.com/2017/02/13/shots-fired-in-muscatine-home-hit/</topic_url>
<topic_text>
Click to share on Pinterest (Opens in new window) 
MUSCATINE, Iowa (KWQC) – Police are searching for suspects in a shooting incident that left a bullet hole in a home. On Feb. 13, 2017 around 11:40 a.m., police were called to the 1400 Block of Washington Street for a report of gunshots. 
When officers got there, they found the damage to the home, but no one was hurt. 
Officers are still investigating, but police believe it is an isolated incident and the public’s safety is not in jeopardy. 
If you have any information, contact the Muscatine Police Department 563-263-9922 ext. 665. Callers may remain anonymous. Share this: 
</topic_text>
<spam_score>0.16</spam_score>
<post_num>1</post_num>
<post_id>post-1</post_id>
<post_url>http://kwqc.com/2017/02/13/shots-fired-in-muscatine-home-hit/</post_url>
<post_date>20170213</post_date>
<post_time></post_time>
<username>Marcia Lense</username>
<post>
Click to share on Pinterest (Opens in new window) 
MUSCATINE, Iowa (KWQC) – Police are searching for suspects in a shooting incident that left a bullet hole in a home. On Feb. 13, 2017 around 11:40 a.m., police were called to the 1400 Block of Washington Street for a report of gunshots. 
When officers got there, they found the damage to the home, but no one was hurt. 
Officers are still investigating, but police believe it is an isolated incident and the public’s safety is not in jeopardy. 
If you have any information, contact the Muscatine Police Department 563-263-9922 ext. 665. Callers may remain anonymous. Share this: 
</post>
<signature>

</signature>
<external_links>

</external_links>
<country>US</country>
<main_image>https://mgtvkwqc.files.wordpress.com/2016/12/640x360_60623b00-uxpzp.jpg</main_image>
<rating></rating>
</document>
