<?xml version="1.0" encoding="UTF-8"?>
<document>
<type>mainstream</type>
<forum>http://www.ccenterdispatch.com//search/?q=&amp;t=article&amp;l=100&amp;d=&amp;d1=&amp;d2=&amp;s=start_time&amp;sd=desc&amp;c[]=news,news/*&amp;f=rss</forum>
<forum_title>Clay Center Dispatch On-Line - news,news/</forum_title>
<discussion_title>George P Bush hails House select infrastructure committee</discussion_title>
<language>english</language>
<gmt_offset></gmt_offset>
<topic_url>http://www.ccenterdispatch.com/news/state/article_952c7973-d64f-54ee-99bc-665b215b91f9.html</topic_url>
<topic_text>
George P Bush hails House select infrastructure committee Associated Press | 0 comments 
AUSTIN, Texas (AP) — Land Commissioner George P. Bush is applauding the creation of a special House committee on ports and infrastructure, saying it could further efforts to build a much-needed protective hurricane barrier along Texas&apos; Gulf Coast. 
Last week, state House Speaker Joe Straus announced the creation of a Select Committee on Texas Ports, Innovation, and Infrastructure. 
Bush said in a statement Monday that the coastal barrier is &quot;our state&apos;s most important infrastructure project.&quot; 
Though plans aren&apos;t settled, any major push to better protect 350-plus miles of Texas coastline could potentially cost billions in state and federal funds. 
Still, Bush noted that a major storm could &quot;change the course of Texas&apos; economy and irreparably harm the lives of millions,&quot; adding that &quot;the time has come to get serious about investing in coastal protection.&quot;
</topic_text>
<spam_score>0.00</spam_score>
<post_num>1</post_num>
<post_id>post-1</post_id>
<post_url>http://www.ccenterdispatch.com/news/state/article_952c7973-d64f-54ee-99bc-665b215b91f9.html</post_url>
<post_date>20170213</post_date>
<post_time>1945</post_time>
<username></username>
<post>
George P Bush hails House select infrastructure committee Associated Press | 0 comments 
AUSTIN, Texas (AP) — Land Commissioner George P. Bush is applauding the creation of a special House committee on ports and infrastructure, saying it could further efforts to build a much-needed protective hurricane barrier along Texas&apos; Gulf Coast. 
Last week, state House Speaker Joe Straus announced the creation of a Select Committee on Texas Ports, Innovation, and Infrastructure. 
Bush said in a statement Monday that the coastal barrier is &quot;our state&apos;s most important infrastructure project.&quot; 
Though plans aren&apos;t settled, any major push to better protect 350-plus miles of Texas coastline could potentially cost billions in state and federal funds. 
Still, Bush noted that a major storm could &quot;change the course of Texas&apos; economy and irreparably harm the lives of millions,&quot; adding that &quot;the time has come to get serious about investing in coastal protection.&quot;
</post>
<signature>

</signature>
<external_links>

</external_links>
<country>US</country>
<main_image>http://www.ccenterdispatch.com/app/dispatchlogoFACEBOOK.jpg</main_image>
<rating></rating>
</document>
