<?xml version="1.0" encoding="UTF-8"?>
<document>
<type>mainstream</type>
<forum></forum>
<forum_title></forum_title>
<discussion_title>Search | foundry-planet.com - B2B Portal</discussion_title>
<language>english</language>
<gmt_offset></gmt_offset>
<topic_url>http://www.foundry-planet.com/it/search/?tx_kesearch_pi1[sword]=%22FATA%20Aluminum%20LLC.%22&amp;amp;tx_kesearch_pi1[sortByField]=sortdate&amp;amp;tx_kesearch_pi1[sortByDir]=desc&amp;amp;tx_kesearch_pi1[filter][1]=News&amp;amp;cHash=eb55acdf3030d9fd473843a0b0a9a7c2</topic_url>
<topic_text>
B2B Portal for Technical and Commercial Foundry Management Our Media Portals 
</topic_text>
<spam_score>0.19</spam_score>
<post_num>1</post_num>
<post_id>post-1</post_id>
<post_url>http://www.foundry-planet.com/it/search/?tx_kesearch_pi1[sword]=%22FATA%20Aluminum%20LLC.%22&amp;amp;tx_kesearch_pi1[sortByField]=sortdate&amp;amp;tx_kesearch_pi1[sortByDir]=desc&amp;amp;tx_kesearch_pi1[filter][1]=News&amp;amp;cHash=eb55acdf3030d9fd473843a0b0a9a7c2</post_url>
<post_date>20141103</post_date>
<post_time></post_time>
<username></username>
<post>
B2B Portal for Technical and Commercial Foundry Management Our Media Portals 
</post>
<signature>

</signature>
<external_links>

</external_links>
<country>DE</country>
<main_image></main_image>
<rating></rating>
</document>
