<?xml version="1.0" encoding="UTF-8"?>
<document>
<type>mainstream</type>
<forum>http://www.bhaskar.com/rss-feed/2313/</forum>
<forum_title>bhaskar</forum_title>
<discussion_title>नकली डॉक्टर बनकर इलाज करने के उसे मिलते थे 7000 रुपए महीने</discussion_title>
<language>hindi</language>
<gmt_offset></gmt_offset>
<topic_url>http://www.bhaskar.com/news/GUJ-RAJ-OMC-jamnagar-bhaskar-sting-operation-follow-up-news-hindi-5527618-PHO.html</topic_url>
<topic_text>
Home » Gujarat » Rajkot » Jamnagar Bhaskar Sting Operation Follow Up नकली डॉक्टर बनकर इलाज करने के उसे मिलते थे 7000 रुपए महीने   15:35 PM IST +4 
जामनगर जी.जी. हास्पिटल के सर्जन। जामनगर। गुजरात की दूसरे नम्बर की सरकारी अस्पताल का दर्जा प्राप्त करने वाली जामनगर की जी.जी. हास्पिटल में चल रहे फर्जी डॉक्टर मामले भास्कर ने स्टिंग ऑपरेशन से पर्दाफाश किया था। जिसमें दो रेसिडेंट डॉक्टरों ने 12 वीं पास महेश परमार को अपने स्थान पर मरीजों का इलाज करवाने के लिए अपने खर्चे पर रखा था। इसके लिए महेश को हर महीने 7000 रुपए मिलते थे। प्रशासन में मचा हड़कम्प… भास्कर द्वारा इस मामले को स्टिंग ऑपरेशन के माध्यम से प्रकाश में लाया गया था। इसकी चर्चा अब गांधीनगर तक पहुंच गई है। पूरे प्रशासन में हड़कम्प है। बहुत ही जल्द इसकी जांच के लिए उच्चाधिकारियों की एक टीम राजकोट पहुंचने वाली है। जी.जी. हास्पिटल के ट्रोमा सेंटर में कार्यरत रेसिडेंट डॉक्टर कृपेन दरजी और डॉ. विराज ने अपने स्थान पर महेश परमार को नौकरी पर रखा था। दोनों डॉक्टर अपनी जेब से महेश को हर महीने 3500-3500 रुपए देते थे। स्टिंग ऑपरेशन में महेश ने उक्त दोनों डॉक्टरों की पोल खोल दी। स्वास्थ्य से खिलवाड़, अधिकारियों में खलबली जी.जी. हास्पिटल में हर रोज करीब 1200 से 1500 मरीज आते हैं। गरीब मरीज के स्वास्थ्य के साथ इस तरह से खिलवाड़ होने का पर्दाफाश होते ही प्रशासन में खलबली मच गई। अस्पताल की अधीक्षक नंदिनी देसाई ने तुरंत सभी डॉक्टरों की बैठक आयोजित की। जांच का नाटक भी किया। कुछ ही समय बाद यह घोषणा कर दी कि महेश परमार यहां केवल क्लर्क का काम करता है। अब उसे अस्पताल में प्रवेश नहीं करने दिया जाएगा। महेश को गलत तरीके से नौकरी पर रखने वाले डॉक्टरों के खिलाफ किसी प्रकार का सबूत न मिलने के कारण उन पर किसी तरह की कार्यवाही नहीं होगी। ऐसा कहते हुए उन्होंने उक्त दोनों डॉक्टरों के सर पर वरदहस्त रख दिया। कब कार्यवाही होगी? इस मामले में जब दोनों डॉक्टरों ने यह स्वीकार कर लिया है कि उन्होंने महेश को अपने स्थान पर इलाज करने के लिए रखा था, वह मरीजों का इलाज करता था। जांच समिति को यह मालूम होते हुए भी अधीक्षक डॉ. नंदिनी उन दोनों डॉक्टरों को क्यों बचा रही हैं। उनका कहना है कि महेश इलाज करता है, इसका कोई सबूत नहीं मिला है। जबकि भास्कर यह सबूत देने को तैयार है। शहर में इस बात की चर्चा है कि आखिर दोनों डॉक्टरों को क्यों बचाया जा रहा है। आखिर महेश और दोनों डॉक्टरों पर कब कार्यवाही होगी?  
</topic_text>
<spam_score>0.00</spam_score>
<post_num>1</post_num>
<post_id>post-1</post_id>
<post_url>http://www.bhaskar.com/news/GUJ-RAJ-OMC-jamnagar-bhaskar-sting-operation-follow-up-news-hindi-5527618-PHO.html</post_url>
<post_date>20170213</post_date>
<post_time>1005</post_time>
<username></username>
<post>
Home » Gujarat » Rajkot » Jamnagar Bhaskar Sting Operation Follow Up नकली डॉक्टर बनकर इलाज करने के उसे मिलते थे 7000 रुपए महीने   15:35 PM IST +4 
जामनगर जी.जी. हास्पिटल के सर्जन। जामनगर। गुजरात की दूसरे नम्बर की सरकारी अस्पताल का दर्जा प्राप्त करने वाली जामनगर की जी.जी. हास्पिटल में चल रहे फर्जी डॉक्टर मामले भास्कर ने स्टिंग ऑपरेशन से पर्दाफाश किया था। जिसमें दो रेसिडेंट डॉक्टरों ने 12 वीं पास महेश परमार को अपने स्थान पर मरीजों का इलाज करवाने के लिए अपने खर्चे पर रखा था। इसके लिए महेश को हर महीने 7000 रुपए मिलते थे। प्रशासन में मचा हड़कम्प… भास्कर द्वारा इस मामले को स्टिंग ऑपरेशन के माध्यम से प्रकाश में लाया गया था। इसकी चर्चा अब गांधीनगर तक पहुंच गई है। पूरे प्रशासन में हड़कम्प है। बहुत ही जल्द इसकी जांच के लिए उच्चाधिकारियों की एक टीम राजकोट पहुंचने वाली है। जी.जी. हास्पिटल के ट्रोमा सेंटर में कार्यरत रेसिडेंट डॉक्टर कृपेन दरजी और डॉ. विराज ने अपने स्थान पर महेश परमार को नौकरी पर रखा था। दोनों डॉक्टर अपनी जेब से महेश को हर महीने 3500-3500 रुपए देते थे। स्टिंग ऑपरेशन में महेश ने उक्त दोनों डॉक्टरों की पोल खोल दी। स्वास्थ्य से खिलवाड़, अधिकारियों में खलबली जी.जी. हास्पिटल में हर रोज करीब 1200 से 1500 मरीज आते हैं। गरीब मरीज के स्वास्थ्य के साथ इस तरह से खिलवाड़ होने का पर्दाफाश होते ही प्रशासन में खलबली मच गई। अस्पताल की अधीक्षक नंदिनी देसाई ने तुरंत सभी डॉक्टरों की बैठक आयोजित की। जांच का नाटक भी किया। कुछ ही समय बाद यह घोषणा कर दी कि महेश परमार यहां केवल क्लर्क का काम करता है। अब उसे अस्पताल में प्रवेश नहीं करने दिया जाएगा। महेश को गलत तरीके से नौकरी पर रखने वाले डॉक्टरों के खिलाफ किसी प्रकार का सबूत न मिलने के कारण उन पर किसी तरह की कार्यवाही नहीं होगी। ऐसा कहते हुए उन्होंने उक्त दोनों डॉक्टरों के सर पर वरदहस्त रख दिया। कब कार्यवाही होगी? इस मामले में जब दोनों डॉक्टरों ने यह स्वीकार कर लिया है कि उन्होंने महेश को अपने स्थान पर इलाज करने के लिए रखा था, वह मरीजों का इलाज करता था। जांच समिति को यह मालूम होते हुए भी अधीक्षक डॉ. नंदिनी उन दोनों डॉक्टरों को क्यों बचा रही हैं। उनका कहना है कि महेश इलाज करता है, इसका कोई सबूत नहीं मिला है। जबकि भास्कर यह सबूत देने को तैयार है। शहर में इस बात की चर्चा है कि आखिर दोनों डॉक्टरों को क्यों बचाया जा रहा है। आखिर महेश और दोनों डॉक्टरों पर कब कार्यवाही होगी?  
</post>
<signature>

</signature>
<external_links>

</external_links>
<country>US</country>
<main_image>http://i9.dainikbhaskar.com/thumbnail/680x588/web2images/www.bhaskar.com/2017/02/13/01_1486980352.jpg</main_image>
<rating></rating>
</document>
