<?xml version="1.0" encoding="UTF-8"?>
<document>
<type>mainstream</type>
<forum>http://investor.biospace.com/biospace/action/rssfeed?ChannelID=3210</forum>
<forum_title>GlobeNewswire News Releases</forum_title>
<discussion_title>La-Z-Boy Announces Fiscal 2017 Third-Quarter Conference Call</discussion_title>
<language>english</language>
<gmt_offset></gmt_offset>
<topic_url>http://markets.financialcontent.com/stocks/news/read/33737976/La</topic_url>
<topic_text>
  16:15 PM EST La-Z-Boy Announces Fiscal 2017 Third-Quarter Conference Call MONROE, Mich., Feb. 13, 2017 (GLOBE NEWSWIRE) -- La-Z-Boy Incorporated ( NYSE:LZB ) will report its fiscal 2017 third-quarter operating results after the close of trading on the New York Stock Exchange on Tuesday, February 21, 2017, and will hold its quarterly investor conference call at 8:30 a.m. Eastern Time the following day, Wednesday, February 22, 2017. The dial-in phone number for the live conference call will be (877) 407-0778 for persons calling from within the U.S. or Canada, and the number for international callers will be (201) 689-8565. The call will be webcast live, with corresponding slides, and archived on the Internet. It will be available at http://investors.la-z-boy.com/phoenix.zhtml?c=92596&amp;p=irol-calendar . A telephone replay will be available for a week following the call. This replay will be accessible to callers from the U.S. and Canada at (877) 481-4010 and to international callers at (919) 882-2331. Enter Conference ID #10228. Additional Information This news release is just one part of La-Z-Boy’s financial disclosures and should be read in conjunction with other information filed with the Securities and Exchange Commission, which is available at: http://investors.la-z-boy.com/phoenix.zhtml?c=92596&amp;p=irol-sec . Investors and others wishing to be notified of future La-Z-Boy news releases, SEC filings and quarterly investor conference calls may sign up at: http://investors.la-z-boy.com/phoenix.zhtml?c=92596&amp;p=irol-alerts&amp;t=&amp;id=&amp; . Background Information La-Z-Boy Incorporated is one of the world’s leading residential furniture producers, marketing furniture for every room of the home. The La-Z-Boy Upholstery segment companies are England and La-Z-Boy. The Casegoods segment consists of three brands: American Drew, Hammary, and Kincaid. The company-owned Retail segment includes 132 of the 343 La-Z-Boy Furniture Galleries ® stores. The corporation’s branded distribution network is dedicated to selling La-Z-Boy Incorporated products and brands, and includes 343 stand-alone La-Z-Boy Furniture Galleries ® stores and 553 independent Comfort Studio ® locations, in addition to in-store gallery programs for the company’s Kincaid and England operating units. Additional information is available at http://www.la-z-boy.com/ . Contact: Kathy Liebmann 734-241-2438 kathy.liebmann@la-z-boy.com Related Stocks:
</topic_text>
<spam_score>0.00</spam_score>
<post_num>1</post_num>
<post_id>post-1</post_id>
<post_url>http://markets.financialcontent.com/stocks/news/read/33737976/La</post_url>
<post_date>20170213</post_date>
<post_time>2115</post_time>
<username></username>
<post>
  16:15 PM EST La-Z-Boy Announces Fiscal 2017 Third-Quarter Conference Call MONROE, Mich., Feb. 13, 2017 (GLOBE NEWSWIRE) -- La-Z-Boy Incorporated ( NYSE:LZB ) will report its fiscal 2017 third-quarter operating results after the close of trading on the New York Stock Exchange on Tuesday, February 21, 2017, and will hold its quarterly investor conference call at 8:30 a.m. Eastern Time the following day, Wednesday, February 22, 2017. The dial-in phone number for the live conference call will be (877) 407-0778 for persons calling from within the U.S. or Canada, and the number for international callers will be (201) 689-8565. The call will be webcast live, with corresponding slides, and archived on the Internet. It will be available at http://investors.la-z-boy.com/phoenix.zhtml?c=92596&amp;p=irol-calendar . A telephone replay will be available for a week following the call. This replay will be accessible to callers from the U.S. and Canada at (877) 481-4010 and to international callers at (919) 882-2331. Enter Conference ID #10228. Additional Information This news release is just one part of La-Z-Boy’s financial disclosures and should be read in conjunction with other information filed with the Securities and Exchange Commission, which is available at: http://investors.la-z-boy.com/phoenix.zhtml?c=92596&amp;p=irol-sec . Investors and others wishing to be notified of future La-Z-Boy news releases, SEC filings and quarterly investor conference calls may sign up at: http://investors.la-z-boy.com/phoenix.zhtml?c=92596&amp;p=irol-alerts&amp;t=&amp;id=&amp; . Background Information La-Z-Boy Incorporated is one of the world’s leading residential furniture producers, marketing furniture for every room of the home. The La-Z-Boy Upholstery segment companies are England and La-Z-Boy. The Casegoods segment consists of three brands: American Drew, Hammary, and Kincaid. The company-owned Retail segment includes 132 of the 343 La-Z-Boy Furniture Galleries ® stores. The corporation’s branded distribution network is dedicated to selling La-Z-Boy Incorporated products and brands, and includes 343 stand-alone La-Z-Boy Furniture Galleries ® stores and 553 independent Comfort Studio ® locations, in addition to in-store gallery programs for the company’s Kincaid and England operating units. Additional information is available at http://www.la-z-boy.com/ . Contact: Kathy Liebmann 734-241-2438 kathy.liebmann@la-z-boy.com Related Stocks:
</post>
<signature>

</signature>
<external_links>

</external_links>
<country>US</country>
<main_image></main_image>
<rating></rating>
</document>
