<?xml version="1.0" encoding="UTF-8"?>
<document>
<type>mainstream</type>
<forum>http://www.ibahia.com/rss/</forum>
<forum_title></forum_title>
<discussion_title>Apresentador que xingou Ludmilla de &apos;macaca&apos; assina contrato com TV</discussion_title>
<language>portuguese</language>
<gmt_offset></gmt_offset>
<topic_url>http://www.ibahia.com/detalhe/noticia/apresentador-que-xingou-ludmilla-de-macaca-assina-contrato-com-tv/</topic_url>
<topic_text>
Nem Te Conto Apresentador que xingou Ludmilla de &apos;macaca&apos; assina contrato com TV Marcão do Povo, que fez declarações racistas contra a cantora durante o A Hora da Venenosa, terá programa no SBT Redação do Correio 24 Horas 13/02/2017 às 18h22 Compartilhar no Facebook Compartilhar no Facebook Compartilhar no Twitter Marcão do Povo assinou contrato com o SBT nesta segunda (13). O projeto ainda é mantido sob sigilo, mas deve fazer frente ao Balanço Geral, da Record, emissora na qual ele trabalhava até janeiro, quando foi demitido após ter ofendido a funkeira Ludmilla com declarações racistas. O fato ocorreu durante o &apos;A Hora da Venenosa&apos;, quando o apresentador comentou a notícia de que a cantora se negou a tirar fotos com fãs, alegando ser outra pessoa. Na ocasião, Marcão disse que ela era &quot;pobre e macaca&quot;. Em outro momento, para se defender, o apresentador negou que a frase tenha tido cunho pejorativo. Comentários
</topic_text>
<spam_score>0.00</spam_score>
<post_num>1</post_num>
<post_id>post-1</post_id>
<post_url>http://www.ibahia.com/detalhe/noticia/apresentador-que-xingou-ludmilla-de-macaca-assina-contrato-com-tv/</post_url>
<post_date>20170213</post_date>
<post_time>2122</post_time>
<username></username>
<post>
Nem Te Conto Apresentador que xingou Ludmilla de &apos;macaca&apos; assina contrato com TV Marcão do Povo, que fez declarações racistas contra a cantora durante o A Hora da Venenosa, terá programa no SBT Redação do Correio 24 Horas 13/02/2017 às 18h22 Compartilhar no Facebook Compartilhar no Facebook Compartilhar no Twitter Marcão do Povo assinou contrato com o SBT nesta segunda (13). O projeto ainda é mantido sob sigilo, mas deve fazer frente ao Balanço Geral, da Record, emissora na qual ele trabalhava até janeiro, quando foi demitido após ter ofendido a funkeira Ludmilla com declarações racistas. O fato ocorreu durante o &apos;A Hora da Venenosa&apos;, quando o apresentador comentou a notícia de que a cantora se negou a tirar fotos com fãs, alegando ser outra pessoa. Na ocasião, Marcão disse que ela era &quot;pobre e macaca&quot;. Em outro momento, para se defender, o apresentador negou que a frase tenha tido cunho pejorativo. Comentários
</post>
<signature>

</signature>
<external_links>

</external_links>
<country>BR</country>
<main_image>http://www.ibahia.com/fileadmin/user_upload/ibahia2/MarcaoDoPovo.jpg</main_image>
<rating></rating>
</document>
