<?xml version="1.0" encoding="UTF-8"?>
<document>
<type>mainstream</type>
<forum></forum>
<forum_title></forum_title>
<discussion_title>Search | foundry-planet.com - B2B Portal</discussion_title>
<language>english</language>
<gmt_offset></gmt_offset>
<topic_url>http://www.foundry-planet.com/search/?L=11&amp;amp;tx_kesearch_pi1[sword]=%22B%C3%BChler+AG%22&amp;amp;tx_kesearch_pi1[sortByField]=sortdate&amp;amp;tx_kesearch_pi1[sortByDir]=desc&amp;amp;tx_kesearch_pi1[filter][1]=News&amp;amp;cHash=a7cebb28a2059c84ee33c04bc273362c</topic_url>
<topic_text>
1. A quantum leap for die casting control Date: 03-01-17 ... says Srdjan Paunovic, Head Foundry at Wagner AG in Switzerland. Bühler AG , die casting control,Bühler,control of die casting cells,die casting process,dosing,removal... 2. BuhlLadle – fully integrated ladling unit Date: 12-12-16 ... peripheral devices and coordinated processes, the productivity of the entire cell is increased. Bühler AG , BuhlLadle,Bühler,Buhler,metal dosing device,ladling unit,aluminum,short cycle... 3. CEMAFON: Gabriele Galante receives Lifetime Award Date: 07-12-16 ...Dr. Ioannis Ioannidis confirmed as President - Piero Starita elected as Vice President. Bühler AG DieCasting represented by Marcello Fabbroni, is new individual member company of CEMAFON 4. New Bühler Ecoline S series Date: 23-11-16 ... the Apple or Android store (“Ecoline S”) and used on smartphones or in combination with 3D glasses. Bühler AG , Bühler,Buhler,Ecoline S,die casting,casters,high-performance die casting equipment,minimal air... 5. ALUCAST 2016: Technology, Processes, Products – for the Die Casting Industry Date: 01-11-16 ... year.Some of the leading names from the Industry participating at the event are Jayahind Industries, Bühler AG , Teknomec, Sunbeam Auto Pvt. Ltd., Magma Engineering Asia Pacific Pvt. Ltd., Rockman Industries,... 6. Bühler AG - Optimizing the HPDC Process with an Integrated Vacuum System Date: 11-05-16 ... cold chamber die casting machines. Bühler AG , HPDC Process, Integrated Vacuum System, die casting, Bühler AG , structural components, vacuum technology,PROFIBUS, PROFINET, die casting machine, SmartVac,... 
</topic_text>
<spam_score>0.19</spam_score>
<post_num>1</post_num>
<post_id>post-1</post_id>
<post_url>http://www.foundry-planet.com/search/?L=11&amp;amp;tx_kesearch_pi1[sword]=%22B%C3%BChler+AG%22&amp;amp;tx_kesearch_pi1[sortByField]=sortdate&amp;amp;tx_kesearch_pi1[sortByDir]=desc&amp;amp;tx_kesearch_pi1[filter][1]=News&amp;amp;cHash=a7cebb28a2059c84ee33c04bc273362c</post_url>
<post_date>20141103</post_date>
<post_time></post_time>
<username></username>
<post>
1. A quantum leap for die casting control Date: 03-01-17 ... says Srdjan Paunovic, Head Foundry at Wagner AG in Switzerland. Bühler AG , die casting control,Bühler,control of die casting cells,die casting process,dosing,removal... 2. BuhlLadle – fully integrated ladling unit Date: 12-12-16 ... peripheral devices and coordinated processes, the productivity of the entire cell is increased. Bühler AG , BuhlLadle,Bühler,Buhler,metal dosing device,ladling unit,aluminum,short cycle... 3. CEMAFON: Gabriele Galante receives Lifetime Award Date: 07-12-16 ...Dr. Ioannis Ioannidis confirmed as President - Piero Starita elected as Vice President. Bühler AG DieCasting represented by Marcello Fabbroni, is new individual member company of CEMAFON 4. New Bühler Ecoline S series Date: 23-11-16 ... the Apple or Android store (“Ecoline S”) and used on smartphones or in combination with 3D glasses. Bühler AG , Bühler,Buhler,Ecoline S,die casting,casters,high-performance die casting equipment,minimal air... 5. ALUCAST 2016: Technology, Processes, Products – for the Die Casting Industry Date: 01-11-16 ... year.Some of the leading names from the Industry participating at the event are Jayahind Industries, Bühler AG , Teknomec, Sunbeam Auto Pvt. Ltd., Magma Engineering Asia Pacific Pvt. Ltd., Rockman Industries,... 6. Bühler AG - Optimizing the HPDC Process with an Integrated Vacuum System Date: 11-05-16 ... cold chamber die casting machines. Bühler AG , HPDC Process, Integrated Vacuum System, die casting, Bühler AG , structural components, vacuum technology,PROFIBUS, PROFINET, die casting machine, SmartVac,... 
</post>
<signature>

</signature>
<external_links>

</external_links>
<country>DE</country>
<main_image></main_image>
<rating></rating>
</document>
