<?xml version="1.0" encoding="UTF-8"?>
<document>
<type>mainstream</type>
<forum>http://www.bhaskar.com/rss-feed/2313/</forum>
<forum_title>bhaskar</forum_title>
<discussion_title>एक दिव्यांग की ऑटो सेवा की चर्चा विदेशों में, मोदी ने की थी पहली सवारी</discussion_title>
<language>hindi</language>
<gmt_offset></gmt_offset>
<topic_url>http://www.bhaskar.com/news/GUJ-AHM-OMC-gujarat-government-help-nermal-to-start-g-auto-project-news-hindi-5527504-PHO.html</topic_url>
<topic_text>
जम्मू-कश्मीर Home » Gujarat » Ahmedabad » Gujarat Government Help Nermal To Start G Auto Project एक दिव्यांग की ऑटो सेवा की चर्चा विदेशों में, मोदी ने की थी पहली सवारी   12:40 PM IST +12 
मोदी जी ने की थी पहली सवारी। अहमदाबाद। IIM अहमदाबाद से एमबीए करने वाले दिव्यांग निर्मल कुमार की कुछ अलग करने की चाहत ने उसे आज विदेशों में भी चर्चित कर दिया है। अपनी विकलांगता का उन्हें जरा भी अफसोस नहीं है। अनेक चुनौतियों का सामना करते हुए उसने पहले तो निर्मल फाउंडेशन की स्थापना की, उसके बाद ‘जी ऑटो’’की शुरुआत की। अहमदाबाद से शुरू हुई ‘जी ऑटो’ सेवा अब राजस्थान और दिल्ली में भी शुरू कर दी गई है। कई बार विदेश यात्रा… मूल रूप से बिहार के सीवान के रहने वाले निर्मल ने 2009 में ‘जी ऑटो’’का जो प्रोजेक्ट तैयार किया, उसके लिए गुजरात सरकार काफी मददगार साबित हुई। उसके इस प्रोजेक्ट से तात्कालिक मुख्यमंत्री नरेंद्र मोदी काफी प्रभावित हुए। निर्मल के ऑटो में सवारी करने के लिए नरेंद्र मोदी कांकरिया फुटबॉल ग्राउंड पहुंच गए थे। निर्मल द्वारा शुरू किए गए ‘जी ऑटो’ के कांसेप्ट की चर्चा दिनों-दिन बढ़ रही है। अपने प्रोजेक्ट के बारे में निर्मल बताते हैं कि किसी भी नई सेवा या वस्तु की शुरुआत समाज के एक बड़े वर्ग पर अपना असर छोड़ जाती है। जितनी अच्छी शोध होगी, उतनी ही अच्छी वह लोगों की संतोष देने वाली होगी। अपने इस प्रोजेक्ट को लेकर निर्मल कई बार विदेश यात्रा कर चुके हैं। प्रोजेक्ट शुरू करने का कारण निर्मल बताते हैं कि यात्रियों की शिकायत रहती है कि अमुक ऑटो वाले ने उससे दुर्व्यवहार किया या अधिक राशि ले ली। इसकी शिकायत वह यदि करना चाहे, तो कहां करे? ‘जी ऑटो’ का अपना एक कॉल सेंटर है। जब कोई यात्री यहां उसके टोल फ्री नम्बर पर कॉल करता है, तब उसे रजिस्टर्ड रिक्शा चालकों की लोकेशन की जांच कर उसके पास जो भी ऑटो हो, उसकी जानकारी एसएमएस के माध्यम से यात्री तक पहुंच जाती है। दूसरी ओर रिक्शा चालकों की सुविधाओं का भी खयाल रखा जाता है। उन्हें फ्री केशलेस मेडिकल और लाइफ इंश्योरेंस की पॉलिसी भी दी जाती है। इसके अलावा उसे पेंशन प्लान भी मिलता है। अपने फाउंडेशन के सीईओ हैं निर्मल अपने प्रोजेक्ट की जानकारी देने के लिए निर्मल कई बार विदेश यात्रा कर चुके हैं। ‘जी ऑटो’ से जुड़े सभी रिक्शा ड्राइवरों को विशेष रूप से ट्रेनिंग दी जाती है। ग्राहकों से किस तरह से बातचीत की जाए, यह भी सिखाया जाता है। मुसाफिरों के लिए ‘जी ऑटो’ की सर्विस 24 घंटे चालू रहती है। ग्राहक कभी भी बुकिंग करा सकते हैं। रिक्शे में टाइम पास करने के लिए न्यूज पेपर और मैगजिन भी रखी जाती है। शहर के हर क्षेत्र का नक्शा रिक्शे में होता है। किराया सूची होती है, इसके अलावा सभी ड्राइवरों को यूनिफार्म भी दिया जाता है। ‘जी ऑटो’ का विस्तार निर्मल फाउंडेशन का नाम पूरे गुजरात में फेमस हो गया है। निर्मल ‘जी ऑटो’ के CEO है। आज यह सर्विस अहमदाबाद, गांधीनगर, सूरत, वडोदरा और राजकोट तक फैल गई है। अपनी सर्विस के कारण फेमस ‘जी ऑटो’ की विशेषता है कि मुसाफिर को जब भी ऑटो रिक्शे की आवश्यकता हो, वह उपलब्ध हो जाता है। मुसाफिर से वाजिब किराया, अच्छा व्यवहार और उसकी सुरक्षा का पूरा खयाल रखा जाता है। ‘जी ऑटो’ से 21000 से अधिक ऑटो रिक्शा जुड़े हुए हैं।  
</topic_text>
<spam_score>0.00</spam_score>
<post_num>1</post_num>
<post_id>post-1</post_id>
<post_url>http://www.bhaskar.com/news/GUJ-AHM-OMC-gujarat-government-help-nermal-to-start-g-auto-project-news-hindi-5527504-PHO.html</post_url>
<post_date>20170213</post_date>
<post_time>0710</post_time>
<username></username>
<post>
जम्मू-कश्मीर Home » Gujarat » Ahmedabad » Gujarat Government Help Nermal To Start G Auto Project एक दिव्यांग की ऑटो सेवा की चर्चा विदेशों में, मोदी ने की थी पहली सवारी   12:40 PM IST +12 
मोदी जी ने की थी पहली सवारी। अहमदाबाद। IIM अहमदाबाद से एमबीए करने वाले दिव्यांग निर्मल कुमार की कुछ अलग करने की चाहत ने उसे आज विदेशों में भी चर्चित कर दिया है। अपनी विकलांगता का उन्हें जरा भी अफसोस नहीं है। अनेक चुनौतियों का सामना करते हुए उसने पहले तो निर्मल फाउंडेशन की स्थापना की, उसके बाद ‘जी ऑटो’’की शुरुआत की। अहमदाबाद से शुरू हुई ‘जी ऑटो’ सेवा अब राजस्थान और दिल्ली में भी शुरू कर दी गई है। कई बार विदेश यात्रा… मूल रूप से बिहार के सीवान के रहने वाले निर्मल ने 2009 में ‘जी ऑटो’’का जो प्रोजेक्ट तैयार किया, उसके लिए गुजरात सरकार काफी मददगार साबित हुई। उसके इस प्रोजेक्ट से तात्कालिक मुख्यमंत्री नरेंद्र मोदी काफी प्रभावित हुए। निर्मल के ऑटो में सवारी करने के लिए नरेंद्र मोदी कांकरिया फुटबॉल ग्राउंड पहुंच गए थे। निर्मल द्वारा शुरू किए गए ‘जी ऑटो’ के कांसेप्ट की चर्चा दिनों-दिन बढ़ रही है। अपने प्रोजेक्ट के बारे में निर्मल बताते हैं कि किसी भी नई सेवा या वस्तु की शुरुआत समाज के एक बड़े वर्ग पर अपना असर छोड़ जाती है। जितनी अच्छी शोध होगी, उतनी ही अच्छी वह लोगों की संतोष देने वाली होगी। अपने इस प्रोजेक्ट को लेकर निर्मल कई बार विदेश यात्रा कर चुके हैं। प्रोजेक्ट शुरू करने का कारण निर्मल बताते हैं कि यात्रियों की शिकायत रहती है कि अमुक ऑटो वाले ने उससे दुर्व्यवहार किया या अधिक राशि ले ली। इसकी शिकायत वह यदि करना चाहे, तो कहां करे? ‘जी ऑटो’ का अपना एक कॉल सेंटर है। जब कोई यात्री यहां उसके टोल फ्री नम्बर पर कॉल करता है, तब उसे रजिस्टर्ड रिक्शा चालकों की लोकेशन की जांच कर उसके पास जो भी ऑटो हो, उसकी जानकारी एसएमएस के माध्यम से यात्री तक पहुंच जाती है। दूसरी ओर रिक्शा चालकों की सुविधाओं का भी खयाल रखा जाता है। उन्हें फ्री केशलेस मेडिकल और लाइफ इंश्योरेंस की पॉलिसी भी दी जाती है। इसके अलावा उसे पेंशन प्लान भी मिलता है। अपने फाउंडेशन के सीईओ हैं निर्मल अपने प्रोजेक्ट की जानकारी देने के लिए निर्मल कई बार विदेश यात्रा कर चुके हैं। ‘जी ऑटो’ से जुड़े सभी रिक्शा ड्राइवरों को विशेष रूप से ट्रेनिंग दी जाती है। ग्राहकों से किस तरह से बातचीत की जाए, यह भी सिखाया जाता है। मुसाफिरों के लिए ‘जी ऑटो’ की सर्विस 24 घंटे चालू रहती है। ग्राहक कभी भी बुकिंग करा सकते हैं। रिक्शे में टाइम पास करने के लिए न्यूज पेपर और मैगजिन भी रखी जाती है। शहर के हर क्षेत्र का नक्शा रिक्शे में होता है। किराया सूची होती है, इसके अलावा सभी ड्राइवरों को यूनिफार्म भी दिया जाता है। ‘जी ऑटो’ का विस्तार निर्मल फाउंडेशन का नाम पूरे गुजरात में फेमस हो गया है। निर्मल ‘जी ऑटो’ के CEO है। आज यह सर्विस अहमदाबाद, गांधीनगर, सूरत, वडोदरा और राजकोट तक फैल गई है। अपनी सर्विस के कारण फेमस ‘जी ऑटो’ की विशेषता है कि मुसाफिर को जब भी ऑटो रिक्शे की आवश्यकता हो, वह उपलब्ध हो जाता है। मुसाफिर से वाजिब किराया, अच्छा व्यवहार और उसकी सुरक्षा का पूरा खयाल रखा जाता है। ‘जी ऑटो’ से 21000 से अधिक ऑटो रिक्शा जुड़े हुए हैं।  
</post>
<signature>

</signature>
<external_links>

</external_links>
<country>US</country>
<main_image>http://i9.dainikbhaskar.com/thumbnail/680x588/web2images/www.bhaskar.com/2017/02/13/01_1486969830.jpg</main_image>
<rating></rating>
</document>
