<?xml version="1.0" encoding="UTF-8"?>
<document>
<type>mainstream</type>
<forum></forum>
<forum_title></forum_title>
<discussion_title>SREとしてMercariに入社した | SOTA</discussion_title>
<language>japanese</language>
<gmt_offset></gmt_offset>
<topic_url>http://deeeet.com/writing/2017/02/13/mercari/</topic_url>
<topic_text>

これまではとある会社で社内向けのPaaSエンジニアとして働いてきた（ref. PaaSエンジニアになった ）．PaaSの目標である「アプリケーション開発者の効率を最大化」を突き詰めながら少人数のチームでいかにScalableなプラットフォームを構築するかに注力してきた． Cloud Foundry やDockerといったインフラの最前線とも言える技術やアーキテクチャに触れ，かつその中で自分の技術的な柱である自動化に取り組むことができたのは非常に刺激的で自分に大きなプラスになった． 
その一方でPaaSというプラットフォームはその性質上サービスそのものからは中立的になることが避けられない（だからこそScalabilityを実現できるのだが）．よりサービスに近い部分，サービスの成長に直結する部分で開発がしたい，それを支えるインフラに関わりたいと思うようになった． 
Mercariという選択は，サービスやその可能性/成長，働いているひと，使っている技術といった視点から行った．が一番の大きな理由は日本発のサービスとしてグローバルな市場を本気で獲りに行っているところだ．UberやAirbnb，Netflixを見ていても今後Webサービスはグローバルで闘えることが必須になるだろうし技術的に一番チャレンジングかつ面白いものそこにあると思う．自分が身に付けたいと思う技術もそこにある（実際早くもそれに関わる仕事ができた）． 
</topic_text>
<spam_score>0.00</spam_score>
<post_num>1</post_num>
<post_id>post-1</post_id>
<post_url>http://deeeet.com/writing/2017/02/13/mercari/</post_url>
<post_date>20170213</post_date>
<post_time></post_time>
<username>Taichi Nakashima</username>
<post>

これまではとある会社で社内向けのPaaSエンジニアとして働いてきた（ref. PaaSエンジニアになった ）．PaaSの目標である「アプリケーション開発者の効率を最大化」を突き詰めながら少人数のチームでいかにScalableなプラットフォームを構築するかに注力してきた． Cloud Foundry やDockerといったインフラの最前線とも言える技術やアーキテクチャに触れ，かつその中で自分の技術的な柱である自動化に取り組むことができたのは非常に刺激的で自分に大きなプラスになった． 
その一方でPaaSというプラットフォームはその性質上サービスそのものからは中立的になることが避けられない（だからこそScalabilityを実現できるのだが）．よりサービスに近い部分，サービスの成長に直結する部分で開発がしたい，それを支えるインフラに関わりたいと思うようになった． 
Mercariという選択は，サービスやその可能性/成長，働いているひと，使っている技術といった視点から行った．が一番の大きな理由は日本発のサービスとしてグローバルな市場を本気で獲りに行っているところだ．UberやAirbnb，Netflixを見ていても今後Webサービスはグローバルで闘えることが必須になるだろうし技術的に一番チャレンジングかつ面白いものそこにあると思う．自分が身に付けたいと思う技術もそこにある（実際早くもそれに関わる仕事ができた）． 
</post>
<signature>

</signature>
<external_links>

</external_links>
<country>US</country>
<main_image></main_image>
<rating></rating>
</document>
