<?xml version="1.0" encoding="UTF-8"?>
<document>
<type>mainstream</type>
<forum>http://conservativeangle.com/feed/</forum>
<forum_title>Conservative Angle</forum_title>
<discussion_title>&quot;Biggest Case In WTO History&quot;: Europe Prepares Legal Challenge Against Trump Border Tax</discussion_title>
<language>english</language>
<gmt_offset></gmt_offset>
<topic_url>http://feedproxy.google.com/~r/zerohedge/feed/~3/lAiUKxUa1_A/biggest-case-wto-history-europe-prepares-legal-challenge-against-trump-border-tax</topic_url>
<topic_text>
Go to Article 
Two weeks ago we looked at the immediate fate of the proposed border tax adjustment, and said that two wars are about to break out: one is domestic, and involves exporter (GE and Boeing) vs importer (WalMart and Koch Brothers) alliances and trade groups; this war will shift into the Senate, where Republicans can afford to lose at most 2 Senators, yet where as many as 6 are on the fence already (with 3 voicing a negative opinion toward BAT). The second war, we predicted, is one which would break out after the BAT is passed, and it would hammer – at least in the first few years – America’s biggest trading partners. And since the impact of the latter would be to force prices of the vast majority of retail goods sold in the US to soar, leading to a big jump in core inflation, eventually leading to a surge in the US Dollar – even if one ignores the diffuse effects and pervasive on global trade – the BAT would have an immediate impact on Fed policy, interest rates, and ultimately, prices of risk assets. 
As it turns out, the second war did not even wait for the formal passage of the border adjustment tax, because as the FT reported this afternoon, the EU and other US trading partners have begun preparing for a legal challenge to a US border tax proposal in a move that “ could trigger the biggest case in World Trade Organization history.” 
The reason is that “ the EU and other US trading partners are worried about the impact on their exports and have been deploying lawyers with a view to eventually challenging it before the global trade watchdog. “ 
The move to block the BAT come as Congressional Republicans are working to convince President Donald Trump to back a major shake-up of the US corporate tax system that would include a new “border adjustment” system. It would see US imports subject to tax and export revenues exempted, in what the FT, us and everyone else has dubbed “the biggest shake-up in the global corporate tax system in almost a century, according to tax experts.” 
And as such, America’s trade partners have finally pushed the panic button realizing that their exports to the US would likely suffer substantially, and as a result, they are taking their case to court. 
Members of the WTO and trade experts warn that if the US makes the tax change, it would lead to a major challenge to the global trading system at a time when its most influential member is tilting toward protectionism under Mr Trump. Jyrki Katainen, the European Commission vice-president who oversees EU trade policy, told the Financial Times that Europe wanted to avoid a trade war with the US as that would be “disastrous” for the world economy . 
But he made clear the EU would be willing to act against the US whether it was related to a border tax proposal or the erection of other arbitrary trade barriers. 
“If somebody is behaving against our interests or against international rules in trade then we have our own mechanisms to react,” Mr Katainen said. “We have all the legal arrangements within EU, but we are also part of global arrangements like the WTO and we want to respect the global rule base when it comes to trade.” 
“Our first assessment is that it is definitely not going to be compatible with the WTO,” said a senior trade official in Geneva, where the WTO is based. “On the sides of many [US] trading partners there are serious doubts about whether or not it can be made WTO compatible.” 
According to the FT, should the EU indeed challenge – and defeat the US – in a border tax case, it could open the door to $385 billion a year in trade retaliation against the US, according to Chad Bown, an expert on WTO trade disputes at the Peterson Institute for International Economics. That would be almost 100 times greater than the largest WTO finding to date. And if the US ignores the WTO ruling – as Trump has threatened in the past – it could lead to the unravelling of the international system designed to prevent trade wars. “The issue here is just orders of magnitude larger than what the WTO dispute settlement process typically is asked to manage in terms of trade frictions,” said Mr Bown. 
Speaking of the proposed border tax, a senior trade official in Geneva, where the WTO is located said, “our first assessment is that it is definitely not going to be compatible with the WTO” and added “on the sides of many [US] trading partners there are serious doubts about whether or not it can be made WTO compatible.” 
Meanwhile, as shown previously, Trump has yet to endorse the tax idea, which is being pushed by Paul Ryan, the speaker of the House of Representatives, and Kevin Brady, chairman of the House’s tax-writing ways and means committee. 
Now that a global legal challenge is implemented, it further reduces the probability a border adjustment mechanism is implemented to nearly zero. 
The implications? Since BAT was meant to offset budget shortfalls from corporate tax cuts, the total reduction in the corporate tax rate will likely be well less than Trump’s proposal. Last week, JPM proposed an alternative scenario in which, in the absence of BAT, the corporate Federal Tax rate is reduced from 35% to only 27.5%, which incidentally is almost identicaly with the effective tax rate the average US corporation already pays. This is what JPM said: 
Alternative Scenario: Revised Tax Proposal (27.5% Federal Tax Rate, No BAT) 
Given the challenges that the BAT presents, we further analyze a plausible scenario in which the BAT is dropped in favor of a smaller reduction in the corporate tax rate (resulting in a similar budget deficit to the House proposal). For this scenario, we assume the federal corporate tax rate is reduced from 35% to 27.5% (the midpoint between the current 35% rate and the 20% rate proposed in the Blueprint). We keep all other assumptions the same as in the first scenario above. 
Using these assumptions, the modified proposal would lift S&amp;P 500 EPS by approx. $9 with considerably lower dispersion among sectors and industries. All sectors benefit, with the relative outcome driven primarily by the portion of revenue earned domestically vs. abroad. In dollar terms, this plan reduces government revenue by roughly the same magnitude as the House Blueprint scenario (which includes 20% federal rate + border adjustment). Such a scenario would likely put less upward pressure on the dollar and inflation. 
Of course, if Trump’s fiscal proposals are met with the same challenges as the BAT, and there is pushback to offset spending with new sources of revenue, it may well end up that few if any of Trump’s proposed corporate tax cuts – the primary catalyst for the ongoing surge in stocks – will ever be implemented. Comment on this Article Via Your Facebook Account Comment on this Article Via Your Disqus Account Follow Us on Facebook!
</topic_text>
<spam_score>0.00</spam_score>
<post_num>1</post_num>
<post_id>post-1</post_id>
<post_url>http://feedproxy.google.com/~r/zerohedge/feed/~3/lAiUKxUa1_A/biggest-case-wto-history-europe-prepares-legal-challenge-against-trump-border-tax</post_url>
<post_date>20170213</post_date>
<post_time>2111</post_time>
<username>EdJenner</username>
<post>
Go to Article 
Two weeks ago we looked at the immediate fate of the proposed border tax adjustment, and said that two wars are about to break out: one is domestic, and involves exporter (GE and Boeing) vs importer (WalMart and Koch Brothers) alliances and trade groups; this war will shift into the Senate, where Republicans can afford to lose at most 2 Senators, yet where as many as 6 are on the fence already (with 3 voicing a negative opinion toward BAT). The second war, we predicted, is one which would break out after the BAT is passed, and it would hammer – at least in the first few years – America’s biggest trading partners. And since the impact of the latter would be to force prices of the vast majority of retail goods sold in the US to soar, leading to a big jump in core inflation, eventually leading to a surge in the US Dollar – even if one ignores the diffuse effects and pervasive on global trade – the BAT would have an immediate impact on Fed policy, interest rates, and ultimately, prices of risk assets. 
As it turns out, the second war did not even wait for the formal passage of the border adjustment tax, because as the FT reported this afternoon, the EU and other US trading partners have begun preparing for a legal challenge to a US border tax proposal in a move that “ could trigger the biggest case in World Trade Organization history.” 
The reason is that “ the EU and other US trading partners are worried about the impact on their exports and have been deploying lawyers with a view to eventually challenging it before the global trade watchdog. “ 
The move to block the BAT come as Congressional Republicans are working to convince President Donald Trump to back a major shake-up of the US corporate tax system that would include a new “border adjustment” system. It would see US imports subject to tax and export revenues exempted, in what the FT, us and everyone else has dubbed “the biggest shake-up in the global corporate tax system in almost a century, according to tax experts.” 
And as such, America’s trade partners have finally pushed the panic button realizing that their exports to the US would likely suffer substantially, and as a result, they are taking their case to court. 
Members of the WTO and trade experts warn that if the US makes the tax change, it would lead to a major challenge to the global trading system at a time when its most influential member is tilting toward protectionism under Mr Trump. Jyrki Katainen, the European Commission vice-president who oversees EU trade policy, told the Financial Times that Europe wanted to avoid a trade war with the US as that would be “disastrous” for the world economy . 
But he made clear the EU would be willing to act against the US whether it was related to a border tax proposal or the erection of other arbitrary trade barriers. 
“If somebody is behaving against our interests or against international rules in trade then we have our own mechanisms to react,” Mr Katainen said. “We have all the legal arrangements within EU, but we are also part of global arrangements like the WTO and we want to respect the global rule base when it comes to trade.” 
“Our first assessment is that it is definitely not going to be compatible with the WTO,” said a senior trade official in Geneva, where the WTO is based. “On the sides of many [US] trading partners there are serious doubts about whether or not it can be made WTO compatible.” 
According to the FT, should the EU indeed challenge – and defeat the US – in a border tax case, it could open the door to $385 billion a year in trade retaliation against the US, according to Chad Bown, an expert on WTO trade disputes at the Peterson Institute for International Economics. That would be almost 100 times greater than the largest WTO finding to date. And if the US ignores the WTO ruling – as Trump has threatened in the past – it could lead to the unravelling of the international system designed to prevent trade wars. “The issue here is just orders of magnitude larger than what the WTO dispute settlement process typically is asked to manage in terms of trade frictions,” said Mr Bown. 
Speaking of the proposed border tax, a senior trade official in Geneva, where the WTO is located said, “our first assessment is that it is definitely not going to be compatible with the WTO” and added “on the sides of many [US] trading partners there are serious doubts about whether or not it can be made WTO compatible.” 
Meanwhile, as shown previously, Trump has yet to endorse the tax idea, which is being pushed by Paul Ryan, the speaker of the House of Representatives, and Kevin Brady, chairman of the House’s tax-writing ways and means committee. 
Now that a global legal challenge is implemented, it further reduces the probability a border adjustment mechanism is implemented to nearly zero. 
The implications? Since BAT was meant to offset budget shortfalls from corporate tax cuts, the total reduction in the corporate tax rate will likely be well less than Trump’s proposal. Last week, JPM proposed an alternative scenario in which, in the absence of BAT, the corporate Federal Tax rate is reduced from 35% to only 27.5%, which incidentally is almost identicaly with the effective tax rate the average US corporation already pays. This is what JPM said: 
Alternative Scenario: Revised Tax Proposal (27.5% Federal Tax Rate, No BAT) 
Given the challenges that the BAT presents, we further analyze a plausible scenario in which the BAT is dropped in favor of a smaller reduction in the corporate tax rate (resulting in a similar budget deficit to the House proposal). For this scenario, we assume the federal corporate tax rate is reduced from 35% to 27.5% (the midpoint between the current 35% rate and the 20% rate proposed in the Blueprint). We keep all other assumptions the same as in the first scenario above. 
Using these assumptions, the modified proposal would lift S&amp;P 500 EPS by approx. $9 with considerably lower dispersion among sectors and industries. All sectors benefit, with the relative outcome driven primarily by the portion of revenue earned domestically vs. abroad. In dollar terms, this plan reduces government revenue by roughly the same magnitude as the House Blueprint scenario (which includes 20% federal rate + border adjustment). Such a scenario would likely put less upward pressure on the dollar and inflation. 
Of course, if Trump’s fiscal proposals are met with the same challenges as the BAT, and there is pushback to offset spending with new sources of revenue, it may well end up that few if any of Trump’s proposed corporate tax cuts – the primary catalyst for the ongoing surge in stocks – will ever be implemented. Comment on this Article Via Your Facebook Account Comment on this Article Via Your Disqus Account Follow Us on Facebook!
</post>
<signature>

</signature>
<external_links>

</external_links>
<country>US</country>
<main_image>http://conservativeangle.com/wp-content/uploads/2017/02/2926787-thumb.jpg</main_image>
<rating></rating>
</document>
