<?xml version="1.0" encoding="UTF-8"?>
<document>
<type>mainstream</type>
<forum>http://rssfeeds.13newsnow.com/_/20/109568552/wvec/local</forum>
<forum_title>WVEC - Local</forum_title>
<discussion_title>Construction to begin on second...</discussion_title>
<language>english</language>
<gmt_offset></gmt_offset>
<topic_url>http://rssfeeds.13newsnow.com/_/20/109568552/wvec/http&amp;#x3a;&amp;#x2f;&amp;#x2f;www&amp;#x2e;13newsnow&amp;#x2e;com&amp;#x2f;news&amp;#x2f;local&amp;#x2f;mycity&amp;#x2f;norfolk&amp;#x2f;construction-to-begin-on-second-tallest-building-in-norfolk&amp;#x2f;407943514</topic_url>
<topic_text>
Construction to begin on second-tallest building in Norfolk Staff , WVEC 2:40   Rendering of the new Harbor&apos;s Edge in the Fort Norfolk section of Norfolk (Photo: Harbor&apos;s Edge)   
NORFOLK, Va. (WVEC) -- Construction will begin this fall on the City of Norfolk&apos;s tallest residential building. 
It will be a luxury retirement complex. The 27-story &quot;River Tower&quot; will reach 326 fee, making it the second tallest building in Norfolk. 
It is a $100 million expansion of the Harbor&apos;s Edge Community, and it will house 138 senior apartments. 
From 2015: Skyscraper latest project planned for Fort Norfolk 
The first residents could move in sometime in 2019, with completion in 2020. 
As for the tallest building in Norfolk, that would be the Dominion Tower, which stands at 340 feet. 
(© 2017 WVEC)
</topic_text>
<spam_score>0.00</spam_score>
<post_num>1</post_num>
<post_id>post-1</post_id>
<post_url>http://rssfeeds.13newsnow.com/_/20/109568552/wvec/http&amp;#x3a;&amp;#x2f;&amp;#x2f;www&amp;#x2e;13newsnow&amp;#x2e;com&amp;#x2f;news&amp;#x2f;local&amp;#x2f;mycity&amp;#x2f;norfolk&amp;#x2f;construction-to-begin-on-second-tallest-building-in-norfolk&amp;#x2f;407943514</post_url>
<post_date>20170213</post_date>
<post_time>1940</post_time>
<username></username>
<post>
Construction to begin on second-tallest building in Norfolk Staff , WVEC 2:40   Rendering of the new Harbor&apos;s Edge in the Fort Norfolk section of Norfolk (Photo: Harbor&apos;s Edge)   
NORFOLK, Va. (WVEC) -- Construction will begin this fall on the City of Norfolk&apos;s tallest residential building. 
It will be a luxury retirement complex. The 27-story &quot;River Tower&quot; will reach 326 fee, making it the second tallest building in Norfolk. 
It is a $100 million expansion of the Harbor&apos;s Edge Community, and it will house 138 senior apartments. 
From 2015: Skyscraper latest project planned for Fort Norfolk 
The first residents could move in sometime in 2019, with completion in 2020. 
As for the tallest building in Norfolk, that would be the Dominion Tower, which stands at 340 feet. 
(© 2017 WVEC)
</post>
<signature>

</signature>
<external_links>

</external_links>
<country>US</country>
<main_image>http://content.13newsnow.com/photo/2015/07/27/635736255521196238-C2-small_2477758_ver1.0.jpg</main_image>
<rating></rating>
</document>
