<?xml version="1.0" encoding="UTF-8"?>
<document>
<type>mainstream</type>
<forum>http://www.myfoxal.com/Global/category.asp?C=120652&amp;clienttype=rss</forum>
<forum_title>FOX6 WBRC - MyFoxAL.com - Money</forum_title>
<discussion_title>Judge denies request to halt Dakota Access pipeline work</discussion_title>
<language>english</language>
<gmt_offset></gmt_offset>
<topic_url>http://www.wbrc.com/story/34486931/judge-denies-request-to-halt-dakota-access-pipeline-work</topic_url>
<topic_text>
Judge denies request to halt Dakota Access pipeline work 2017-02-13T20:53:56Z 2017-02-13T20:53:56Z (Diego M. Radzinschi/ALM via AP). This June 20, 2012, photo provided by ALM shows U.S. District Judge James &quot;Jeb&quot; Boasberg in Washington, D.C. Boasberg is overseeing a lawsuit filed by the Standing Rock and Cheyenne River Sioux, two Dakotas tribes who ... (AP Photo/James MacPherson). Razor wire and concrete barriers protect access to the Dakota Access pipeline drilling site Thursday, Feb. 9, 2017 near Cannon Ball, North Dakota. The developer says construction of the Dakota Access pipeline under a North ... (AP Photo/James MacPherson). Trash is seen piled in a dumpster at an encampment set up near Cannon Ball, N.D., Wednesday, Feb. 8, 2017, for opponents against the construction of the Dakota Access pipeline. Opponents have called for protests around the ... By SAM HANANELAssociated Press 
WASHINGTON (AP) - A federal judge on Monday rejected a request by two American Indian tribes for an emergency order halting construction of the remaining section of the Dakota Access oil pipeline. 
U.S. District Judge James Boasberg, in Washington, D.C., said that as long as the oil isn&apos;t flowing through the pipeline, there is no immediate harm to the Cheyenne River and Standing Rock Sioux tribes, which are suing to stop the project. But he said he&apos;d consider the arguments more thoroughly at another hearing on Feb. 27. 
The tribes requested the temporary injunction last week after Texas-based Energy Transfer Partners got federal permission to lay pipe under a Missouri River reservoir in North Dakota. That&apos;s the last big section of the $3.8 billion pipeline that would need to be constructed before it could carry oil from North Dakota to Illinois. 
The tribes say the pipeline would endanger their cultural sites and water supply. They added a religious freedom component to their case last week by arguing that clean water is necessary to practice the Sioux religion and that the mere presence of the pipeline renders the water impure. 
At the hearing, though, Boasberg said the harm to the tribe apparently would come from the pipeline being turned on and the oil flowing through it, not from the pipeline&apos;s mere presence. 
Energy Transfer Partners received final approval from the Army last week to lay pipe under the reservoir and to complete the 1,200-mile pipeline, which would move North Dakota oil to a shipping point in Illinois. Drilling work began immediately under Lake Oahe, which is the water source for both tribes. 
The company&apos;s attorneys filed court documents early Monday urging Boasberg to reject the tribes&apos; request, calling the new religious freedom argument &quot;exceedingly tardy,&quot; &apos;&apos;not construction-related&quot; and a &quot;last-minute delay tactic.&quot; 
&quot;Dakota Access has the greatest respect for the religious beliefs and traditions of (tribes). The emergency relief sought here simply is not necessary to protect the exercise of those beliefs or preserve those traditions,&quot; wrote William Scherman, an attorney for the company. 
The Corps also filed court documents Monday arguing that a work stoppage isn&apos;t warranted, saying the tribes will have plenty of time to make their case before oil flows through the pipeline. 
Work under Lake Oahe had been held up in the courts until President Donald Trump last month instructed the Army Corps of Engineers to advance construction. The Army is involved because its engineering branch manages the river and its system of hydroelectric dams, which is owned by the federal government. 
The drilling work is expected to take about two months. The full pipeline system could be operational within three months. 
Energy Transfer Partners maintains that the pipeline is safe and disputes that cultural sites have been affected. But an encampment near the construction in southern North Dakota drew thousands of protesters last year in support of the tribes, leading to occasional clashes with law enforcement and nearly 700 arrests. The camp has thinned to fewer than 300 people, but law enforcement officers continue to maintain a presence in the area. 
___ 
Associated Press writer Blake Nicholson in Bismarck, N.D., contributed to this report.  
</topic_text>
<spam_score>0.00</spam_score>
<post_num>1</post_num>
<post_id>post-1</post_id>
<post_url>http://www.wbrc.com/story/34486931/judge-denies-request-to-halt-dakota-access-pipeline-work</post_url>
<post_date>20170213</post_date>
<post_time>2053</post_time>
<username></username>
<post>
Judge denies request to halt Dakota Access pipeline work 2017-02-13T20:53:56Z 2017-02-13T20:53:56Z (Diego M. Radzinschi/ALM via AP). This June 20, 2012, photo provided by ALM shows U.S. District Judge James &quot;Jeb&quot; Boasberg in Washington, D.C. Boasberg is overseeing a lawsuit filed by the Standing Rock and Cheyenne River Sioux, two Dakotas tribes who ... (AP Photo/James MacPherson). Razor wire and concrete barriers protect access to the Dakota Access pipeline drilling site Thursday, Feb. 9, 2017 near Cannon Ball, North Dakota. The developer says construction of the Dakota Access pipeline under a North ... (AP Photo/James MacPherson). Trash is seen piled in a dumpster at an encampment set up near Cannon Ball, N.D., Wednesday, Feb. 8, 2017, for opponents against the construction of the Dakota Access pipeline. Opponents have called for protests around the ... By SAM HANANELAssociated Press 
WASHINGTON (AP) - A federal judge on Monday rejected a request by two American Indian tribes for an emergency order halting construction of the remaining section of the Dakota Access oil pipeline. 
U.S. District Judge James Boasberg, in Washington, D.C., said that as long as the oil isn&apos;t flowing through the pipeline, there is no immediate harm to the Cheyenne River and Standing Rock Sioux tribes, which are suing to stop the project. But he said he&apos;d consider the arguments more thoroughly at another hearing on Feb. 27. 
The tribes requested the temporary injunction last week after Texas-based Energy Transfer Partners got federal permission to lay pipe under a Missouri River reservoir in North Dakota. That&apos;s the last big section of the $3.8 billion pipeline that would need to be constructed before it could carry oil from North Dakota to Illinois. 
The tribes say the pipeline would endanger their cultural sites and water supply. They added a religious freedom component to their case last week by arguing that clean water is necessary to practice the Sioux religion and that the mere presence of the pipeline renders the water impure. 
At the hearing, though, Boasberg said the harm to the tribe apparently would come from the pipeline being turned on and the oil flowing through it, not from the pipeline&apos;s mere presence. 
Energy Transfer Partners received final approval from the Army last week to lay pipe under the reservoir and to complete the 1,200-mile pipeline, which would move North Dakota oil to a shipping point in Illinois. Drilling work began immediately under Lake Oahe, which is the water source for both tribes. 
The company&apos;s attorneys filed court documents early Monday urging Boasberg to reject the tribes&apos; request, calling the new religious freedom argument &quot;exceedingly tardy,&quot; &apos;&apos;not construction-related&quot; and a &quot;last-minute delay tactic.&quot; 
&quot;Dakota Access has the greatest respect for the religious beliefs and traditions of (tribes). The emergency relief sought here simply is not necessary to protect the exercise of those beliefs or preserve those traditions,&quot; wrote William Scherman, an attorney for the company. 
The Corps also filed court documents Monday arguing that a work stoppage isn&apos;t warranted, saying the tribes will have plenty of time to make their case before oil flows through the pipeline. 
Work under Lake Oahe had been held up in the courts until President Donald Trump last month instructed the Army Corps of Engineers to advance construction. The Army is involved because its engineering branch manages the river and its system of hydroelectric dams, which is owned by the federal government. 
The drilling work is expected to take about two months. The full pipeline system could be operational within three months. 
Energy Transfer Partners maintains that the pipeline is safe and disputes that cultural sites have been affected. But an encampment near the construction in southern North Dakota drew thousands of protesters last year in support of the tribes, leading to occasional clashes with law enforcement and nearly 700 arrests. The camp has thinned to fewer than 300 people, but law enforcement officers continue to maintain a presence in the area. 
___ 
Associated Press writer Blake Nicholson in Bismarck, N.D., contributed to this report.  
</post>
<signature>

</signature>
<external_links>

</external_links>
<country>US</country>
<main_image>http://images.worldnow.com/AP/images/13118583_G.jpg</main_image>
<rating></rating>
</document>
