<?xml version="1.0" encoding="UTF-8"?>
<document>
<type>mainstream</type>
<forum>http://www.watchinga.com/il/shopping/gifts.rss?utm_source=watchinga&amp;utm_medium=categorypage&amp;utm_term=gowatchinga_gifts&amp;utm_content=shopping&amp;utm_campaign=rssfeed</forum>
<forum_title>Gifts &amp; Coupon Shopping on Watchinga</forum_title>
<discussion_title>Lovers Gift Collar Chain Gold Plated Necklace Fashion</discussion_title>
<language>english</language>
<gmt_offset></gmt_offset>
<topic_url>http://www.ebay.com/itm/like/Lovers Gift Collar Chain Gold Plated  Necklace Fashion/262851617521</topic_url>
<topic_text>
Image not available Photos not available for this variation View previous Lovers Gift Collar Chain Gold Plated Necklace Fashion Condition:
</topic_text>
<spam_score>0.00</spam_score>
<post_num>1</post_num>
<post_id>post-1</post_id>
<post_url>http://www.ebay.com/itm/like/Lovers Gift Collar Chain Gold Plated  Necklace Fashion/262851617521</post_url>
<post_date>20170213</post_date>
<post_time>1532</post_time>
<username></username>
<post>
Image not available Photos not available for this variation View previous Lovers Gift Collar Chain Gold Plated Necklace Fashion Condition:
</post>
<signature>

</signature>
<external_links>

</external_links>
<country>US</country>
<main_image>http://i.ebayimg.com/00/s/MTAwMFgxMDAw/z/nmgAAOSwB-1YoiVr/$_1.JPG?set_id=8800005007</main_image>
<rating></rating>
</document>
