<?xml version="1.0" encoding="UTF-8"?>
<document>
<type>mainstream</type>
<forum>http://www.ooyuz.com/newsanalysis?term=george w. bush</forum>
<forum_title>george w. bush News Results and Analysis |OOYUZ</forum_title>
<discussion_title>Knicks fire Madison Square Garden security chief after Charles Oakley fiasco</discussion_title>
<language>english</language>
<gmt_offset>-6</gmt_offset>
<topic_url>http://www.ooyuz.com/geturl?aid=14859616</topic_url>
<topic_text>
Knicks and Madison Square Garden owner James Dolan has fired the arena’s top security chief after a bizarre and embarrassing clash with New York legend Charles Oakley on Wednesday that ended with Oakley being led out of the building in handcuffs. Oakley was arrested for fighting with the Knicks security members, who were attempting to escort him away from a courtside seat near Dolan and charged him with three counts of third-degree misdemeanor assault. Oakley said he was minding his own business.. Advertisement
</topic_text>
<spam_score>0.00</spam_score>
<post_num>1</post_num>
<post_id>post-1</post_id>
<post_url>http://www.ooyuz.com/geturl?aid=14859616</post_url>
<post_date>20170210</post_date>
<post_time>0747</post_time>
<username>SB Nation</username>
<post>
Knicks and Madison Square Garden owner James Dolan has fired the arena’s top security chief after a bizarre and embarrassing clash with New York legend Charles Oakley on Wednesday that ended with Oakley being led out of the building in handcuffs. Oakley was arrested for fighting with the Knicks security members, who were attempting to escort him away from a courtside seat near Dolan and charged him with three counts of third-degree misdemeanor assault. Oakley said he was minding his own business.. Advertisement
</post>
<signature>

</signature>
<external_links>

</external_links>
<country>US</country>
<main_image></main_image>
<rating></rating>
</document>
