<?xml version="1.0" encoding="UTF-8"?>
<document>
<type>mainstream</type>
<forum>http://www.bhaskar.com/rss-feed/2313/</forum>
<forum_title>bhaskar</forum_title>
<discussion_title>सूरत में 16 मिनट में हो गई शादी, मेहमान घर से लाए थे टिफिन</discussion_title>
<language>hindi</language>
<gmt_offset></gmt_offset>
<topic_url>http://www.bhaskar.com/news/GUJ-SUR-OMC-guajrat-first-marriage-complete-only-in-16-minutes-at-surat-news-hindi-5527532-PHO.html</topic_url>
<topic_text>
जम्मू-कश्मीर Home » Gujarat » Surat » Guajrat First Marriage Complete Only In 16 Minutes At Surat सूरत में 16 मिनट में हो गई शादी, मेहमान घर से लाए थे टिफिन   13:27 PM IST +11 
गुजरात में पहली बार सूरत शहर में केवल 16 मिनट में शादी कर एक कपल ने अनोखा संदेश दिया। सूरत। न बेंड बाजा, न बरात, न रिसेप्शन केवल समाज की विधि से विवाह हो गया। इस तरह का अपने आपमें यह अनोखा विवाह था, जिसमें शादी में केवल 16 मिनट लगे। इसकी दूसरी विशेषता यह थी कि उपस्थित लोग अपने घर से ही टिफिन लाए थे। संत रामपाल महाराज की शिक्षा-दीक्षा के अनुसार यह शादी समाज के लिए एक प्रेरणास्वरूप रही। नो रिसेप्शन, नो नाच-गाना… गुजराती पटेल समाज के उमेश पटेल की शादी ऋषिता पटेल के साथ तय हुई। इस कपल ने शादी में होने वाली फिजूलखर्ची और शान-शौकत को देखते हुए अनोखे तरीके से शादी करना तय किया। इसमें न दहेज, न बेंड बाजा, न बरात, न मेंहदी , न मंडप, न ब्राह्मण, न श्रृंगार, न रिसेप्शन, न कोई कर्म कांड, न वरमाला थी। सब कुछ सामान्य से अतिसामान्य था। केवल 16 मिनट की आरती सुनकर शादी पूर्ण वराछा में सौराष्ट्र पटेल समाज की वाड़ी में केवल संत गुरु की तस्वीर रखकर 16 मिनट की एक आरती सुनकर शादी पूर्ण हो गई। संत रामपाल महाराज के अनुसार चलने से नशा मुक्त और कुरिवाजों से मुक्त समाज का निर्माण कर स्वच्छ समाज का संदेश देने वाले इस विवाह से लोगों में खुशी का माहौल देखा गया। इस विवाह में उपस्थित लोग घर से टिफिन लाए थे। युवती है डॉक्टर, युवक डायमंड कंपनी में मैनेजर उमेशदास पटेल डायमंड कंपनी में मैनेजर हैं। उधर ऋषिता तुलसी दास पटेल डॉक्टर है। शादी पूर्ण होने के बाद नवदंपति उमेश-ऋषिता ने बताया कि आज के समय में शादी के पीछे होने वाली फिजूलखर्ची को देखते हुए हमने यह निर्णय लिया कि हमारी शादी में यह सब ताम-झाम नहीं होगा। हमारा उद्देश्य समाज को कुरीति-रिवाजों से मुक्त कराना है। ताकि भविष्य में समाज को एक नई दिशा मिले, समाज आगे बढ़े।  
</topic_text>
<spam_score>0.00</spam_score>
<post_num>1</post_num>
<post_id>post-1</post_id>
<post_url>http://www.bhaskar.com/news/GUJ-SUR-OMC-guajrat-first-marriage-complete-only-in-16-minutes-at-surat-news-hindi-5527532-PHO.html</post_url>
<post_date>20170213</post_date>
<post_time>0757</post_time>
<username></username>
<post>
जम्मू-कश्मीर Home » Gujarat » Surat » Guajrat First Marriage Complete Only In 16 Minutes At Surat सूरत में 16 मिनट में हो गई शादी, मेहमान घर से लाए थे टिफिन   13:27 PM IST +11 
गुजरात में पहली बार सूरत शहर में केवल 16 मिनट में शादी कर एक कपल ने अनोखा संदेश दिया। सूरत। न बेंड बाजा, न बरात, न रिसेप्शन केवल समाज की विधि से विवाह हो गया। इस तरह का अपने आपमें यह अनोखा विवाह था, जिसमें शादी में केवल 16 मिनट लगे। इसकी दूसरी विशेषता यह थी कि उपस्थित लोग अपने घर से ही टिफिन लाए थे। संत रामपाल महाराज की शिक्षा-दीक्षा के अनुसार यह शादी समाज के लिए एक प्रेरणास्वरूप रही। नो रिसेप्शन, नो नाच-गाना… गुजराती पटेल समाज के उमेश पटेल की शादी ऋषिता पटेल के साथ तय हुई। इस कपल ने शादी में होने वाली फिजूलखर्ची और शान-शौकत को देखते हुए अनोखे तरीके से शादी करना तय किया। इसमें न दहेज, न बेंड बाजा, न बरात, न मेंहदी , न मंडप, न ब्राह्मण, न श्रृंगार, न रिसेप्शन, न कोई कर्म कांड, न वरमाला थी। सब कुछ सामान्य से अतिसामान्य था। केवल 16 मिनट की आरती सुनकर शादी पूर्ण वराछा में सौराष्ट्र पटेल समाज की वाड़ी में केवल संत गुरु की तस्वीर रखकर 16 मिनट की एक आरती सुनकर शादी पूर्ण हो गई। संत रामपाल महाराज के अनुसार चलने से नशा मुक्त और कुरिवाजों से मुक्त समाज का निर्माण कर स्वच्छ समाज का संदेश देने वाले इस विवाह से लोगों में खुशी का माहौल देखा गया। इस विवाह में उपस्थित लोग घर से टिफिन लाए थे। युवती है डॉक्टर, युवक डायमंड कंपनी में मैनेजर उमेशदास पटेल डायमंड कंपनी में मैनेजर हैं। उधर ऋषिता तुलसी दास पटेल डॉक्टर है। शादी पूर्ण होने के बाद नवदंपति उमेश-ऋषिता ने बताया कि आज के समय में शादी के पीछे होने वाली फिजूलखर्ची को देखते हुए हमने यह निर्णय लिया कि हमारी शादी में यह सब ताम-झाम नहीं होगा। हमारा उद्देश्य समाज को कुरीति-रिवाजों से मुक्त कराना है। ताकि भविष्य में समाज को एक नई दिशा मिले, समाज आगे बढ़े।  
</post>
<signature>

</signature>
<external_links>

</external_links>
<country>US</country>
<main_image>http://i9.dainikbhaskar.com/thumbnail/680x588/web2images/www.bhaskar.com/2017/02/13/01_1486972642.jpg</main_image>
<rating></rating>
</document>
