<?xml version="1.0" encoding="UTF-8"?>
<document>
<type>mainstream</type>
<forum>http://finance.yahoo.com/rss/AerospaceDefenseProductsServices</forum>
<forum_title>Yahoo! Finance: Aerospace/Defense Products &amp; Services Industry News</forum_title>
<discussion_title>Boeing has &apos;Too Many Good Things Going Right Now,&apos; Analyst Says</discussion_title>
<language>english</language>
<gmt_offset></gmt_offset>
<topic_url>https://www.thestreet.com/story/14000114/1/boeing-has-too-many-good-things-going-right-now-analyst-says.html</topic_url>
<topic_text>
Boeing has &apos;Too Many Good Things Going Right Now,&apos; Analyst Says Despite being downgraded on Monday, Lebenthal Asset Management CEO Jim Lebenthal sees good things at Boeing. Giovanni Bruno Feb13,20172:00PMEST 
Shares of Boeing ( BA ) were flying higher in afternoon trading on Monday, despite getting downgraded to &quot;underperform&quot; from &quot;neutral&quot; with a $140 price target, at Buckingham Research this morning. 
The firm sees difficulties in how Boeing will monetize its backlog and expects &quot;deteriorating&quot; cash flow beyond 2017. Furthermore, it contends the stock is &quot;priced to perfection.&quot; 
&quot;It&apos;s not priced to perfection, it&apos;s not cheap, but its not priced to perfection,&quot; Lebenthal Asset Management CEO Jim Lebenthal said on CNBC&apos;s &quot;Halftime Report&quot; Monday. &quot;I think the problem with being a bear on this stock is you have to ignore a lot of good things going on.&quot; 
Lebenthal&apos;s confidence in the positives revolving Boeing right now are that both the legacy 737 and 777 will continue to sell. 
&quot;The analysts on the downside are going to say well what about the legacy 777 or legacy 737? Those orders will be filled because if you want a new plane these days you have to wait until 2024 in order to get one,&quot; he explained. 
Consequently, that allows companies to purchase the legacy planes cheaper. Also, the current positives in the defense sector will bode well for Boeing, Lebenthal noted. 
&quot;You have got to ignore too many things that are going right, to be bearish on the stock,&quot; he said. If you liked this article you might like
</topic_text>
<spam_score>0.00</spam_score>
<post_num>1</post_num>
<post_id>post-1</post_id>
<post_url>https://www.thestreet.com/story/14000114/1/boeing-has-too-many-good-things-going-right-now-analyst-says.html</post_url>
<post_date>20170213</post_date>
<post_time>1900</post_time>
<username></username>
<post>
Boeing has &apos;Too Many Good Things Going Right Now,&apos; Analyst Says Despite being downgraded on Monday, Lebenthal Asset Management CEO Jim Lebenthal sees good things at Boeing. Giovanni Bruno Feb13,20172:00PMEST 
Shares of Boeing ( BA ) were flying higher in afternoon trading on Monday, despite getting downgraded to &quot;underperform&quot; from &quot;neutral&quot; with a $140 price target, at Buckingham Research this morning. 
The firm sees difficulties in how Boeing will monetize its backlog and expects &quot;deteriorating&quot; cash flow beyond 2017. Furthermore, it contends the stock is &quot;priced to perfection.&quot; 
&quot;It&apos;s not priced to perfection, it&apos;s not cheap, but its not priced to perfection,&quot; Lebenthal Asset Management CEO Jim Lebenthal said on CNBC&apos;s &quot;Halftime Report&quot; Monday. &quot;I think the problem with being a bear on this stock is you have to ignore a lot of good things going on.&quot; 
Lebenthal&apos;s confidence in the positives revolving Boeing right now are that both the legacy 737 and 777 will continue to sell. 
&quot;The analysts on the downside are going to say well what about the legacy 777 or legacy 737? Those orders will be filled because if you want a new plane these days you have to wait until 2024 in order to get one,&quot; he explained. 
Consequently, that allows companies to purchase the legacy planes cheaper. Also, the current positives in the defense sector will bode well for Boeing, Lebenthal noted. 
&quot;You have got to ignore too many things that are going right, to be bearish on the stock,&quot; he said. If you liked this article you might like
</post>
<signature>

</signature>
<external_links>

</external_links>
<country>US</country>
<main_image>http://s.thestreet.com/files/tsc/v2008/photos/contrib/uploads/6218e5aa-c60a-11e6-9525-a71e6bdc64dd.png</main_image>
<rating></rating>
</document>
