<?xml version="1.0" encoding="UTF-8"?>
<document>
<type>mainstream</type>
<forum>http://seattletimes.com/rss/artsentertainment.xml</forum>
<forum_title>The Seattle Times Entertainment – The Seattle Times</forum_title>
<discussion_title>John Oliver is using a commercial with a catheter-pushing cowboy to get Trump’s attention</discussion_title>
<language>english</language>
<gmt_offset></gmt_offset>
<topic_url>http://www.seattletimes.com/entertainment/tv/john-oliver-is-using-a-commercial-with-a-catheter-pushing-cowboy-to-get-trumps-attention/</topic_url>
<topic_text>
John Oliver is back.
A lot has happened since “Last Week Tonight” last aired in November. Too much to be summed up during the first episode of the show’s fourth season. Oliver focused the majority of the show on President Donald Trump’s difficulty with truth, accuracy and shaking hands.
Every episode of “Last Week Tonight” ends with an examination of a wonky topic. Oliver used this week’s in-depth segment to call the president out for lying, saying that, “We have a president who is capable of standing in the rain and saying it was a sunny day.” Oliver backs that up with a clip of Trump saying God stopped the rain when he rose to speak at his inauguration.
From there, Oliver details how Trump’s worldview is shaped by cable news and outlets that make things up and are fast and loose with facts, like Infowars and Brietbart News. There are some disturbing clips of Alex Jones from Infowars turning turnip red while screaming and claiming that the Sandy Hook Elementary School massacre in Newtown, Conn., never happened.
Most Read Stories ‘Help me kill my wife,’ Monroe man accidentally texts to his former boss Debris, buoys found in continuing search for Seattle-based crab boat with 6 aboard Falsified papers, sloppy work led FAA to fine Boeing After block of Trump travel ban, Washington Solicitor General Noah Purcell adjusts to spotlight 188,000 under evacuation orders near Northern California dam  VIEW Unlimited Digital Access. $1 for 4 weeks. Oliver’s entertaining rants play well with Americans who didn’t vote for Trump. But how could he find a way to reach the president? Create commercials to air during his favorite shows, of course.
The kicker of this week’s show was a commercial Oliver made that was to air Monday morning in the Washington, D.C., area on various Trump-favored cable news shows. The commercial stars a cowboy pitching catheters. The cowboy quickly segues from catheters to explaining the nuclear triad and a host of other issues. It is a nice bit of comedy with a serious goal.
Ryan Blethen  
</topic_text>
<spam_score>0.00</spam_score>
<post_num>1</post_num>
<post_id>post-1</post_id>
<post_url>http://www.seattletimes.com/entertainment/tv/john-oliver-is-using-a-commercial-with-a-catheter-pushing-cowboy-to-get-trumps-attention/</post_url>
<post_date>20170213</post_date>
<post_time>0906</post_time>
<username>Ryan Blethen</username>
<post>
John Oliver is back.
A lot has happened since “Last Week Tonight” last aired in November. Too much to be summed up during the first episode of the show’s fourth season. Oliver focused the majority of the show on President Donald Trump’s difficulty with truth, accuracy and shaking hands.
Every episode of “Last Week Tonight” ends with an examination of a wonky topic. Oliver used this week’s in-depth segment to call the president out for lying, saying that, “We have a president who is capable of standing in the rain and saying it was a sunny day.” Oliver backs that up with a clip of Trump saying God stopped the rain when he rose to speak at his inauguration.
From there, Oliver details how Trump’s worldview is shaped by cable news and outlets that make things up and are fast and loose with facts, like Infowars and Brietbart News. There are some disturbing clips of Alex Jones from Infowars turning turnip red while screaming and claiming that the Sandy Hook Elementary School massacre in Newtown, Conn., never happened.
Most Read Stories ‘Help me kill my wife,’ Monroe man accidentally texts to his former boss Debris, buoys found in continuing search for Seattle-based crab boat with 6 aboard Falsified papers, sloppy work led FAA to fine Boeing After block of Trump travel ban, Washington Solicitor General Noah Purcell adjusts to spotlight 188,000 under evacuation orders near Northern California dam  VIEW Unlimited Digital Access. $1 for 4 weeks. Oliver’s entertaining rants play well with Americans who didn’t vote for Trump. But how could he find a way to reach the president? Create commercials to air during his favorite shows, of course.
The kicker of this week’s show was a commercial Oliver made that was to air Monday morning in the Washington, D.C., area on various Trump-favored cable news shows. The commercial stars a cowboy pitching catheters. The cowboy quickly segues from catheters to explaining the nuclear triad and a host of other issues. It is a nice bit of comedy with a serious goal.
Ryan Blethen  
</post>
<signature>

</signature>
<external_links>

</external_links>
<country>US</country>
<main_image>http://static.seattletimes.com/wp-content/uploads/2017/02/02132017_John-Oliver_tzr-474x501.jpg</main_image>
<rating></rating>
</document>
