<?xml version="1.0" encoding="UTF-8"?>
<document>
<type>mainstream</type>
<forum>http://www.ccenterdispatch.com//search/?q=&amp;t=article&amp;l=100&amp;d=&amp;d1=&amp;d2=&amp;s=start_time&amp;sd=desc&amp;c[]=news,news/*&amp;f=rss</forum>
<forum_title>Clay Center Dispatch On-Line - news,news/</forum_title>
<discussion_title>Officials call for sequoias to be saved from development</discussion_title>
<language>english</language>
<gmt_offset></gmt_offset>
<topic_url>http://www.ccenterdispatch.com/news/state/article_97b5d0f2-7e90-562a-933d-07a180bc901d.html</topic_url>
<topic_text>
Officials call for sequoias to be saved from development Associated Press | 0 comments 
LEWISTON, Idaho (AP) — City leaders in northern Idaho are calling for a stand of giant sequoia trees to be saved from a planned development. 
The Lewiston Tribune reports ( http://bit.ly/2kCH8Gg ) that plans for a new Lewiston Fire Department station were released last week and since then several people, including the mayor of Lewiston, have stepped up to say six sequoias on the station site should be saved. 
Mayor Jim Kleeburg said at a City Council meeting on Monday that the sex giant sequoias, which stand 60 to 70 feet tall, should be incorporated into plans for the fire station. 
Lewiston Urban Forester Riley Stark agreed that it is uncommon for trees to get so big, especially giant sequoias, which are rare in the region. 
Officials with Baker Investment Group of Spokane, which will build the station, said they will try to preserve the trees. 
___ 
Information from: Lewiston Tribune, http://www.lmtribune.com
</topic_text>
<spam_score>0.00</spam_score>
<post_num>1</post_num>
<post_id>post-1</post_id>
<post_url>http://www.ccenterdispatch.com/news/state/article_97b5d0f2-7e90-562a-933d-07a180bc901d.html</post_url>
<post_date>20170213</post_date>
<post_time>1944</post_time>
<username></username>
<post>
Officials call for sequoias to be saved from development Associated Press | 0 comments 
LEWISTON, Idaho (AP) — City leaders in northern Idaho are calling for a stand of giant sequoia trees to be saved from a planned development. 
The Lewiston Tribune reports ( http://bit.ly/2kCH8Gg ) that plans for a new Lewiston Fire Department station were released last week and since then several people, including the mayor of Lewiston, have stepped up to say six sequoias on the station site should be saved. 
Mayor Jim Kleeburg said at a City Council meeting on Monday that the sex giant sequoias, which stand 60 to 70 feet tall, should be incorporated into plans for the fire station. 
Lewiston Urban Forester Riley Stark agreed that it is uncommon for trees to get so big, especially giant sequoias, which are rare in the region. 
Officials with Baker Investment Group of Spokane, which will build the station, said they will try to preserve the trees. 
___ 
Information from: Lewiston Tribune, http://www.lmtribune.com
</post>
<signature>

</signature>
<external_links>

</external_links>
<country>US</country>
<main_image>http://www.ccenterdispatch.com/app/dispatchlogoFACEBOOK.jpg</main_image>
<rating></rating>
</document>
