<?xml version="1.0" encoding="UTF-8"?>
<document>
<type>mainstream</type>
<forum></forum>
<forum_title></forum_title>
<discussion_title>Search | foundry-planet.com - B2B Portal</discussion_title>
<language>english</language>
<gmt_offset></gmt_offset>
<topic_url>http://www.foundry-planet.com/cz/search/?tx_kesearch_pi1[sortByField]=sortdate&amp;amp;tx_kesearch_pi1[sortByDir]=desc&amp;amp;tx_kesearch_pi1[page]=24&amp;amp;cHash=292013c376c22b4f532a3d3d5dc0989c</topic_url>
<topic_text>
Peiron Oy Categories: ductile ironsteel Search results 231 until 240 of 2006 
</topic_text>
<spam_score>0.19</spam_score>
<post_num>1</post_num>
<post_id>post-1</post_id>
<post_url>http://www.foundry-planet.com/cz/search/?tx_kesearch_pi1[sortByField]=sortdate&amp;amp;tx_kesearch_pi1[sortByDir]=desc&amp;amp;tx_kesearch_pi1[page]=24&amp;amp;cHash=292013c376c22b4f532a3d3d5dc0989c</post_url>
<post_date>20141103</post_date>
<post_time></post_time>
<username></username>
<post>
Peiron Oy Categories: ductile ironsteel Search results 231 until 240 of 2006 
</post>
<signature>

</signature>
<external_links>

</external_links>
<country>DE</country>
<main_image></main_image>
<rating></rating>
</document>
