<?xml version="1.0" encoding="UTF-8"?>
<document>
<type>mainstream</type>
<forum>http://kuer.org//rss.xml</forum>
<forum_title>KUER 90.1, NPR Utah</forum_title>
<discussion_title>Lawyers For Bowe Bergdahl Say He Can&apos;t Get A Fair Trial After Trump Criticisms</discussion_title>
<language>english</language>
<gmt_offset></gmt_offset>
<topic_url>http://kuer.org/post/lawyers-bowe-bergdahl-say-he-cant-get-fair-trial-after-trump-criticisms</topic_url>
<topic_text>
By Rebecca Hersher • 1 hour ago Army Sgt. Bowe Bergdahl at Fort Bragg, N.C. His defense team is arguing that he cannot get a fair trial after Donald Trump repeatedly called Bergdahl a traitor in public. Ted Richardson / AP Originally published on February 13, 2017 1:18 pm 
Army Sgt. Bowe Bergdahl appeared before a military judge for a hearing on Monday at Fort Bragg, N.C. He is charged with desertion and misbehavior before the enemy for leaving his base in Afghanistan in 2009. 
The defense is arguing that Bergdahl cannot get a fair trial because Donald Trump has personally commented on the case, including referring to Bergdahl as a traitor and insinuating that he should be thrown out of a plane without a parachute. 
Bergdahl&apos;s defense team submitted a motion to dismiss the charges last month, and included a list of more than 40 instances of Trump speaking publicly about Bergdahl, dating back to April 2015. 
According to the motion , Trump referred to Bergdahl as a traitor at least 45 times during the presidential campaign, specifically calling the sergeant a &quot;no-good traitor,&quot; a &quot;no-good, rotten traitor,&quot; a &quot;dirty, rotten traitor,&quot; a &quot;dirty, no-good traitor,&quot; a &quot;no-good, dirty, rotten traitor,&quot; a &quot;bum,&quot; a &quot;horrible traitor,&quot; a &quot;horrible, terrible, dirty, rotten traitor,&quot; a &quot;dirty, rotten deserter,&quot; a &quot;very bad person,&quot; a &quot;whack job,&quot; a &quot;son of a bitch&quot; and &quot;the worst.&quot; 
Trump, who was sworn in as president Jan. 20, also said in 2015 that Sgt. Bergdahl &quot;should be shot,&quot; and that &quot;in the good old days he would have been executed.&quot; 
The Associated Press reported that Bergdahl &quot;appeared to grit his teeth while defense attorneys played a video exhibit of President Donald Trump&apos;s scathing condemnation of the soldier,&quot; during Monday&apos;s hearing. 
&quot;Bergdahl&apos;s attorneys placed their hands on his shoulder at times while they played the video at a pretrial hearing Monday. They played several minutes of footage of Trump calling Bergdahl a &apos;traitor&apos; at different campaign and media appearances,&quot; the wire service reported. &quot;The judge, Army Col. Jeffery Nance, didn&apos;t immediately rule on the defense request, but called the footage ... &apos;disturbing material.&apos; &quot; 
In multiple public appearances, then-candidate Trump also said variously that five or six soldiers died during the search for Bergdahl. 
In 2014, then-Secretary of Defense Chuck Hagel told Congress that &quot;in all of our reports, I have seen no evidence that directly links any American combat death to the rescue or finding or search of Sgt. Bergdahl,&quot; The New York Times reported . 
Bergdahl was captured by the Taliban and held captive for more than five years until he was released in 2014 in exchange for five Taliban detainees who were being held at the military prison in Guantanamo Bay, Cuba. 
Army prosecutors allege he put the lives of other soldiers at risk by disappearing. Bergdahl could face life in prison if he is convicted. 
The trial is scheduled to begin April 18. Copyright 2017 NPR. To see more, visit http://www.npr.org/. © 2017 KUER
</topic_text>
<spam_score>0.00</spam_score>
<post_num>1</post_num>
<post_id>post-1</post_id>
<post_url>http://kuer.org/post/lawyers-bowe-bergdahl-say-he-cant-get-fair-trial-after-trump-criticisms</post_url>
<post_date>20170213</post_date>
<post_time>2007</post_time>
<username>Rebecca Hersher</username>
<post>
By Rebecca Hersher • 1 hour ago Army Sgt. Bowe Bergdahl at Fort Bragg, N.C. His defense team is arguing that he cannot get a fair trial after Donald Trump repeatedly called Bergdahl a traitor in public. Ted Richardson / AP Originally published on February 13, 2017 1:18 pm 
Army Sgt. Bowe Bergdahl appeared before a military judge for a hearing on Monday at Fort Bragg, N.C. He is charged with desertion and misbehavior before the enemy for leaving his base in Afghanistan in 2009. 
The defense is arguing that Bergdahl cannot get a fair trial because Donald Trump has personally commented on the case, including referring to Bergdahl as a traitor and insinuating that he should be thrown out of a plane without a parachute. 
Bergdahl&apos;s defense team submitted a motion to dismiss the charges last month, and included a list of more than 40 instances of Trump speaking publicly about Bergdahl, dating back to April 2015. 
According to the motion , Trump referred to Bergdahl as a traitor at least 45 times during the presidential campaign, specifically calling the sergeant a &quot;no-good traitor,&quot; a &quot;no-good, rotten traitor,&quot; a &quot;dirty, rotten traitor,&quot; a &quot;dirty, no-good traitor,&quot; a &quot;no-good, dirty, rotten traitor,&quot; a &quot;bum,&quot; a &quot;horrible traitor,&quot; a &quot;horrible, terrible, dirty, rotten traitor,&quot; a &quot;dirty, rotten deserter,&quot; a &quot;very bad person,&quot; a &quot;whack job,&quot; a &quot;son of a bitch&quot; and &quot;the worst.&quot; 
Trump, who was sworn in as president Jan. 20, also said in 2015 that Sgt. Bergdahl &quot;should be shot,&quot; and that &quot;in the good old days he would have been executed.&quot; 
The Associated Press reported that Bergdahl &quot;appeared to grit his teeth while defense attorneys played a video exhibit of President Donald Trump&apos;s scathing condemnation of the soldier,&quot; during Monday&apos;s hearing. 
&quot;Bergdahl&apos;s attorneys placed their hands on his shoulder at times while they played the video at a pretrial hearing Monday. They played several minutes of footage of Trump calling Bergdahl a &apos;traitor&apos; at different campaign and media appearances,&quot; the wire service reported. &quot;The judge, Army Col. Jeffery Nance, didn&apos;t immediately rule on the defense request, but called the footage ... &apos;disturbing material.&apos; &quot; 
In multiple public appearances, then-candidate Trump also said variously that five or six soldiers died during the search for Bergdahl. 
In 2014, then-Secretary of Defense Chuck Hagel told Congress that &quot;in all of our reports, I have seen no evidence that directly links any American combat death to the rescue or finding or search of Sgt. Bergdahl,&quot; The New York Times reported . 
Bergdahl was captured by the Taliban and held captive for more than five years until he was released in 2014 in exchange for five Taliban detainees who were being held at the military prison in Guantanamo Bay, Cuba. 
Army prosecutors allege he put the lives of other soldiers at risk by disappearing. Bergdahl could face life in prison if he is convicted. 
The trial is scheduled to begin April 18. Copyright 2017 NPR. To see more, visit http://www.npr.org/. © 2017 KUER
</post>
<signature>

</signature>
<external_links>

</external_links>
<country>US</country>
<main_image>http://mediad.publicbroadcasting.net/p/shared/npr/styles/medium/nprshared/201702/515010173.jpg</main_image>
<rating></rating>
</document>
