<?xml version="1.0" encoding="UTF-8"?>
<document>
<type>mainstream</type>
<forum>http://dony.ru/rss.xml</forum>
<forum_title>Электронная библиотека Dony</forum_title>
<discussion_title>Мишель Пейвер - Хроники темных времен (6 книг)</discussion_title>
<language>russian</language>
<gmt_offset></gmt_offset>
<topic_url>http://dony.ru/book/fantasy/683989-mishel-peyver-hroniki-temnyh-vremen-6-knig.html</topic_url>
<topic_text>
Здравствуйте! Пожалуйста, авторизируйтесь. Забыли пароль? Поиск по сайту Чтобы сразу найти то, что вам нужно, введите ключевое слово в форму. Если вам потребуется более точный поиск, воспользуйтесь опцией « расширенного поиска ». Фантастика » Скачать Мишель Пейвер - Хроники темных времен (6 книг) бесплатно &lt;&gt; 14 февраль 2017 01:30:12 0 0 Мишель Пейвер переносит нас в удивительный мир, который существовал шесть тысяч лет назад. В те далекие времена люди могли рассчитывать только на благосклонность духов, преданность друзей и силу своих рук. Но духи разгневались, и сбылось древнее пророчество: &quot;Тень упадет на Лес. И никто не сможет противостоять ей...&quot; Тень появилась в обличье медведя, в которого вселился демон уничтожения. Почему для исполнения второй части предсказания, дарующей Лесу надежду, духи избрали маленького охотника Торака? Он не принадлежит ни к одному из племен, у него нет родных, за него некому заступиться, кроме отчаянно одинокого волчонка, который обрел в мальчике брата...&quot;Брат Волк&quot; был переведен на 33 языка и номинирован сразу на несколько премий. Студия 20th Century Fox выкупила права на экранизацию романа.В серию Хроники темных времен входят шесть романов. Список книг: 1. Брат Волк2. Сердце Волка3. Пожиратель душ4. Изгнанник5. Клятвопреступник6. Охота на духов Информация о книге: Название : Хроники темных времен (6 книг) Автор : Мишель Пейвер Язык : русский Издательство : Росмэн-Пресс Жанр : фантастика Год : fb2 Качество: e-book Страниц : 6 книг Размер : 11,1 Мб
</topic_text>
<spam_score>0.00</spam_score>
<post_num>1</post_num>
<post_id>post-1</post_id>
<post_url>http://dony.ru/book/fantasy/683989-mishel-peyver-hroniki-temnyh-vremen-6-knig.html</post_url>
<post_date>20170213</post_date>
<post_time>2130</post_time>
<username>strok10</username>
<post>
Здравствуйте! Пожалуйста, авторизируйтесь. Забыли пароль? Поиск по сайту Чтобы сразу найти то, что вам нужно, введите ключевое слово в форму. Если вам потребуется более точный поиск, воспользуйтесь опцией « расширенного поиска ». Фантастика » Скачать Мишель Пейвер - Хроники темных времен (6 книг) бесплатно &lt;&gt; 14 февраль 2017 01:30:12 0 0 Мишель Пейвер переносит нас в удивительный мир, который существовал шесть тысяч лет назад. В те далекие времена люди могли рассчитывать только на благосклонность духов, преданность друзей и силу своих рук. Но духи разгневались, и сбылось древнее пророчество: &quot;Тень упадет на Лес. И никто не сможет противостоять ей...&quot; Тень появилась в обличье медведя, в которого вселился демон уничтожения. Почему для исполнения второй части предсказания, дарующей Лесу надежду, духи избрали маленького охотника Торака? Он не принадлежит ни к одному из племен, у него нет родных, за него некому заступиться, кроме отчаянно одинокого волчонка, который обрел в мальчике брата...&quot;Брат Волк&quot; был переведен на 33 языка и номинирован сразу на несколько премий. Студия 20th Century Fox выкупила права на экранизацию романа.В серию Хроники темных времен входят шесть романов. Список книг: 1. Брат Волк2. Сердце Волка3. Пожиратель душ4. Изгнанник5. Клятвопреступник6. Охота на духов Информация о книге: Название : Хроники темных времен (6 книг) Автор : Мишель Пейвер Язык : русский Издательство : Росмэн-Пресс Жанр : фантастика Год : fb2 Качество: e-book Страниц : 6 книг Размер : 11,1 Мб
</post>
<signature>

</signature>
<external_links>

</external_links>
<country>RU</country>
<main_image>http://dony.ru/uploads/posts/2017-02/1487021509_1681.mishelj_pejver___hroniki_temnih_vremen__6_knig_.jpg</main_image>
<rating></rating>
</document>
