<?xml version="1.0" encoding="UTF-8"?>
<document>
<type>mainstream</type>
<forum>http://abcbourse.com//RSS/displaynewsrss.aspx</forum>
<forum_title>L&apos;actualité des marchés avec Abcbourse.com</forum_title>
<discussion_title>Trump veut &quot;ajuster&quot; les relations commerciales avec le Canada</discussion_title>
<language>french</language>
<gmt_offset></gmt_offset>
<topic_url>http://www.abcbourse.com/marches/trump-veut-ajuster-les-relations-commerciales-avec-le-canada_388741_PX1p.aspx</topic_url>
<topic_text>
4 888,19 
1,24% Le président américain Donald Trump et le Premier ministre canadien Justin Trudeau à Washington, le 13 février 2017 (AFP/SAUL LOEB) 
Le président américain Donald Trump a appelé lundi à un &quot;ajustement&quot; des relations commerciales avec le Canada, promettant également de construire de nouveaux &quot;ponts&quot; économiques entre les deux pays. 
&quot;Nous entretenons des relations commerciales exceptionnelles avec le Canada. Nous allons les ajuster. Nous ferons certaines choses qui bénéficieront à nos deux pays&quot;, a déclaré M. Trump lors d&apos;une conférence de presse conjointe à la Maison Blanche avec le Premier ministre canadien Justin Trudeau. 
&quot;Nos deux pays sont plus forts quand nous unissons nos forces en matière de commerce international&quot;, a ajouté le président américain, saluant la perspective de &quot;construire encore plus de ponts&quot; commerciaux avec le Canada. 
Ces propos semblent atténuer --tout au moins avec le Canada-- la rhétorique anti-libre échange développée par le milliardaire républicain, qui a promis de placer &quot;l&apos;Amérique d&apos;abord&quot; et de remettre en cause l&apos;Accord de libre-échange nord-américain (Aléna) --entre les Etats-unis, le Canada et le Mexique-- qu&apos;il considère comme une &quot;catastrophe&quot; pour les emplois américains. 
La situation avec la Canada &quot;est beaucoup moins grave que ce qui se passe à la frontière sud&quot;, a lancé Donald Trump, évoquant le Mexique. 
&quot;A la frontière sud, depuis de nombreuses, nombreuses années, les échanges ne sont pas équitables pour les Etats-unis. Ce sont des échanges extrêmement injustes&quot;, a-t-il ajouté. 
La renégociation de l&apos;Aléna promet toutefois d&apos;être très complexe et Justin Trudeau, fervent partisan du libre-échange, a souligné l&apos;importance de cet accord tripartite pour l&apos;économie du Canada et a mis en garde contre le protectionnisme. 
Les liens économiques entre les Etats-unis et leur voisin du Nord, qui partagent la plus longue frontière commune au monde, sont profonds: les trois-quarts des exportations du Canada vont aux Etats-Unis et le Canada est la première destination des exportations d&apos;une trentaine d&apos;Etats américains. 
Les deux nations &quot;resteront toujours le partenaire le plus important de l&apos;autre&quot;, a souligné M. Trudeau. 
&quot;Les discussions d&apos;aujourd&apos;hui ont contribué à renforcer l&apos;importance (de ce lien) pour les Canadiens et les Américains&quot;, a-t-il ajouté. 
 
</topic_text>
<spam_score>0.00</spam_score>
<post_num>1</post_num>
<post_id>post-1</post_id>
<post_url>http://www.abcbourse.com/marches/trump-veut-ajuster-les-relations-commerciales-avec-le-canada_388741_PX1p.aspx</post_url>
<post_date>20170213</post_date>
<post_time>2130</post_time>
<username></username>
<post>
4 888,19 
1,24% Le président américain Donald Trump et le Premier ministre canadien Justin Trudeau à Washington, le 13 février 2017 (AFP/SAUL LOEB) 
Le président américain Donald Trump a appelé lundi à un &quot;ajustement&quot; des relations commerciales avec le Canada, promettant également de construire de nouveaux &quot;ponts&quot; économiques entre les deux pays. 
&quot;Nous entretenons des relations commerciales exceptionnelles avec le Canada. Nous allons les ajuster. Nous ferons certaines choses qui bénéficieront à nos deux pays&quot;, a déclaré M. Trump lors d&apos;une conférence de presse conjointe à la Maison Blanche avec le Premier ministre canadien Justin Trudeau. 
&quot;Nos deux pays sont plus forts quand nous unissons nos forces en matière de commerce international&quot;, a ajouté le président américain, saluant la perspective de &quot;construire encore plus de ponts&quot; commerciaux avec le Canada. 
Ces propos semblent atténuer --tout au moins avec le Canada-- la rhétorique anti-libre échange développée par le milliardaire républicain, qui a promis de placer &quot;l&apos;Amérique d&apos;abord&quot; et de remettre en cause l&apos;Accord de libre-échange nord-américain (Aléna) --entre les Etats-unis, le Canada et le Mexique-- qu&apos;il considère comme une &quot;catastrophe&quot; pour les emplois américains. 
La situation avec la Canada &quot;est beaucoup moins grave que ce qui se passe à la frontière sud&quot;, a lancé Donald Trump, évoquant le Mexique. 
&quot;A la frontière sud, depuis de nombreuses, nombreuses années, les échanges ne sont pas équitables pour les Etats-unis. Ce sont des échanges extrêmement injustes&quot;, a-t-il ajouté. 
La renégociation de l&apos;Aléna promet toutefois d&apos;être très complexe et Justin Trudeau, fervent partisan du libre-échange, a souligné l&apos;importance de cet accord tripartite pour l&apos;économie du Canada et a mis en garde contre le protectionnisme. 
Les liens économiques entre les Etats-unis et leur voisin du Nord, qui partagent la plus longue frontière commune au monde, sont profonds: les trois-quarts des exportations du Canada vont aux Etats-Unis et le Canada est la première destination des exportations d&apos;une trentaine d&apos;Etats américains. 
Les deux nations &quot;resteront toujours le partenaire le plus important de l&apos;autre&quot;, a souligné M. Trudeau. 
&quot;Les discussions d&apos;aujourd&apos;hui ont contribué à renforcer l&apos;importance (de ce lien) pour les Canadiens et les Américains&quot;, a-t-il ajouté. 
 
</post>
<signature>

</signature>
<external_links>

</external_links>
<country>FR</country>
<main_image>http://www.abcbourse.com/img/9ad8809d86b4e4fc75d1e4ec9e7696c0a58f7390.jpg</main_image>
<rating></rating>
</document>
