<?xml version="1.0" encoding="UTF-8"?>
<document>
<type>mainstream</type>
<forum></forum>
<forum_title></forum_title>
<discussion_title>H2 Strain marijuana review</discussion_title>
<language>english</language>
<gmt_offset></gmt_offset>
<topic_url>http://www.thecannabist.co/2017/02/13/h2-strain-marijuana-review/72686/</topic_url>
<topic_text>
A sample of the H2 strain, purchased at Colorado shop Good Chemistry. (Jake Browne, The Cannabist) H2 (marijuana review) The ideal strain for the canna-curious, this entry-level bud shines in joints you can actually finish without feeling anxious or paranoid Published: Feb 13, 2017, 7:41 am • Updated: By Jake Browne , The Cannabist Staff 
For most of us, our first experiences getting high weren’t with connoisseur-grade cannabis, artisanally grown by a team of professionals before it was hand trimmed and delivered by a security professional to a state-licensed facility. 
I’d wager my first bag came from a pound smashed into a brick and shoved into the panel of a van that snuck it over a border. 
While times may have changed, the fact that a few hits of that schwag got me higher than a Shaquille O’Neal booger hasn’t. 
More than the quality, it was the experience of passing a joint that we clumsily rolled that felt unifying, and I’ve since been looking for a bridge to that past: low-THC weed that tastes like gasoline because of the genetics , not because it was taped next to an actual gas tank. 
This led me to Good Chemistry, where a new phenotype of Harlequin called H2 has hit the shelves, with this batch coming in at 15.5 percent CBD and a scant 7 percent THC. My only goal: to smoke a joint of it to the face and see how I fared. 
H2 by the numbers: $8/gram, $150/ounce at Good Chemistry , 330 East Colfax in Denver. 
The knock on high-CBD strains is the lack of terpenes that give different strains of cannabis their unique flavor, as they tend to be more utilitarian and less stimulating to the palette. In a previous review of Harlequin — which I stuffed full of information on the strain’s heritage that I won’t rehash here — I mention a variety of notes I picked up on, but none of them are “robust.” 
In their latest iteration, the H2 gains the bright sweetness of fresh berries and aloof tartness of unripened lemon to stand up to the oak and pepper, making it a well-rounded smoke. Trichome production has a good deal to do with the change: If the Harlequin trichs were the crowd at Trump’s inauguration, the H2 is the Women’s March. More cannabis criticism 
</topic_text>
<spam_score>0.24</spam_score>
<post_num>1</post_num>
<post_id>post-1</post_id>
<post_url>http://www.thecannabist.co/2017/02/13/h2-strain-marijuana-review/72686/</post_url>
<post_date>20170213</post_date>
<post_time></post_time>
<username>Jake Browne</username>
<post>
A sample of the H2 strain, purchased at Colorado shop Good Chemistry. (Jake Browne, The Cannabist) H2 (marijuana review) The ideal strain for the canna-curious, this entry-level bud shines in joints you can actually finish without feeling anxious or paranoid Published: Feb 13, 2017, 7:41 am • Updated: By Jake Browne , The Cannabist Staff 
For most of us, our first experiences getting high weren’t with connoisseur-grade cannabis, artisanally grown by a team of professionals before it was hand trimmed and delivered by a security professional to a state-licensed facility. 
I’d wager my first bag came from a pound smashed into a brick and shoved into the panel of a van that snuck it over a border. 
While times may have changed, the fact that a few hits of that schwag got me higher than a Shaquille O’Neal booger hasn’t. 
More than the quality, it was the experience of passing a joint that we clumsily rolled that felt unifying, and I’ve since been looking for a bridge to that past: low-THC weed that tastes like gasoline because of the genetics , not because it was taped next to an actual gas tank. 
This led me to Good Chemistry, where a new phenotype of Harlequin called H2 has hit the shelves, with this batch coming in at 15.5 percent CBD and a scant 7 percent THC. My only goal: to smoke a joint of it to the face and see how I fared. 
H2 by the numbers: $8/gram, $150/ounce at Good Chemistry , 330 East Colfax in Denver. 
The knock on high-CBD strains is the lack of terpenes that give different strains of cannabis their unique flavor, as they tend to be more utilitarian and less stimulating to the palette. In a previous review of Harlequin — which I stuffed full of information on the strain’s heritage that I won’t rehash here — I mention a variety of notes I picked up on, but none of them are “robust.” 
In their latest iteration, the H2 gains the bright sweetness of fresh berries and aloof tartness of unripened lemon to stand up to the oak and pepper, making it a well-rounded smoke. Trichome production has a good deal to do with the change: If the Harlequin trichs were the crowd at Trump’s inauguration, the H2 is the Women’s March. More cannabis criticism 
</post>
<signature>

</signature>
<external_links>

</external_links>
<country>US</country>
<main_image>http://www.thecannabist.co/wp-content/uploads/2017/02/h2-strain-marijuana-review-high-cbd-800x496.jpg</main_image>
<rating></rating>
</document>
