<?xml version="1.0" encoding="UTF-8"?>
<document>
<type>mainstream</type>
<forum>http://www.atlasinfo.fr/xml/atom.xml</forum>
<forum_title>Atlasinfo.fr: l&apos;essentiel de l&apos;actualité de la France et du Maghreb</forum_title>
<discussion_title>Le Maroc abrite du 17 au 19 février un colloque international sur le radicalisme</discussion_title>
<language>french</language>
<gmt_offset></gmt_offset>
<topic_url>http://www.atlasinfo.fr/Le-Maroc-abrite-du-17-au-19-fevrier-un-colloque-international-sur-le-radicalisme_a79470.html</topic_url>
<topic_text>
Le Maroc abrite du 17 au 19 février un colloque international sur le radicalisme   22:31 Autres articles 3è rencontre du groupe de travail chargé de la coopération économique entre le Maroc et les pays du CCG, les 14 et 15 février à Rabat &quot;Les nouveaux territoires de l&apos;identité : la fabrication du radicalisme&quot; est le thème d&apos;un colloque international qui sera organisé du 17 au 19 février à Fès. Au programme de cette rencontre, initiée sous le Haut Patronage du Roi Mohammed VI, figurent des interventions sur des thématiques aussi riches que variées tels que &quot;Radicalisme et fracture sociale&quot;, &quot;Théologie et spiritualité face au radicalisme&quot;, &quot;Religion et politique&quot; ou encore &quot;Clinique de la radicalisation, comment s&apos;en sortir?&quot;. Selon les organisateurs, la grande originalité de ce colloque est de pouvoir réunir des spécialistes de renommée mondiale dans différents disciplines et domaines de recherche pour tenter de comprendre dans ses racines l&apos;émergence du phénomène de l&apos;extrémisme dans nos sociétés actuelles, que celui-ci soit de nature populiste ou religieuse. Dounia Bouzar, Ahmed Abbadi, Assia Alaoui Bensalah, Mohammed Tozy, Salma Belaala, Pierre Christophe Cathelineau, Abdellah Ouazzani, Rachid Benzine, Courtney Edwin, Driss Fassi-Fihri, Victor Palleja de Bustinza et Josh Martin figurent parmi les nombreuses personnalités participant à cette rencontre. Ce Colloque est organisé par le Centre International de Dialogue et de Recherches sur les Identités Subjectives et Sociales Centre (IDRISS) dont les deux présidents fondateurs sont l&apos;anthropologue et président du Festival de la Culture Soufie, Faouzi Skali et l&apos;éminent psychiatre et chercheur, Charles Melman. Dans une note de présentation du colloque, les organisateurs rappellent le Discours royal du 20 août 2016 dans lequel le Souverain avait souligné que &quot;face à la prolifération des obscurantismes répandus au nom de la religion, tous, musulmans, chrétiens et juifs, doivent dresser un front commun pour contrecarrer le fanatisme, la haine et le repli sur soi sous toutes ses formes&quot;. C&apos;est en s&apos;inscrivant dans cette perspective que les participants à ce colloque, théologiens, psychiatres et psychologues, politologues et islamologues, cherchent avant tout à cerner et comprendre un phénomène complexe dont les causes sont multiples et concomitantes. Le Centre IDRISS vise à développer une méthode d&apos;approche de &quot;Recherche-Action&quot;, qui permette, au-delà de la dimension sécuritaire de proposer des solutions basées sur des expériences de terrain et une compréhension objective -pour mieux les déconstruire- des discours et des idéologies basés sur la haine et l&apos;extrémisme violent, qui touchent aujourd&apos;hui des jeunes de tous les pays et de toutes les cultures. Avec map
</topic_text>
<spam_score>0.00</spam_score>
<post_num>1</post_num>
<post_id>post-1</post_id>
<post_url>http://www.atlasinfo.fr/Le-Maroc-abrite-du-17-au-19-fevrier-un-colloque-international-sur-le-radicalisme_a79470.html</post_url>
<post_date>20170213</post_date>
<post_time>2131</post_time>
<username>Atlasinfo</username>
<post>
Le Maroc abrite du 17 au 19 février un colloque international sur le radicalisme   22:31 Autres articles 3è rencontre du groupe de travail chargé de la coopération économique entre le Maroc et les pays du CCG, les 14 et 15 février à Rabat &quot;Les nouveaux territoires de l&apos;identité : la fabrication du radicalisme&quot; est le thème d&apos;un colloque international qui sera organisé du 17 au 19 février à Fès. Au programme de cette rencontre, initiée sous le Haut Patronage du Roi Mohammed VI, figurent des interventions sur des thématiques aussi riches que variées tels que &quot;Radicalisme et fracture sociale&quot;, &quot;Théologie et spiritualité face au radicalisme&quot;, &quot;Religion et politique&quot; ou encore &quot;Clinique de la radicalisation, comment s&apos;en sortir?&quot;. Selon les organisateurs, la grande originalité de ce colloque est de pouvoir réunir des spécialistes de renommée mondiale dans différents disciplines et domaines de recherche pour tenter de comprendre dans ses racines l&apos;émergence du phénomène de l&apos;extrémisme dans nos sociétés actuelles, que celui-ci soit de nature populiste ou religieuse. Dounia Bouzar, Ahmed Abbadi, Assia Alaoui Bensalah, Mohammed Tozy, Salma Belaala, Pierre Christophe Cathelineau, Abdellah Ouazzani, Rachid Benzine, Courtney Edwin, Driss Fassi-Fihri, Victor Palleja de Bustinza et Josh Martin figurent parmi les nombreuses personnalités participant à cette rencontre. Ce Colloque est organisé par le Centre International de Dialogue et de Recherches sur les Identités Subjectives et Sociales Centre (IDRISS) dont les deux présidents fondateurs sont l&apos;anthropologue et président du Festival de la Culture Soufie, Faouzi Skali et l&apos;éminent psychiatre et chercheur, Charles Melman. Dans une note de présentation du colloque, les organisateurs rappellent le Discours royal du 20 août 2016 dans lequel le Souverain avait souligné que &quot;face à la prolifération des obscurantismes répandus au nom de la religion, tous, musulmans, chrétiens et juifs, doivent dresser un front commun pour contrecarrer le fanatisme, la haine et le repli sur soi sous toutes ses formes&quot;. C&apos;est en s&apos;inscrivant dans cette perspective que les participants à ce colloque, théologiens, psychiatres et psychologues, politologues et islamologues, cherchent avant tout à cerner et comprendre un phénomène complexe dont les causes sont multiples et concomitantes. Le Centre IDRISS vise à développer une méthode d&apos;approche de &quot;Recherche-Action&quot;, qui permette, au-delà de la dimension sécuritaire de proposer des solutions basées sur des expériences de terrain et une compréhension objective -pour mieux les déconstruire- des discours et des idéologies basés sur la haine et l&apos;extrémisme violent, qui touchent aujourd&apos;hui des jeunes de tous les pays et de toutes les cultures. Avec map
</post>
<signature>

</signature>
<external_links>

</external_links>
<country>FR</country>
<main_image>http://www.atlasinfo.fr/var/style/logo.jpg?v=1463296153</main_image>
<rating></rating>
</document>
