<?xml version="1.0" encoding="UTF-8"?>
<document>
<type>mainstream</type>
<forum>http://www.breitbart.com/big-government/</forum>
<forum_title>Big Government Articles - Breitbart</forum_title>
<discussion_title>Exclusive: Sen. Joe Manchin Joins Effort to Revoke Social Security Rule Suspending Beneficiaries&apos; Gun Rights Without Due Process</discussion_title>
<language>english</language>
<gmt_offset>-6</gmt_offset>
<topic_url>http://www.breitbart.com/big-government/2017/02/13/manchin-joins-effort-to-revoke-social-security-rule-disarming-beneficiaries/</topic_url>
<topic_text>
Exclusive: Sen. Joe Manchin Joins Effort to Revoke Social Security Rule Suspending Beneficiaries’ Gun Rights Without Due Process Dave Martin/AP by Neil W. McCabe 13 Feb 2017 Capitol Hill 0
13 Feb, 2017 13 Feb, 2017 SIGN UP FOR OUR NEWSLETTER
West Virginia Democrat Sen. Joe Manchin told Breitbart News he is voting to overturn the Social Security Administration practice of reporting benefit recipients to the National Instant Criminal Check System, the no-buy database for firearm purchases, without a court order or ruling declaring the individual a danger to themselves or others. Manchin said it is unjust to have a different standard for people simply because they receive Social Security benefits.
SIGN UP FOR OUR NEWSLETTER
Other Americans cannot be blocked from buying a firearm through a NCIS background without a judicial ruling, he said. “This should be the standard that all citizens face before their names are added to the NICS list.”
A resolution of congressional disapproval is legislation that invalidates an administration rule or regulation, which passes both houses of Congress and is signed by the president.
The Social Security Administration rule for submitting names to NCIS was posted Dec. 19 , within the 60 legislative days required for Congress to overturn the rule. The House version passed the lower chamber Feb. 2, 235-180, and was sponsored by Rep. Sam J0hnson (R.-Texas) .
After passing the House, the bill was delivered to the Senate, where it awaits action. A resolution of congressional disapproval is a privileged motion, so it does not have to be reported to the floor by a committee and there is no 60-vote required to end debate.
Read More Stories About: 2nd Amendment , Big Government , Congress , firearm purchases , National Instant Criminal Check System , ncis , Rep. Sam Johnson , Sen. Joe Manchin , Social Security Administration , West Virginia
</topic_text>
<spam_score>0.00</spam_score>
<post_num>9</post_num>
<post_id>post-9</post_id>
<post_url>http://www.breitbart.com/big-government/2017/02/13/manchin-joins-effort-to-revoke-social-security-rule-disarming-beneficiaries/</post_url>
<post_date>20170213</post_date>
<post_time>1620</post_time>
<username>AP</username>
<post>
Well they seem to be able to vote so why not keep their gun privileges as long as they vote Democrat, should be no problem
</post>
<signature>

</signature>
<external_links>

</external_links>
<country>US</country>
<main_image>http://media.breitbart.com/media/2015/03/Mancin.jpg</main_image>
<rating></rating>
</document>
