<?xml version="1.0" encoding="UTF-8"?>
<document>
<type>mainstream</type>
<forum>http://www.watchinga.com/il/shopping/gifts.rss?utm_source=watchinga&amp;utm_medium=categorypage&amp;utm_term=gowatchinga_gifts&amp;utm_content=shopping&amp;utm_campaign=rssfeed</forum>
<forum_title>Gifts &amp; Coupon Shopping on Watchinga</forum_title>
<discussion_title>Hot! Free Hatsune Miku Anime gift MIKU Tell Your World Miku Figure No Box 21cm</discussion_title>
<language>english</language>
<gmt_offset></gmt_offset>
<topic_url>http://www.ebay.com/itm/like/Hot! Free  Hatsune Miku Anime gift MIKU Tell Your World Miku Figure No Box 21cm /201818203293</topic_url>
<topic_text>
Image not available Photos not available for this variation Hot! Free Hatsune Miku Anime gift MIKU Tell Your World Miku Figure No Box 21cm Condition: Time left: 4d 23h 56m $1.00 Estimated Mar. 7- Mar. 28 From:China Mar. 7 - Mar. 28 Est. Delivery 14 days Returns Published by limogesboutique How to Know if a Limoges Box has High Value ???? 
CHOOSING WHICH LIMOGES BOXes TO PURCHASE Limoges boxes are the representation of French artistry and grace at a minuscule form. Limoges fine white porcelain trinket boxes with their splendid hand-painting... Published by haasiegirl Give Gifts From Christmas Past 
Giving Gifts From Your Childhood Every single one of us can look back and reminisce about a certain toy or item from our childhood. These items have the power to bring back the magical feeling of Christmas... Published by Top 10 Father s Day Gifts for the Geek Dad 
When it comes to Father s Day gifts, not all dads are the stereotypical sports-loving, outdoor adventurer type. Geek dads don t necessarily wear ties when they go off to work in their IT departments or...
</topic_text>
<spam_score>0.00</spam_score>
<post_num>1</post_num>
<post_id>post-1</post_id>
<post_url>http://www.ebay.com/itm/like/Hot! Free  Hatsune Miku Anime gift MIKU Tell Your World Miku Figure No Box 21cm /201818203293</post_url>
<post_date>20170213</post_date>
<post_time>1532</post_time>
<username></username>
<post>
Image not available Photos not available for this variation Hot! Free Hatsune Miku Anime gift MIKU Tell Your World Miku Figure No Box 21cm Condition: Time left: 4d 23h 56m $1.00 Estimated Mar. 7- Mar. 28 From:China Mar. 7 - Mar. 28 Est. Delivery 14 days Returns Published by limogesboutique How to Know if a Limoges Box has High Value ???? 
CHOOSING WHICH LIMOGES BOXes TO PURCHASE Limoges boxes are the representation of French artistry and grace at a minuscule form. Limoges fine white porcelain trinket boxes with their splendid hand-painting... Published by haasiegirl Give Gifts From Christmas Past 
Giving Gifts From Your Childhood Every single one of us can look back and reminisce about a certain toy or item from our childhood. These items have the power to bring back the magical feeling of Christmas... Published by Top 10 Father s Day Gifts for the Geek Dad 
When it comes to Father s Day gifts, not all dads are the stereotypical sports-loving, outdoor adventurer type. Geek dads don t necessarily wear ties when they go off to work in their IT departments or...
</post>
<signature>

</signature>
<external_links>

</external_links>
<country>US</country>
<main_image>http://i.ebayimg.com/00/s/NTQ3WDU1MA==/z/KooAAOSwr7ZW3LG-/$_1.JPG?set_id=880000500F</main_image>
<rating></rating>
</document>
