<?xml version="1.0" encoding="UTF-8"?>
<document>
<type>mainstream</type>
<forum>http://tsn.ua/rss/groshi</forum>
<forum_title>Новини на tsn.ua</forum_title>
<discussion_title>Дивіться онлайн програму &quot;Гроші&quot; на ТСН.ua</discussion_title>
<language>ukrainian</language>
<gmt_offset></gmt_offset>
<topic_url>https://tsn.ua/groshi/divitsya-nazhivo-na-tsn-ua-programu-groshi.html</topic_url>
<topic_text>
Дивіться онлайн програму &quot;Гроші&quot; на ТСН.ua © ТСН.ua На &quot;1+1&quot; стартує новий випуск програми. Спецпроект телеканалу &quot;1+1&quot; розслідує найактуальніші економічні та фінансові проблеми країни.
</topic_text>
<spam_score>0.00</spam_score>
<post_num>1</post_num>
<post_id>post-1</post_id>
<post_url>https://tsn.ua/groshi/divitsya-nazhivo-na-tsn-ua-programu-groshi.html</post_url>
<post_date>20170213</post_date>
<post_time>1955</post_time>
<username></username>
<post>
Дивіться онлайн програму &quot;Гроші&quot; на ТСН.ua © ТСН.ua На &quot;1+1&quot; стартує новий випуск програми. Спецпроект телеканалу &quot;1+1&quot; розслідує найактуальніші економічні та фінансові проблеми країни.
</post>
<signature>

</signature>
<external_links>

</external_links>
<country>UA</country>
<main_image>https://image.tsn.ua/media/images2/608xX/Sep2012/383675588.jpg</main_image>
<rating></rating>
</document>
