<?xml version="1.0" encoding="UTF-8"?>
<document>
<type>mainstream</type>
<forum>http://www.ccenterdispatch.com//search/?q=&amp;t=article&amp;l=100&amp;d=&amp;d1=&amp;d2=&amp;s=start_time&amp;sd=desc&amp;c[]=news,news/*&amp;f=rss</forum>
<forum_title>Clay Center Dispatch On-Line - news,news/</forum_title>
<discussion_title>Military to destroy unexploded ordnance at Plum Tree Island</discussion_title>
<language>english</language>
<gmt_offset></gmt_offset>
<topic_url>http://www.ccenterdispatch.com/news/state/article_e833df63-fb06-5f09-b934-6d940a44848f.html</topic_url>
<topic_text>
Military to destroy unexploded ordnance at Plum Tree Island Associated Press | 0 comments 
POQUOSON, Va. (AP) — Military officials say the 633rd Civil Engineering Squadron will destroy three unexploded ordnance devices on Plum Tree Island National Wildlife Refuge. 
Joint Base Langley-Eustis says in a news release that airmen will destroy the devices Tuesday from 2 p.m. to 5 p.m. Residents in nearby communities may hear explosions. Officials say one device is a rocket warhead and other two are aircraft floats designed to be water-activated marine markers. 
According to the U.S. Fish and Wildlife Service website, the U.S. military used Plum Tree Island for bombing practice from 1917 to the late 1950s. The service manages the refuge, which is closed to the public.
</topic_text>
<spam_score>0.00</spam_score>
<post_num>1</post_num>
<post_id>post-1</post_id>
<post_url>http://www.ccenterdispatch.com/news/state/article_e833df63-fb06-5f09-b934-6d940a44848f.html</post_url>
<post_date>20170213</post_date>
<post_time>1940</post_time>
<username></username>
<post>
Military to destroy unexploded ordnance at Plum Tree Island Associated Press | 0 comments 
POQUOSON, Va. (AP) — Military officials say the 633rd Civil Engineering Squadron will destroy three unexploded ordnance devices on Plum Tree Island National Wildlife Refuge. 
Joint Base Langley-Eustis says in a news release that airmen will destroy the devices Tuesday from 2 p.m. to 5 p.m. Residents in nearby communities may hear explosions. Officials say one device is a rocket warhead and other two are aircraft floats designed to be water-activated marine markers. 
According to the U.S. Fish and Wildlife Service website, the U.S. military used Plum Tree Island for bombing practice from 1917 to the late 1950s. The service manages the refuge, which is closed to the public.
</post>
<signature>

</signature>
<external_links>

</external_links>
<country>US</country>
<main_image>http://www.ccenterdispatch.com/app/dispatchlogoFACEBOOK.jpg</main_image>
<rating></rating>
</document>
