<?xml version="1.0" encoding="UTF-8"?>
<document>
<type>mainstream</type>
<forum>http://finance.yahoo.com/rss/AerospaceDefenseProductsServices</forum>
<forum_title>Yahoo! Finance: Aerospace/Defense Products &amp; Services Industry News</forum_title>
<discussion_title>L3 Increases Quarterly Dividend</discussion_title>
<language>english</language>
<gmt_offset></gmt_offset>
<topic_url>http://finance.yahoo.com/news/l3-increases-quarterly-dividend-190500117.html</topic_url>
<topic_text>
Share NEW YORK--(BUSINESS WIRE)-- L3 Technologies ( LLL ) announced today that its Board of Directors has increased the company’s regular quarterly cash dividend from $0.70 to $0.75 per share. The Board has also declared the next dividend payable on March 15, 2017 to shareholders of record at the close of business on March 1, 2017. “This is L3’s 13 th consecutive annual dividend increase, reflecting the Board’s continued confidence in our financial position and outlook as we execute on our strategic growth initiatives,” said Michael T. Strianese, L3’s Chairman and Chief Executive Officer. “Our strong operational performance and free cash flow provide us with the flexibility to maintain a disciplined and opportunistic approach to capital deployment, and we will continue to focus on increasing shareholder value.” Headquartered in New York City, L3 Technologies employs approximately 38,000 people worldwide and is a leading provider of a broad range of communication and electronic systems and products used on military, homeland security and commercial platforms. L3 is also a prime contractor in aerospace systems, security and detection systems, and pilot training. The company reported 2016 sales of $10.5 billion. To learn more about L3, please visit the company’s website at www.L3T.com . L3 uses its website as a channel of distribution of material company information. Financial and other material information regarding L3 is routinely posted on the company’s website and is readily accessible. Safe Harbor Statement Under the Private Securities Litigation Reform Act of 1995 Except for historical information contained herein, the matters set forth in this news release are forward-looking statements. Statements that are predictive in nature, that depend upon or refer to events or conditions or that include words such as “expects,” “anticipates,” “intends,” “plans,” “believes,” “estimates,” “will,” “could” and similar expressions are forward-looking statements. The forward-looking statements set forth above involve a number of risks and uncertainties that could cause actual results to differ materially from any such statement, including the risks and uncertainties discussed in the company’s Safe Harbor Compliance Statement for Forward-Looking Statements included in the company’s recent filings, including Forms 10-K and 10-Q, with the Securities and Exchange Commission. The forward-looking statements speak only as of the date made, and the company undertakes no obligation to update these forward-looking statements. View source version on businesswire.com: http://www.businesswire.com/news/home/20170213006021/en/ Reblog
</topic_text>
<spam_score>0.00</spam_score>
<post_num>1</post_num>
<post_id>post-1</post_id>
<post_url>http://finance.yahoo.com/news/l3-increases-quarterly-dividend-190500117.html</post_url>
<post_date>20170213</post_date>
<post_time>1905</post_time>
<username></username>
<post>
Share NEW YORK--(BUSINESS WIRE)-- L3 Technologies ( LLL ) announced today that its Board of Directors has increased the company’s regular quarterly cash dividend from $0.70 to $0.75 per share. The Board has also declared the next dividend payable on March 15, 2017 to shareholders of record at the close of business on March 1, 2017. “This is L3’s 13 th consecutive annual dividend increase, reflecting the Board’s continued confidence in our financial position and outlook as we execute on our strategic growth initiatives,” said Michael T. Strianese, L3’s Chairman and Chief Executive Officer. “Our strong operational performance and free cash flow provide us with the flexibility to maintain a disciplined and opportunistic approach to capital deployment, and we will continue to focus on increasing shareholder value.” Headquartered in New York City, L3 Technologies employs approximately 38,000 people worldwide and is a leading provider of a broad range of communication and electronic systems and products used on military, homeland security and commercial platforms. L3 is also a prime contractor in aerospace systems, security and detection systems, and pilot training. The company reported 2016 sales of $10.5 billion. To learn more about L3, please visit the company’s website at www.L3T.com . L3 uses its website as a channel of distribution of material company information. Financial and other material information regarding L3 is routinely posted on the company’s website and is readily accessible. Safe Harbor Statement Under the Private Securities Litigation Reform Act of 1995 Except for historical information contained herein, the matters set forth in this news release are forward-looking statements. Statements that are predictive in nature, that depend upon or refer to events or conditions or that include words such as “expects,” “anticipates,” “intends,” “plans,” “believes,” “estimates,” “will,” “could” and similar expressions are forward-looking statements. The forward-looking statements set forth above involve a number of risks and uncertainties that could cause actual results to differ materially from any such statement, including the risks and uncertainties discussed in the company’s Safe Harbor Compliance Statement for Forward-Looking Statements included in the company’s recent filings, including Forms 10-K and 10-Q, with the Securities and Exchange Commission. The forward-looking statements speak only as of the date made, and the company undertakes no obligation to update these forward-looking statements. View source version on businesswire.com: http://www.businesswire.com/news/home/20170213006021/en/ Reblog
</post>
<signature>

</signature>
<external_links>

</external_links>
<country>US</country>
<main_image></main_image>
<rating></rating>
</document>
