<?xml version="1.0" encoding="UTF-8"?>
<document>
<type>mainstream</type>
<forum></forum>
<forum_title></forum_title>
<discussion_title>Expo: The Lego Batman Movie</discussion_title>
<language>spanish</language>
<gmt_offset></gmt_offset>
<topic_url>http://www.muyinteresante.es/cultura/arte-cultura/video/expo-the-lego-batman-movie</topic_url>
<topic_text>
Expo: The Lego Batman Movie Expo: The Lego Batman Movie Compartido... Cancelar Enviar La FNAC de Callao (Madrid) acoge hasta el 11 de marzo una divertida exposición de la película de animación &apos;Batman, la lego película&apos; 00:00 
Si quieres ver más vídeos como este, no te pierdas nuestra sección. Producción: Pablo Cantudo Al registrarte estás aceptando expresamente las condiciones de uso y la cláusula de privacidad ¡RECIBIR NEWSLETTER! Las primeras palabras del hombre en la Luna Lo más leído Al registrarte estás aceptando expresamente las condiciones de uso y la cláusula de privacidad ENVIAR Política de privacidad | Aviso Legal | Cookies | Garantías de usuario | Publicidad 
Utilizamos cookies propias y de terceros para facilitar y mejorar la navegación, recopilar información estadística de tu navegación y mostrarte contenidos y publicidad relacionados con tus preferencias. Si continúas navegando, consideramos que aceptas su uso. Puedes cambiar la configuración u obtener más información en nuestra Política de Cookies. 
Utilizamos cookies para facilitar y mejorar la navegación. Si continúas navegando consideramos que aceptas su uso. Más información Síguenos en las redes sociales. Conecta con nosotros y con todos nuestros fans para estar siempre a la última. Suscríbete a nuestra revista 
</topic_text>
<spam_score>0.01</spam_score>
<post_num>1</post_num>
<post_id>post-1</post_id>
<post_url>http://www.muyinteresante.es/cultura/arte-cultura/video/expo-the-lego-batman-movie</post_url>
<post_date>20170213</post_date>
<post_time></post_time>
<username>Producci N</username>
<post>
Expo: The Lego Batman Movie Expo: The Lego Batman Movie Compartido... Cancelar Enviar La FNAC de Callao (Madrid) acoge hasta el 11 de marzo una divertida exposición de la película de animación &apos;Batman, la lego película&apos; 00:00 
Si quieres ver más vídeos como este, no te pierdas nuestra sección. Producción: Pablo Cantudo Al registrarte estás aceptando expresamente las condiciones de uso y la cláusula de privacidad ¡RECIBIR NEWSLETTER! Las primeras palabras del hombre en la Luna Lo más leído Al registrarte estás aceptando expresamente las condiciones de uso y la cláusula de privacidad ENVIAR Política de privacidad | Aviso Legal | Cookies | Garantías de usuario | Publicidad 
Utilizamos cookies propias y de terceros para facilitar y mejorar la navegación, recopilar información estadística de tu navegación y mostrarte contenidos y publicidad relacionados con tus preferencias. Si continúas navegando, consideramos que aceptas su uso. Puedes cambiar la configuración u obtener más información en nuestra Política de Cookies. 
Utilizamos cookies para facilitar y mejorar la navegación. Si continúas navegando consideramos que aceptas su uso. Más información Síguenos en las redes sociales. Conecta con nosotros y con todos nuestros fans para estar siempre a la última. Suscríbete a nuestra revista 
</post>
<signature>

</signature>
<external_links>

</external_links>
<country>ES</country>
<main_image>http://estaticos.muyinteresante.es/uploads/images/video/58a1b8955cafe869448b456a/batman-movie.jpg</main_image>
<rating></rating>
</document>
