<?xml version="1.0" encoding="UTF-8"?>
<document>
<type>mainstream</type>
<forum>http://www.ooyuz.com/newsanalysis?term=george w. bush</forum>
<forum_title>george w. bush News Results and Analysis |OOYUZ</forum_title>
<discussion_title>Federal Spending Grew More Under Bush And Reagan Than Under Obama</discussion_title>
<language>english</language>
<gmt_offset>-6</gmt_offset>
<topic_url>http://www.ooyuz.com/geturl?aid=14866893</topic_url>
<topic_text>
Now that 2016 is gone and President Obama is a thing of the past, we can take a look back at just how much government spending grew during his tenure. It seems that in his eight year tenure, Obama never managed to top the enormous increases in government spending that occurred under presidents Reagan and George Bush. In fact, Obama doesn’t even come close. When we examine the federal spending that occurred under Obama, we find that it increased 15.8 percent from the 3.3 trillion in spending.. Advertisement
</topic_text>
<spam_score>0.00</spam_score>
<post_num>1</post_num>
<post_id>post-1</post_id>
<post_url>http://www.ooyuz.com/geturl?aid=14866893</post_url>
<post_date>20170210</post_date>
<post_time>2249</post_time>
<username>Value Walk</username>
<post>
Now that 2016 is gone and President Obama is a thing of the past, we can take a look back at just how much government spending grew during his tenure. It seems that in his eight year tenure, Obama never managed to top the enormous increases in government spending that occurred under presidents Reagan and George Bush. In fact, Obama doesn’t even come close. When we examine the federal spending that occurred under Obama, we find that it increased 15.8 percent from the 3.3 trillion in spending.. Advertisement
</post>
<signature>

</signature>
<external_links>

</external_links>
<country>US</country>
<main_image></main_image>
<rating></rating>
</document>
