<?xml version="1.0" encoding="UTF-8"?>
<document>
<type>mainstream</type>
<forum></forum>
<forum_title></forum_title>
<discussion_title>Vyhlášení soutěže o 3 DVD se sci-fi komedií Krotitelé duchů</discussion_title>
<language>czech</language>
<gmt_offset></gmt_offset>
<topic_url>http://www.cervenykoberec.cz/85132/vyhlaseni-souteze-3-dvd-se-sci-fi-komedii-krotitele-duchu/</topic_url>
<topic_text>
Vyhlášení soutěže o 3 DVD se sci-fi komedií Krotitelé duchů 
Kdo se vydá chytat duchy? Od 21. 12. do 27. 12. 2016 jste se mohli zúčastnit soutěže o tři DVD s filmem Krotitelé duchů. Ceny do hry věnovala distribuční společnost Bontonfilm a.s. Kdo má chuť seznámit se s novou partou? Položili jsme vám tuto soutěžní otázku: „Kdo režíroval snímek Krotitelé duchů z roku 2016?“ Správná odpověď zněla: Paul Feig Nicola Křemečková, Hradec nad Moravicí Zdeněk Kypta, Jíloviště Antonie Kulová, Český Těšín 
Výhercům gratulujeme a prosíme je, aby si zkontrolovali svoje e-mailové schránky. Všem ostatním soutěžícím přejeme mnoho štěstí v dalších soutěžích. 
Váš Červený koberec . 
</topic_text>
<spam_score>0.61</spam_score>
<post_num>1</post_num>
<post_id>post-1</post_id>
<post_url>http://www.cervenykoberec.cz/85132/vyhlaseni-souteze-3-dvd-se-sci-fi-komedii-krotitele-duchu/</post_url>
<post_date>20170213</post_date>
<post_time></post_time>
<username>Erveny Koberec</username>
<post>
Vyhlášení soutěže o 3 DVD se sci-fi komedií Krotitelé duchů 
Kdo se vydá chytat duchy? Od 21. 12. do 27. 12. 2016 jste se mohli zúčastnit soutěže o tři DVD s filmem Krotitelé duchů. Ceny do hry věnovala distribuční společnost Bontonfilm a.s. Kdo má chuť seznámit se s novou partou? Položili jsme vám tuto soutěžní otázku: „Kdo režíroval snímek Krotitelé duchů z roku 2016?“ Správná odpověď zněla: Paul Feig Nicola Křemečková, Hradec nad Moravicí Zdeněk Kypta, Jíloviště Antonie Kulová, Český Těšín 
Výhercům gratulujeme a prosíme je, aby si zkontrolovali svoje e-mailové schránky. Všem ostatním soutěžícím přejeme mnoho štěstí v dalších soutěžích. 
Váš Červený koberec . 
</post>
<signature>

</signature>
<external_links>

</external_links>
<country>CZ</country>
<main_image>https://i1.wp.com/www.cervenykoberec.cz/wp-content/uploads/2016/12/krotitele_duchu_bl_soutez_dvd.jpg?fit=750%2C480</main_image>
<rating></rating>
</document>
