<?xml version="1.0" encoding="UTF-8"?>
<document>
<type>mainstream</type>
<forum>http://www.rhein-zeitung.de/feed/18-nachrichten-aus-den-regionen-bad-neuenahr-und-remagen.xml</forum>
<forum_title>Nachrichten aus den Regionen Bad Neuenahr/Ahrweiler und Remagen</forum_title>
<discussion_title>Bad Breisiger Kultdisco: Annabell erwacht bei Revivalparty zum Leben</discussion_title>
<language>german</language>
<gmt_offset></gmt_offset>
<topic_url>http://www.rhein-zeitung.de/region/lokales/bad-neuenahr_artikel,-bad-breisiger-kultdisco-annabell-erwacht-bei-revivalparty-zum-leben-_arid,1608791.html</topic_url>
<topic_text>
Jubiläum Im Sinziger Barbarossakeller wird an die 25 Jahre der Kultdiskothek in Breisig erinnert Bad Breisiger Kultdisco: Annabell erwacht bei Revivalparty zum Leben Bad Breisig. Als ihm während eines Aufenthaltes in London der Zutritt zu einem Klub verwehrt wurde, dachte sich Gerd Geef: „Dann mache ich eben meinen eigenen auf.“ Und das tat er dann auch. Zwar nicht in London, aber in Bad Breisig, direkt an der B 9, Ortsausgang in Richtung Sinzig, auf der rechten Seite. 1976 war die Geburtsstunde der Kultdiskothek Annabell, in der legendäre Partys bis in die frühen Morgenstunden gefeiert wurden. 
Eine ganze Generation ging dort ein und aus. Bis zu 700 Gäste gaben sich allein in einer Nacht dort die Klinke in die Hand. Am Samstag, 25. März, veranstaltet   (436 Wörter): 1 Minute, 53  
</topic_text>
<spam_score>0.00</spam_score>
<post_num>1</post_num>
<post_id>post-1</post_id>
<post_url>http://www.rhein-zeitung.de/region/lokales/bad-neuenahr_artikel,-bad-breisiger-kultdisco-annabell-erwacht-bei-revivalparty-zum-leben-_arid,1608791.html</post_url>
<post_date>20170213</post_date>
<post_time>0937</post_time>
<username></username>
<post>
Jubiläum Im Sinziger Barbarossakeller wird an die 25 Jahre der Kultdiskothek in Breisig erinnert Bad Breisiger Kultdisco: Annabell erwacht bei Revivalparty zum Leben Bad Breisig. Als ihm während eines Aufenthaltes in London der Zutritt zu einem Klub verwehrt wurde, dachte sich Gerd Geef: „Dann mache ich eben meinen eigenen auf.“ Und das tat er dann auch. Zwar nicht in London, aber in Bad Breisig, direkt an der B 9, Ortsausgang in Richtung Sinzig, auf der rechten Seite. 1976 war die Geburtsstunde der Kultdiskothek Annabell, in der legendäre Partys bis in die frühen Morgenstunden gefeiert wurden. 
Eine ganze Generation ging dort ein und aus. Bis zu 700 Gäste gaben sich allein in einer Nacht dort die Klinke in die Hand. Am Samstag, 25. März, veranstaltet   (436 Wörter): 1 Minute, 53  
</post>
<signature>

</signature>
<external_links>

</external_links>
<country>DE</country>
<main_image>http://www.rhein-zeitung.de/cms_media/module_img/3267/1633898_1_gallerydetail_20170210_150324.jpeg</main_image>
<rating></rating>
</document>
