<?xml version="1.0" encoding="UTF-8"?>
<document>
<type>mainstream</type>
<forum>http://investor.biospace.com/biospace/action/rssfeed?Category=services</forum>
<forum_title>News about services</forum_title>
<discussion_title>Restaurant Brands International Inc. (Burger King/Tim Hortons) Q4 Earnings Beat The Street</discussion_title>
<language>english</language>
<gmt_offset></gmt_offset>
<topic_url>http://markets.financialcontent.com/stocks/news/read/33734199/Restaurant_Brands_International_Inc._</topic_url>
<topic_text>
  08:15 AM EST Restaurant Brands International Inc. (Burger King/Tim Hortons) Q4 Earnings Beat The Street Burger King and Tim Hortons parent company Restaurant Brands International Inc. posted better than expected fourth quarter earnings results on Monday, with both profit and sales beating expectations.
</topic_text>
<spam_score>0.00</spam_score>
<post_num>1</post_num>
<post_id>post-1</post_id>
<post_url>http://markets.financialcontent.com/stocks/news/read/33734199/Restaurant_Brands_International_Inc._</post_url>
<post_date>20170213</post_date>
<post_time>1315</post_time>
<username></username>
<post>
  08:15 AM EST Restaurant Brands International Inc. (Burger King/Tim Hortons) Q4 Earnings Beat The Street Burger King and Tim Hortons parent company Restaurant Brands International Inc. posted better than expected fourth quarter earnings results on Monday, with both profit and sales beating expectations.
</post>
<signature>

</signature>
<external_links>

</external_links>
<country>US</country>
<main_image></main_image>
<rating></rating>
</document>
