<?xml version="1.0" encoding="UTF-8"?>
<document>
<type>mainstream</type>
<forum>http://propeller.hu/feed/content-sajat.xml</forum>
<forum_title>Propeller - Saját anyagok</forum_title>
<discussion_title>Merkel elárulta, mikor lesz csak erős Európa</discussion_title>
<language>hungarian</language>
<gmt_offset></gmt_offset>
<topic_url>http://propeller.hu/nagyvilag/3266529-merkel-elarulta-mikor-lesz-csak-eros-europa</topic_url>
<topic_text>
Merkel elárulta, mikor lesz csak erős Európa... én tudom...ha ezek eltakarodnak nyugdíjba. Sabata &quot;Heten voltak Ők, akik pihenni tértek, könnyű ruhában, kecses léptekkel. Hallgatagon néznek a semmibe, nincs ami szóra bírná őket. Elveszett hatalmas istenek, szétkergetett hódolók nyomán a semmi kísért nyomukban és a furfangos emberi leleményt átlépni lehetetlen voltuk beteljesítette végzetük. Hallgatnak most, mert a bölcsesség nagyobb erő, mint a vak gyűlölet. Ilyenkor, ha fegyver csendül, akár halkan is, csönddé dermed a világ, mert nem ragyogják át. Ekkor, ha harcra készülsz, halandó, éles fegyverrel és jól tegyed dolgod, hiszen van eszed, hogy a mocskot megtagadd és az értéket kövesd! Ki nem tétovázik, az tudja az irányt, hiszen olyan világos. Ma, amikor annyira mocskossá vált minden, hogy a szent, a taposni való és az irány világos, aludjatok, Múzsák, és a harc terhét hagyjátok azokra, akiknek fontos ez a világ és a benne felhalmozott érték nem csak pénzt jelent. Viszünk nektek illatos füveket, zenét, érzelmeket és szavakat, a kézfogás szentségét, az egymásra találás misztikumát. Visszük a tiszta szívünket és hisszük, hogy tietek minden, ami a mienk. Múzsáink, ha alszanak is, álmodják a világot. Ők csak pihennek és a dolgunk, hogy vigyázzuk álmukat, úgy, mint azt, ahogy még senki nem tette. Sorsunk a sorsuk. Jó éjszakát!&quot;
</topic_text>
<spam_score>0.00</spam_score>
<post_num>1</post_num>
<post_id>post-1</post_id>
<post_url>http://propeller.hu/nagyvilag/3266529-merkel-elarulta-mikor-lesz-csak-eros-europa</post_url>
<post_date>20170213</post_date>
<post_time>2021</post_time>
<username></username>
<post>
Merkel elárulta, mikor lesz csak erős Európa... én tudom...ha ezek eltakarodnak nyugdíjba. Sabata &quot;Heten voltak Ők, akik pihenni tértek, könnyű ruhában, kecses léptekkel. Hallgatagon néznek a semmibe, nincs ami szóra bírná őket. Elveszett hatalmas istenek, szétkergetett hódolók nyomán a semmi kísért nyomukban és a furfangos emberi leleményt átlépni lehetetlen voltuk beteljesítette végzetük. Hallgatnak most, mert a bölcsesség nagyobb erő, mint a vak gyűlölet. Ilyenkor, ha fegyver csendül, akár halkan is, csönddé dermed a világ, mert nem ragyogják át. Ekkor, ha harcra készülsz, halandó, éles fegyverrel és jól tegyed dolgod, hiszen van eszed, hogy a mocskot megtagadd és az értéket kövesd! Ki nem tétovázik, az tudja az irányt, hiszen olyan világos. Ma, amikor annyira mocskossá vált minden, hogy a szent, a taposni való és az irány világos, aludjatok, Múzsák, és a harc terhét hagyjátok azokra, akiknek fontos ez a világ és a benne felhalmozott érték nem csak pénzt jelent. Viszünk nektek illatos füveket, zenét, érzelmeket és szavakat, a kézfogás szentségét, az egymásra találás misztikumát. Visszük a tiszta szívünket és hisszük, hogy tietek minden, ami a mienk. Múzsáink, ha alszanak is, álmodják a világot. Ők csak pihennek és a dolgunk, hogy vigyázzuk álmukat, úgy, mint azt, ahogy még senki nem tette. Sorsunk a sorsuk. Jó éjszakát!&quot;
</post>
<signature>

</signature>
<external_links>

</external_links>
<country>HU</country>
<main_image>http://propeller.hu/images/cikk/2017_02/merkel_Cazeneuve.jpg</main_image>
<rating></rating>
</document>
