<?xml version="1.0" encoding="UTF-8"?>
<document>
<type>mainstream</type>
<forum>http://rss.joins.com/news/joins_politics_assemgov_list.xml</forum>
<forum_title>중앙일보 | 국회·정당</forum_title>
<discussion_title>[오늘의 주요일정]정치(2월14일 화요일)</discussion_title>
<language>korean</language>
<gmt_offset></gmt_offset>
<topic_url>http://news.joins.com/article/21253301</topic_url>
<topic_text>
◇총리실【대통령 권한대행】 08:30 국무회의(서울청사) ◇외교부【장관】 08:30 국무회의 ◇통일부【장관】 08:30 영상국무회의 참석(19층 회의실) 10:00 외통위 법안상정 전체회의 참석(국회) ◇국방부【장관】 08:30 국무회의 10:00 국방위 전체회의 ◇자유한국당【비상대책위원장】09:00 비상대책위원회의(당사 6층 제2회의실) 개헌특위 자문위원 위촉장 수여식(당사 6층 제1회의실) 13:30 &apos;책임과 미래, 국민 속으로&apos; 버스 출정식(국회 본청 앞 계단) 15:00 새누리당 당원연수 &apos;보수의 힘으로! 경기 당원과 함께&apos;(수원시 경기종합노동복지회관 3층 대강당)【원내대표】09:00 비상대책위원회의 (당사 6층 제2회의실) 13:30 &apos;책임과 미래, 국민 속으로&apos; 버스 출정식(국회 본청 앞 계단) 15:00 새누리당 당원연수 &apos;보수의 힘으로! 경기 당원과 함께&apos;(수원시 경기종합노동복지회관 3층 대강당) ◇더불어민주당【대표】11:30 한국노총 신임지도부 간담회(한국노총 7층 위원장실) 14:00 민생·외교·안보 현안 점검회의(국회 당대표 회의실)【원내대표】09:00 원내대책회의(국회 원내대표 회의실) ◇국민의당【대표】09:40 북 미사일발사 관련 국방부 현안보고(본청 215호) 15:30 박근혜 정권퇴진 비상국민행동 대표단 간담회 (본청 215호) 18:00 TV조선 &apos;고성국의 라이브쇼&apos; 출연【원내대표】07:00 PBC-R &apos;열린세상 오늘! 김성덕입니다&apos; 출연 09:00 제18차 원내대책회의(본청 218호실) 09:40 북 미사일발사 관련 국방부 현안보고(본청 215호) 10:00 국토위 전체회의(본청 529호) 15:30 박근혜 정권퇴진 비상국민행동 대표단 간담회(본청 215호) ◇바른정당【당대표】10:00 기획재정위원회 전체회의(본관 기재위 회의실) 15:00 북한 미사일 발사 관련 국방부 보고(본관 228호)【원내대표】09:00 바른정당 원내대책회의(본관 228호) 10:00 국토교통위원회 전체회의(본관 국토위 회의실) 15:00 북한 미사일 발사 관련 국방부 보고(본관 228호) ◇정의당【상임대표】09:00 의원총회(본청223호) 10:00 정무위 전체회의/정무위원회 회의실(604호) 14:00 전국금융산업노조 대의원대회 및 위원장 이취임식(명동 은행연합회관 2층 국제회의실) 20:55 MBC 특집 &apos;대선주자를 검증한다&apos; 출연【원내대표】09:00 의원총회(본청 223호) 10:30 정의당 IT노동상담센터 현판식 축사(본청 223호) 11:30 박근혜 즉각 탄핵·특검 연장·이재용 구속 촉구 정의당 전국동시다발 행동(광화문광장) 14:00 재벌복합쇼핑몰 피해증언 및 유통산업발전법 개정촉구대회(의원회관 제2세미나실) ◇국회 10:00 정무위원회 정무위원회 회의실(604호) 10:00 기획재정위원회 기획재정위원회 전체회의장(본관 430호) 10:00 외교통일위원회 본관 401호 10:00 국방위원회 국방위 전체회의실(419호실) 10:00 농림축산식품해양수산위원회 농림축산식품해양수산위원회 회의실(본관 501호) 10:00 산업통상자원위원회 산업통상자원위원회 소회의장 10:00 국토교통위원회 국토교통위원회 대회의실(본관 529호) 14:00 국회운영위원회 제1소위원회(특별위원회 대회의실-회관 309호실) 14:00 미래창조과학방송통신위원회 미방위 전체회의실(본관 627호) 14:00 안전행정위원회 안전행정위원회 회의실(본관445호)&lt;저작권자ⓒ &apos;한국언론 뉴스허브&apos; 뉴시스통신사. 무단전재-재배포 금지.&gt; 좋아요 0
</topic_text>
<spam_score>0.00</spam_score>
<post_num>1</post_num>
<post_id>post-1</post_id>
<post_url>http://news.joins.com/article/21253301</post_url>
<post_date>20170213</post_date>
<post_time>2100</post_time>
<username></username>
<post>
◇총리실【대통령 권한대행】 08:30 국무회의(서울청사) ◇외교부【장관】 08:30 국무회의 ◇통일부【장관】 08:30 영상국무회의 참석(19층 회의실) 10:00 외통위 법안상정 전체회의 참석(국회) ◇국방부【장관】 08:30 국무회의 10:00 국방위 전체회의 ◇자유한국당【비상대책위원장】09:00 비상대책위원회의(당사 6층 제2회의실) 개헌특위 자문위원 위촉장 수여식(당사 6층 제1회의실) 13:30 &apos;책임과 미래, 국민 속으로&apos; 버스 출정식(국회 본청 앞 계단) 15:00 새누리당 당원연수 &apos;보수의 힘으로! 경기 당원과 함께&apos;(수원시 경기종합노동복지회관 3층 대강당)【원내대표】09:00 비상대책위원회의 (당사 6층 제2회의실) 13:30 &apos;책임과 미래, 국민 속으로&apos; 버스 출정식(국회 본청 앞 계단) 15:00 새누리당 당원연수 &apos;보수의 힘으로! 경기 당원과 함께&apos;(수원시 경기종합노동복지회관 3층 대강당) ◇더불어민주당【대표】11:30 한국노총 신임지도부 간담회(한국노총 7층 위원장실) 14:00 민생·외교·안보 현안 점검회의(국회 당대표 회의실)【원내대표】09:00 원내대책회의(국회 원내대표 회의실) ◇국민의당【대표】09:40 북 미사일발사 관련 국방부 현안보고(본청 215호) 15:30 박근혜 정권퇴진 비상국민행동 대표단 간담회 (본청 215호) 18:00 TV조선 &apos;고성국의 라이브쇼&apos; 출연【원내대표】07:00 PBC-R &apos;열린세상 오늘! 김성덕입니다&apos; 출연 09:00 제18차 원내대책회의(본청 218호실) 09:40 북 미사일발사 관련 국방부 현안보고(본청 215호) 10:00 국토위 전체회의(본청 529호) 15:30 박근혜 정권퇴진 비상국민행동 대표단 간담회(본청 215호) ◇바른정당【당대표】10:00 기획재정위원회 전체회의(본관 기재위 회의실) 15:00 북한 미사일 발사 관련 국방부 보고(본관 228호)【원내대표】09:00 바른정당 원내대책회의(본관 228호) 10:00 국토교통위원회 전체회의(본관 국토위 회의실) 15:00 북한 미사일 발사 관련 국방부 보고(본관 228호) ◇정의당【상임대표】09:00 의원총회(본청223호) 10:00 정무위 전체회의/정무위원회 회의실(604호) 14:00 전국금융산업노조 대의원대회 및 위원장 이취임식(명동 은행연합회관 2층 국제회의실) 20:55 MBC 특집 &apos;대선주자를 검증한다&apos; 출연【원내대표】09:00 의원총회(본청 223호) 10:30 정의당 IT노동상담센터 현판식 축사(본청 223호) 11:30 박근혜 즉각 탄핵·특검 연장·이재용 구속 촉구 정의당 전국동시다발 행동(광화문광장) 14:00 재벌복합쇼핑몰 피해증언 및 유통산업발전법 개정촉구대회(의원회관 제2세미나실) ◇국회 10:00 정무위원회 정무위원회 회의실(604호) 10:00 기획재정위원회 기획재정위원회 전체회의장(본관 430호) 10:00 외교통일위원회 본관 401호 10:00 국방위원회 국방위 전체회의실(419호실) 10:00 농림축산식품해양수산위원회 농림축산식품해양수산위원회 회의실(본관 501호) 10:00 산업통상자원위원회 산업통상자원위원회 소회의장 10:00 국토교통위원회 국토교통위원회 대회의실(본관 529호) 14:00 국회운영위원회 제1소위원회(특별위원회 대회의실-회관 309호실) 14:00 미래창조과학방송통신위원회 미방위 전체회의실(본관 627호) 14:00 안전행정위원회 안전행정위원회 회의실(본관445호)&lt;저작권자ⓒ &apos;한국언론 뉴스허브&apos; 뉴시스통신사. 무단전재-재배포 금지.&gt; 좋아요 0
</post>
<signature>

</signature>
<external_links>

</external_links>
<country>KR</country>
<main_image>http://static.joins.com/joongang_15re/profile_joongang_200.png</main_image>
<rating></rating>
</document>
