<?xml version="1.0" encoding="UTF-8"?>
<document>
<type>mainstream</type>
<forum>http://rss.tmcnet.com/rss/Acquisitions</forum>
<forum_title>TMCnet.com RSS Service: Acquisitions</forum_title>
<discussion_title>Three-Peat! Scientific Games Named International &quot;Lottery Supplier of the Year&quot; for Third Consecutive Year</discussion_title>
<language>english</language>
<gmt_offset></gmt_offset>
<topic_url>http://www.tmcnet.com/usubmit/2017/02/13/8494846.htm</topic_url>
<topic_text>
Three-Peat! Scientific Games Named International &quot;Lottery Supplier of the Year&quot; for Third Consecutive Year   
LAS VEGAS and ATLANTA   Scientific Games Corporation (NASDAQ: SGMS) (&quot;Scientific Games&quot; or the &quot;Company&quot;) today announced that the Company won international top honors for the third consecutive year at the 2017 ICE Totally Gaming conference and tradeshow in London last week, taking home the 2017 &quot;Lottery Supplier of the Year&quot; recognition at the Gaming Intelligence Awards. ICE is the world&apos;s largest business-to-business gaming show attended by leading gaming, interactive and lottery companies from around the globe. 
&quot;No other company rivals Scientific Games in the lottery supplier space. On the interactive side of things, it has put blue space between itself and the likes of IGT and Intralot. For the third year in a row Scientific Games is the clear winner,&quot; indicated the Gaming Intelligence Awards summary. 
Jim Kennedy , Group Chief Executive of Lottery for Scientific Games, who accepted the award, said, &quot;On behalf of Scientific Games and our entire Lottery team who diligently keep their focus on our customers each and every day, we are honored to once again be recognized as &apos;Lottery Supplier of the Year.&apos; We will continue to work hard, demonstrate integrity and thought leadership, and earn the trust of lottery operators around the world. We are committed to help lotteries in their business mission to responsibly grow returns to beneficiaries today and in the future.&quot; 
Scientific Games was named &quot;Lottery Supplier of the Year&quot; in 2016 and 2015 at the annual Gaming Intelligence Awards. A prestigious panel of judges from the international gaming and lottery industry evaluates the nominees, which included IGT, Intralot, Instant Win Games and NeoGames. 
Scientific Games provides games, technology and services to more than 150 lotteries worldwide, including nearly every North American lottery. 
About Scientific Games 
Scientific Games Corporation (NASDAQ: SGMS) is a leading developer of technology-based products and services and associated content for worldwide gaming, lottery and interactive markets. The Company&apos;s portfolio includes gaming machines, game content and systems; table games products and utilities; instant and draw-based lottery games; server-based lottery and gaming systems; sports betting technology; loyalty and rewards programs; and interactive content and services. For more information, please visit us at www.scientificgames.com . 
Company Contacts 
Susan Cartwright (702) 532-7981 
Forward-Looking Statements 
In this press release, Scientific Games makes &quot;forward-looking statements&quot; within the meaning of the U.S. Private Securities Litigation Reform Act of 1995. Forard-looking statements describe future expectations, plans, results or strategies and can often be identified by the use of terminology such as &quot;may,&quot; &quot;will,&quot; &quot;estimate,&quot; &quot;intend,&quot; &quot;plan,&quot; &quot;continue,&quot; &quot;believe,&quot; &quot;expect,&quot; &quot;anticipate,&quot; &quot;target,&quot; &quot;should,&quot; &quot;could,&quot; &quot;potential,&quot; &quot;opportunity,&quot; &quot;goal,&quot; or similar terminology. These statements are based upon management&apos;s current expectations, assumptions and estimates and are not guarantees of timing, future results or performance. Actual results may differ materially from those contemplated in these statements due to a variety of risks and uncertainties and other factors, including, among other things: competition; U.S. and international economic and industry conditions, including declines in or slow growth of gross gaming revenues or lottery retail sales, reductions in or constraints on capital spending by gaming or lottery operators and bankruptcies of, or credit risk relating to, customers; limited growth from new gaming jurisdictions, declines in the replacement cycle of existing gaming machines and slow addition of casinos in existing jurisdictions; ownership changes and consolidation in the gaming industry, including by casino operators; opposition to legalized gaming or the expansion thereof; inability to adapt to, and offer products that keep pace with, evolving technology; inability to develop successful gaming concepts and content; laws and government regulations, including those relating to gaming licenses and environmental laws; inability to identify and capitalize on trends and changes in the gaming, lottery and interactive industries; dependence upon key providers in our social gaming business; inability to retain or renew, or unfavorable revisions of, existing contracts, and the inability to enter into new contracts; level of our indebtedness, higher interest rates, availability or adequacy of cash flows and liquidity to satisfy indebtedness, other obligations or future cash needs; inability to reduce or refinance our indebtedness; restrictions and covenants in our debt agreements, including those that could result in acceleration of the maturity of our indebtedness; protection of our intellectual property, inability to license third party intellectual property, and the intellectual property rights of others; security and integrity of our software and systems and reliance on or failures in our information technology systems; natural events that disrupt our operations or those of our customers, suppliers or regulators; inability to benefit from, and risks associated with, strategic equity investments and relationships, including (i) the inability of our joint venture to realize the anticipated benefits under its private management agreement with the Illinois lottery or from the disentanglement services performed in connection with the termination thereof, (ii) the inability of our joint venture to meet the net income targets or other requirements under its agreement to provide marketing and sales services to the New Jersey Lottery or otherwise to realize the anticipated benefits under such agreement and (iii) failure to realize the anticipated benefits related to the award to our consortium of an instant lottery game concession in Greece ; failure to achieve the intended benefits of the Bally acquisition or the WMS acquisition, other recent acquisitions, or future acquisitions, including due to the inability to successfully integrate such acquisitions or realize synergies in the anticipated amounts or within the contemplated time frames or cost expectations, or at all; disruption of our current plans and operations in connection with our recent acquisitions (including in connection with the integration of Bally and WMS), including departure of key personnel or inability to recruit additional qualified personnel or maintain relationships with customers, suppliers or other third parties; incurrence of employee termination or restructuring costs, and impairment or asset write-down charges; changes in estimates or judgments related to our impairment analysis of goodwill or other intangible assets; implementation of complex revenue recognition standards; fluctuations in our results due to seasonality and other factors; dependence on suppliers and manufacturers; risks relating to foreign operations, including fluctuations in foreign currency exchange rates (including those fluctuations related to the affirmative vote in the U.K. to withdraw from the EU), restrictions on the payment of dividends from earnings, restrictions on the import of products and financial instability, including the potential impact to our business resulting from the affirmative vote in the U.K. to withdraw from the EU and the potential impact to our instant lottery game concession or VLT lease arrangements resulting from the recent economic and political conditions in Greece ; dependence on our key employees; litigation and other liabilities relating to our business, including litigation and liabilities relating to our contracts and licenses, our products and systems, our employees (including labor disputes), intellectual property and our strategic relationships; influence of certain stockholders; and stock price volatility. 
Additional information regarding risks, uncertainties and other factors that could cause actual results to differ materially from those contemplated in forward-looking statements is included from time to time in our filings with the SEC, including the Company&apos;s current reports on Form 8-K, quarterly reports on Form 10-Q and its latest annual report on Form 10-K filed with the SEC on February 29, 2016 (including under the headings &quot;Forward Looking Statements&quot; and &quot;Risk Factors&quot;). Forward-looking statements speak only as of the date they are made and, except for Scientific Games&apos; ongoing obligations under the U.S. federal securities laws, Scientific Games undertakes no obligation to publicly update any forward-looking statements whether as a result of new information, future events or otherwise.  releases/three-peat-scientific-games-named-international-lottery-supplier-of-the-year-for-third-consecutive-year-300406330.html 
SOURCE Scientific Games Corporation
</topic_text>
<spam_score>0.00</spam_score>
<post_num>1</post_num>
<post_id>post-1</post_id>
<post_url>http://www.tmcnet.com/usubmit/2017/02/13/8494846.htm</post_url>
<post_date>20170213</post_date>
<post_time>1950</post_time>
<username></username>
<post>
Three-Peat! Scientific Games Named International &quot;Lottery Supplier of the Year&quot; for Third Consecutive Year   
LAS VEGAS and ATLANTA   Scientific Games Corporation (NASDAQ: SGMS) (&quot;Scientific Games&quot; or the &quot;Company&quot;) today announced that the Company won international top honors for the third consecutive year at the 2017 ICE Totally Gaming conference and tradeshow in London last week, taking home the 2017 &quot;Lottery Supplier of the Year&quot; recognition at the Gaming Intelligence Awards. ICE is the world&apos;s largest business-to-business gaming show attended by leading gaming, interactive and lottery companies from around the globe. 
&quot;No other company rivals Scientific Games in the lottery supplier space. On the interactive side of things, it has put blue space between itself and the likes of IGT and Intralot. For the third year in a row Scientific Games is the clear winner,&quot; indicated the Gaming Intelligence Awards summary. 
Jim Kennedy , Group Chief Executive of Lottery for Scientific Games, who accepted the award, said, &quot;On behalf of Scientific Games and our entire Lottery team who diligently keep their focus on our customers each and every day, we are honored to once again be recognized as &apos;Lottery Supplier of the Year.&apos; We will continue to work hard, demonstrate integrity and thought leadership, and earn the trust of lottery operators around the world. We are committed to help lotteries in their business mission to responsibly grow returns to beneficiaries today and in the future.&quot; 
Scientific Games was named &quot;Lottery Supplier of the Year&quot; in 2016 and 2015 at the annual Gaming Intelligence Awards. A prestigious panel of judges from the international gaming and lottery industry evaluates the nominees, which included IGT, Intralot, Instant Win Games and NeoGames. 
Scientific Games provides games, technology and services to more than 150 lotteries worldwide, including nearly every North American lottery. 
About Scientific Games 
Scientific Games Corporation (NASDAQ: SGMS) is a leading developer of technology-based products and services and associated content for worldwide gaming, lottery and interactive markets. The Company&apos;s portfolio includes gaming machines, game content and systems; table games products and utilities; instant and draw-based lottery games; server-based lottery and gaming systems; sports betting technology; loyalty and rewards programs; and interactive content and services. For more information, please visit us at www.scientificgames.com . 
Company Contacts 
Susan Cartwright (702) 532-7981 
Forward-Looking Statements 
In this press release, Scientific Games makes &quot;forward-looking statements&quot; within the meaning of the U.S. Private Securities Litigation Reform Act of 1995. Forard-looking statements describe future expectations, plans, results or strategies and can often be identified by the use of terminology such as &quot;may,&quot; &quot;will,&quot; &quot;estimate,&quot; &quot;intend,&quot; &quot;plan,&quot; &quot;continue,&quot; &quot;believe,&quot; &quot;expect,&quot; &quot;anticipate,&quot; &quot;target,&quot; &quot;should,&quot; &quot;could,&quot; &quot;potential,&quot; &quot;opportunity,&quot; &quot;goal,&quot; or similar terminology. These statements are based upon management&apos;s current expectations, assumptions and estimates and are not guarantees of timing, future results or performance. Actual results may differ materially from those contemplated in these statements due to a variety of risks and uncertainties and other factors, including, among other things: competition; U.S. and international economic and industry conditions, including declines in or slow growth of gross gaming revenues or lottery retail sales, reductions in or constraints on capital spending by gaming or lottery operators and bankruptcies of, or credit risk relating to, customers; limited growth from new gaming jurisdictions, declines in the replacement cycle of existing gaming machines and slow addition of casinos in existing jurisdictions; ownership changes and consolidation in the gaming industry, including by casino operators; opposition to legalized gaming or the expansion thereof; inability to adapt to, and offer products that keep pace with, evolving technology; inability to develop successful gaming concepts and content; laws and government regulations, including those relating to gaming licenses and environmental laws; inability to identify and capitalize on trends and changes in the gaming, lottery and interactive industries; dependence upon key providers in our social gaming business; inability to retain or renew, or unfavorable revisions of, existing contracts, and the inability to enter into new contracts; level of our indebtedness, higher interest rates, availability or adequacy of cash flows and liquidity to satisfy indebtedness, other obligations or future cash needs; inability to reduce or refinance our indebtedness; restrictions and covenants in our debt agreements, including those that could result in acceleration of the maturity of our indebtedness; protection of our intellectual property, inability to license third party intellectual property, and the intellectual property rights of others; security and integrity of our software and systems and reliance on or failures in our information technology systems; natural events that disrupt our operations or those of our customers, suppliers or regulators; inability to benefit from, and risks associated with, strategic equity investments and relationships, including (i) the inability of our joint venture to realize the anticipated benefits under its private management agreement with the Illinois lottery or from the disentanglement services performed in connection with the termination thereof, (ii) the inability of our joint venture to meet the net income targets or other requirements under its agreement to provide marketing and sales services to the New Jersey Lottery or otherwise to realize the anticipated benefits under such agreement and (iii) failure to realize the anticipated benefits related to the award to our consortium of an instant lottery game concession in Greece ; failure to achieve the intended benefits of the Bally acquisition or the WMS acquisition, other recent acquisitions, or future acquisitions, including due to the inability to successfully integrate such acquisitions or realize synergies in the anticipated amounts or within the contemplated time frames or cost expectations, or at all; disruption of our current plans and operations in connection with our recent acquisitions (including in connection with the integration of Bally and WMS), including departure of key personnel or inability to recruit additional qualified personnel or maintain relationships with customers, suppliers or other third parties; incurrence of employee termination or restructuring costs, and impairment or asset write-down charges; changes in estimates or judgments related to our impairment analysis of goodwill or other intangible assets; implementation of complex revenue recognition standards; fluctuations in our results due to seasonality and other factors; dependence on suppliers and manufacturers; risks relating to foreign operations, including fluctuations in foreign currency exchange rates (including those fluctuations related to the affirmative vote in the U.K. to withdraw from the EU), restrictions on the payment of dividends from earnings, restrictions on the import of products and financial instability, including the potential impact to our business resulting from the affirmative vote in the U.K. to withdraw from the EU and the potential impact to our instant lottery game concession or VLT lease arrangements resulting from the recent economic and political conditions in Greece ; dependence on our key employees; litigation and other liabilities relating to our business, including litigation and liabilities relating to our contracts and licenses, our products and systems, our employees (including labor disputes), intellectual property and our strategic relationships; influence of certain stockholders; and stock price volatility. 
Additional information regarding risks, uncertainties and other factors that could cause actual results to differ materially from those contemplated in forward-looking statements is included from time to time in our filings with the SEC, including the Company&apos;s current reports on Form 8-K, quarterly reports on Form 10-Q and its latest annual report on Form 10-K filed with the SEC on February 29, 2016 (including under the headings &quot;Forward Looking Statements&quot; and &quot;Risk Factors&quot;). Forward-looking statements speak only as of the date they are made and, except for Scientific Games&apos; ongoing obligations under the U.S. federal securities laws, Scientific Games undertakes no obligation to publicly update any forward-looking statements whether as a result of new information, future events or otherwise.  releases/three-peat-scientific-games-named-international-lottery-supplier-of-the-year-for-third-consecutive-year-300406330.html 
SOURCE Scientific Games Corporation
</post>
<signature>

</signature>
<external_links>

</external_links>
<country>US</country>
<main_image></main_image>
<rating></rating>
</document>
