<?xml version="1.0" encoding="UTF-8"?>
<document>
<type>mainstream</type>
<forum>http://rss.liberation.fr/rss/11/</forum>
<forum_title>Liberation - Politiques</forum_title>
<discussion_title>Affaire Théo : Matignon se couvre, Toubon demande des comptes</discussion_title>
<language>french</language>
<gmt_offset></gmt_offset>
<topic_url>http://www.liberation.fr/france/2017/02/13/affaire-theo-matignon-se-couvre-toubon-demande-des-comptes_1548293</topic_url>
<topic_text>
13 février 2017 à 20:36 Le Premier ministre, Bernard Cazeneuve, à Matignon, le 30 janvier.  Photo Marc Chaumeil Tandis que Bernard Cazeneuve recevait lundi des associations pour évoquer les suites de l’interpellation du jeune homme, le Défenseur des droits soulignait les insuffisances de la politique du gouvernement en la matière. Affaire Théo : Matignon se couvre, Toubon demande des comptes 
Le gouvernement continue à jouer l’apaisement dans «l’affaire Théo L.», du nom du jeune homme dont l’interpellation, à Aulnay-sous-Bois, le 2 février, a conduit à la mise en examen d’un policier pour viol et de trois autres pour violences volontaires. Le Premier ministre, Bernard Cazeneuve, a reçu lundi en fin de matinée les représentants de plusieurs associations antiracistes (SOS Racisme, la Ligue des Droits de l’Homme, le Mrap, le Cran et la Licra), afin de faire le point sur les rapports entre la police et les habitants des quartiers populaires. L’association «Femmes relais d’Aulnay-sous-Bois», présente dans la Cité des 3 000 où se sont produits les faits, était également conviée. Le Premier ministre était accompagné du ministre de l’Intérieur Bruno Le Roux et d’Hélène Geoffroy, secrétaire d’Etat à la Ville. 
«Commission mixte». A la sortie, Louis-Georges Tin, le président du Cran, a fait part d’un sentiment «mitigé» : «Certes, le dialogue est à nouveau établi et on s’en réjouit, car cela fait plusieurs années que l’on n’avait pas d’interlocuteur gouvernemental sur les violences policières. Mais les annonces sur la table concernaient des propositions déjà faites.» Bernard Cazeneuve a effectivement rappelé que le gouvernement avait lancé une expérimentation sur les «caméras-piétons». Dans ce cadre, Bruno Le Roux avait précisé la semaine dernière que le déclenchement de l’enregistrement serait rendu obligatoire lors d’un contrôle d’identité pour les fonctionnaires équipés. Soit quelques milliers seulement pour l’instant. 
«Le gouvernement n’a pas du tout donné suite à notre demande d’interdire les pratiques d’interpellation létales, comme certaines techniques d’immobilisation. La seule chose nouvelle, qui n’est pas un engagement ferme, c’est la création d’une commission mixte au niveau du ministère de l’Intérieur, comprenant des membres de la police, des magistrats et des membres d’associations ou de syndicats, pour contrôler l’action de la police des polices», précise Louis-Georges Tin. «Enfin, dans tous les cas, dans deux mois ce gouvernement ne sera plus là», souligne Yazid Kherfi, médiateur dans les quartiers populaires, également convié à Matignon. A la sortie de cette réunion, Hélène Geoffroy a également annoncé que des réunions seraient organisées sur cette thématique dans les préfectures, avec certaines associations. 
Le gouvernement en a profité pour lancer lundi un appel au «calme» face aux incidents qui se sont enchaînés depuis plus d’une semaine en banlieue parisienne. «L’émotion légitime suscitée par les événements d’Aulnay-sous-Bois ne saurait en rien justifier les violences inacceptables qui se sont produites le week-end dernier à Bobigny et à Argenteuil», a indiqué le Premier ministre dans un communiqué. 
Engagement. Sur France Inter, plus tôt dans la matinée, Jacques Toubon, le Défenseur des droits, avait souhaité une réponse forte du gouvernement à ce qu’il appelle «un fait de société» et non «un fait divers». Pour lui, une première mesure pour apaiser les relations entre police et citoyens passerait par la délivrance, à chaque contrôle d’identité, d’ «une attestation nominative enregistrée pour la personne, avec un double anonyme» pour la police. Ce qui correspondrait au respect de l’engagement du François Hollande, lorsqu’il était candidat en 2012, d’instituer le récépissé. Informatisés par une machine, ces attestations permettraient de créer une véritable «comptabilité, des indications sur les lieux, sur les motifs et elle permettrait des recours». Aucune statistique n’existe aujourd’hui à ce propos. 
Jacques Toubon a également rappelé les résultats d’une récente étude réalisée par l’autorité administrative indépendante sur les contrôles au faciès. Dans cette enquête, portant sur un échantillon conséquent de 5 000 personnes, 80 % des jeunes hommes noirs et arabes indiquent avoir été contrôlés au cours des cinq dernières années. Contre 16 % pour le reste du panel. «Depuis 2012, le Défenseur des droits a appelé les pouvoirs publics à donner une réponse à la confrontation à la fois réelle et symbolique entre une partie de la police et une partie de la population», a souligné Toubon.
</topic_text>
<spam_score>0.00</spam_score>
<post_num>1</post_num>
<post_id>post-1</post_id>
<post_url>http://www.liberation.fr/france/2017/02/13/affaire-theo-matignon-se-couvre-toubon-demande-des-comptes_1548293</post_url>
<post_date>20170213</post_date>
<post_time>1936</post_time>
<username>Liberation.fr</username>
<post>
13 février 2017 à 20:36 Le Premier ministre, Bernard Cazeneuve, à Matignon, le 30 janvier.  Photo Marc Chaumeil Tandis que Bernard Cazeneuve recevait lundi des associations pour évoquer les suites de l’interpellation du jeune homme, le Défenseur des droits soulignait les insuffisances de la politique du gouvernement en la matière. Affaire Théo : Matignon se couvre, Toubon demande des comptes 
Le gouvernement continue à jouer l’apaisement dans «l’affaire Théo L.», du nom du jeune homme dont l’interpellation, à Aulnay-sous-Bois, le 2 février, a conduit à la mise en examen d’un policier pour viol et de trois autres pour violences volontaires. Le Premier ministre, Bernard Cazeneuve, a reçu lundi en fin de matinée les représentants de plusieurs associations antiracistes (SOS Racisme, la Ligue des Droits de l’Homme, le Mrap, le Cran et la Licra), afin de faire le point sur les rapports entre la police et les habitants des quartiers populaires. L’association «Femmes relais d’Aulnay-sous-Bois», présente dans la Cité des 3 000 où se sont produits les faits, était également conviée. Le Premier ministre était accompagné du ministre de l’Intérieur Bruno Le Roux et d’Hélène Geoffroy, secrétaire d’Etat à la Ville. 
«Commission mixte». A la sortie, Louis-Georges Tin, le président du Cran, a fait part d’un sentiment «mitigé» : «Certes, le dialogue est à nouveau établi et on s’en réjouit, car cela fait plusieurs années que l’on n’avait pas d’interlocuteur gouvernemental sur les violences policières. Mais les annonces sur la table concernaient des propositions déjà faites.» Bernard Cazeneuve a effectivement rappelé que le gouvernement avait lancé une expérimentation sur les «caméras-piétons». Dans ce cadre, Bruno Le Roux avait précisé la semaine dernière que le déclenchement de l’enregistrement serait rendu obligatoire lors d’un contrôle d’identité pour les fonctionnaires équipés. Soit quelques milliers seulement pour l’instant. 
«Le gouvernement n’a pas du tout donné suite à notre demande d’interdire les pratiques d’interpellation létales, comme certaines techniques d’immobilisation. La seule chose nouvelle, qui n’est pas un engagement ferme, c’est la création d’une commission mixte au niveau du ministère de l’Intérieur, comprenant des membres de la police, des magistrats et des membres d’associations ou de syndicats, pour contrôler l’action de la police des polices», précise Louis-Georges Tin. «Enfin, dans tous les cas, dans deux mois ce gouvernement ne sera plus là», souligne Yazid Kherfi, médiateur dans les quartiers populaires, également convié à Matignon. A la sortie de cette réunion, Hélène Geoffroy a également annoncé que des réunions seraient organisées sur cette thématique dans les préfectures, avec certaines associations. 
Le gouvernement en a profité pour lancer lundi un appel au «calme» face aux incidents qui se sont enchaînés depuis plus d’une semaine en banlieue parisienne. «L’émotion légitime suscitée par les événements d’Aulnay-sous-Bois ne saurait en rien justifier les violences inacceptables qui se sont produites le week-end dernier à Bobigny et à Argenteuil», a indiqué le Premier ministre dans un communiqué. 
Engagement. Sur France Inter, plus tôt dans la matinée, Jacques Toubon, le Défenseur des droits, avait souhaité une réponse forte du gouvernement à ce qu’il appelle «un fait de société» et non «un fait divers». Pour lui, une première mesure pour apaiser les relations entre police et citoyens passerait par la délivrance, à chaque contrôle d’identité, d’ «une attestation nominative enregistrée pour la personne, avec un double anonyme» pour la police. Ce qui correspondrait au respect de l’engagement du François Hollande, lorsqu’il était candidat en 2012, d’instituer le récépissé. Informatisés par une machine, ces attestations permettraient de créer une véritable «comptabilité, des indications sur les lieux, sur les motifs et elle permettrait des recours». Aucune statistique n’existe aujourd’hui à ce propos. 
Jacques Toubon a également rappelé les résultats d’une récente étude réalisée par l’autorité administrative indépendante sur les contrôles au faciès. Dans cette enquête, portant sur un échantillon conséquent de 5 000 personnes, 80 % des jeunes hommes noirs et arabes indiquent avoir été contrôlés au cours des cinq dernières années. Contre 16 % pour le reste du panel. «Depuis 2012, le Défenseur des droits a appelé les pouvoirs publics à donner une réponse à la confrontation à la fois réelle et symbolique entre une partie de la police et une partie de la population», a souligné Toubon.
</post>
<signature>

</signature>
<external_links>

</external_links>
<country>FR</country>
<main_image>http://md1.libe.com/photo/993448-prodlibe-bernard-cazeneuve-recoit-benoit-hamon.jpg?modified_at=1487014808&amp;amp;amp;picto=fb&amp;amp;amp;ratio_x=191&amp;amp;amp;ratio_y=100&amp;amp;amp;width=600</main_image>
<rating></rating>
</document>
