<?xml version="1.0" encoding="UTF-8"?>
<document>
<type>mainstream</type>
<forum>http://www.businessworld.in/rss/news-article.xml</forum>
<forum_title>News</forum_title>
<discussion_title>Infosys CEO Vishal Sikka Attempts To Quell Tensions With Company Founders</discussion_title>
<language>english</language>
<gmt_offset></gmt_offset>
<topic_url>http://businessworld.in/article/Infosys-CEO-Vishal-Sikka-Attempts-To-Quell-Tensions-With-Company-Founders/13-02-2017-112898</topic_url>
<topic_text>
Cloud Infosys CEO Vishal Sikka Attempts To Quell Tensions With Company Founders Infosys Ltd Chief Executive Vishal Sikka attempted on Monday to allay concerns over a corporate governance row between the software services firm and its founders, saying his relations with N R Narayana Murthy and co-founders were excellent Infy’s New Boss 
Infosys Ltd Chief Executive Vishal Sikka attempted on Monday (February 13) to allay concerns over a corporate governance row between the software services firm and its founders, saying his relations with N R Narayana Murthy and co-founders were excellent.India&apos;s No.2 IT services company, based in Bengaluru, has been locked in an escalating public war of words with its founders and former executives, who, led by Murthy, have accused its board of lapses in corporate governance.Infosys&apos; founders, who own 12.75 per cent of the firm, have questioned the pay of Sikka and severance payouts given to others, including its former finance head Rajiv Bansal. According to local media reports, the founders have also questioned the appointment of an independent director.Addressing an investor conference in Mumbai on Monday, Sikka called Murthy an &quot;incredible man&quot;. He dubbed issues raised in the media around corporate governance lapses at the firm as &quot;distracting&quot;.&quot;My relation with the founders is wonderful,&quot; Sikka said at the event hosted by brokerage firm Kotak.&quot;All this drama that&apos;s been going on in the media, it&apos;s very distracting, it takes away attention, but underneath that there is a very strong fabric that this company is based on and it is a real privilege for me to be its leader.&quot;The row comes at a time when the more $150 billion Indian IT services sector has seen a slowdown in deal wins from Western clients, and is bracing for changes in visa rules in its biggest market, the United States, that could increase costs significantly and dent profits.Infosys, founded in 1981 when seven engineers, including Murthy, pooled $250 that was mostly borrowed from their wives, is expected to address the governance concerns at a separate news conference at 1230 GMT on Monday.Sikka, a former member of the executive board at German software firm SAP, took the top job at Infosys in 2014, becoming its first non-founder CEO. Later that year, Murthy voluntarily gave up his board position.One of the sore points between the board and the founders has been the salary of Sikka - who is due to get as much as $11 million based on Infosys&apos; performance.Murthy also questioned in a recent media interview Infosys&apos; agreed severance payment of about Rs 174 million ($2.6 million) to former finance chief Rajiv Bansal. Large severance pays are rare in India.The board has backed Sikka and has brushed aside concerns over CEO compensation, appointment of independent directors and severance pay relating to former employees, saying those were old issues and that full disclosures had been made.Investors have worried that the dispute over alleged corporate governance lapses at Infosys will turn as ugly as it has at the Tatas, India&apos;s top conglomerate, where the ousted former chairman has waged a legal battle against the company.Sikka&apos;s comments on Monday and Infosys&apos;s upcoming news conference seemed to soothe investors, with a fund manager calling it a &quot;confidence building&quot; measure. Infosys shares rose 1.7 per cent after Sikka&apos;s comments to their highest level in a month.&quot;Probably this is not going to precipitate into something like the Tatas,&quot; said R K Gupta, managing director at Taurus Asset Management, which owns Infosys shares.Responding to a query on a potential share buyback, another concern raised by former some executives, Sikka said Infosys would weigh buybacks against the company&apos;s business needs and the use of capital toward potential acquisitions. The company is sitting on a cash pile of more than $5 billion, as of December 31.(Reuters)
</topic_text>
<spam_score>0.00</spam_score>
<post_num>1</post_num>
<post_id>post-1</post_id>
<post_url>http://businessworld.in/article/Infosys-CEO-Vishal-Sikka-Attempts-To-Quell-Tensions-With-Company-Founders/13-02-2017-112898</post_url>
<post_date>20170213</post_date>
<post_time>2019</post_time>
<username></username>
<post>
Cloud Infosys CEO Vishal Sikka Attempts To Quell Tensions With Company Founders Infosys Ltd Chief Executive Vishal Sikka attempted on Monday to allay concerns over a corporate governance row between the software services firm and its founders, saying his relations with N R Narayana Murthy and co-founders were excellent Infy’s New Boss 
Infosys Ltd Chief Executive Vishal Sikka attempted on Monday (February 13) to allay concerns over a corporate governance row between the software services firm and its founders, saying his relations with N R Narayana Murthy and co-founders were excellent.India&apos;s No.2 IT services company, based in Bengaluru, has been locked in an escalating public war of words with its founders and former executives, who, led by Murthy, have accused its board of lapses in corporate governance.Infosys&apos; founders, who own 12.75 per cent of the firm, have questioned the pay of Sikka and severance payouts given to others, including its former finance head Rajiv Bansal. According to local media reports, the founders have also questioned the appointment of an independent director.Addressing an investor conference in Mumbai on Monday, Sikka called Murthy an &quot;incredible man&quot;. He dubbed issues raised in the media around corporate governance lapses at the firm as &quot;distracting&quot;.&quot;My relation with the founders is wonderful,&quot; Sikka said at the event hosted by brokerage firm Kotak.&quot;All this drama that&apos;s been going on in the media, it&apos;s very distracting, it takes away attention, but underneath that there is a very strong fabric that this company is based on and it is a real privilege for me to be its leader.&quot;The row comes at a time when the more $150 billion Indian IT services sector has seen a slowdown in deal wins from Western clients, and is bracing for changes in visa rules in its biggest market, the United States, that could increase costs significantly and dent profits.Infosys, founded in 1981 when seven engineers, including Murthy, pooled $250 that was mostly borrowed from their wives, is expected to address the governance concerns at a separate news conference at 1230 GMT on Monday.Sikka, a former member of the executive board at German software firm SAP, took the top job at Infosys in 2014, becoming its first non-founder CEO. Later that year, Murthy voluntarily gave up his board position.One of the sore points between the board and the founders has been the salary of Sikka - who is due to get as much as $11 million based on Infosys&apos; performance.Murthy also questioned in a recent media interview Infosys&apos; agreed severance payment of about Rs 174 million ($2.6 million) to former finance chief Rajiv Bansal. Large severance pays are rare in India.The board has backed Sikka and has brushed aside concerns over CEO compensation, appointment of independent directors and severance pay relating to former employees, saying those were old issues and that full disclosures had been made.Investors have worried that the dispute over alleged corporate governance lapses at Infosys will turn as ugly as it has at the Tatas, India&apos;s top conglomerate, where the ousted former chairman has waged a legal battle against the company.Sikka&apos;s comments on Monday and Infosys&apos;s upcoming news conference seemed to soothe investors, with a fund manager calling it a &quot;confidence building&quot; measure. Infosys shares rose 1.7 per cent after Sikka&apos;s comments to their highest level in a month.&quot;Probably this is not going to precipitate into something like the Tatas,&quot; said R K Gupta, managing director at Taurus Asset Management, which owns Infosys shares.Responding to a query on a potential share buyback, another concern raised by former some executives, Sikka said Infosys would weigh buybacks against the company&apos;s business needs and the use of capital toward potential acquisitions. The company is sitting on a cash pile of more than $5 billion, as of December 31.(Reuters)
</post>
<signature>

</signature>
<external_links>

</external_links>
<country>IN</country>
<main_image>http://d1s8mqgwixvb29.cloudfront.net/article/article_large_image/1484807201_JX6OId_vishal-sikkha-davos.jpg</main_image>
<rating></rating>
</document>
