<?xml version="1.0" encoding="UTF-8"?>
<document>
<type>mainstream</type>
<forum>http://www.ccenterdispatch.com//search/?q=&amp;t=article&amp;l=100&amp;d=&amp;d1=&amp;d2=&amp;s=start_time&amp;sd=desc&amp;c[]=news,news/*&amp;f=rss</forum>
<forum_title>Clay Center Dispatch On-Line - news,news/</forum_title>
<discussion_title>State wildlife officials to relax some hunting regulations</discussion_title>
<language>english</language>
<gmt_offset></gmt_offset>
<topic_url>http://www.ccenterdispatch.com/news/state/article_2aa5de33-6916-5198-9add-3e3a99f88f8a.html</topic_url>
<topic_text>
State wildlife officials to relax some hunting regulations Associated Press | 0 comments 
CHARLESTON, W.Va. (AP) — West Virginia wildlife officials are seeking looser hunting regulations for deer and bears. 
The Charleston Gazette-Mail reports ( http://bit.ly/2l0DWp8 ) Division of Natural Resources officials proposed a list of changes at the state Natural Resources Commission&apos;s meeting Sunday. 
Gary Foster, the DNR&apos;s assistant wildlife chief, says the majority of the counties will have the same regulations as 2016. However, in some counties the bag limits or season structures will become more liberal. For example, antlerless-deer regulations will become more liberal in 18 counties or parts of counties. 
All of the DNR&apos;s bear-hunting proposals are liberalizations of existing regulations. 
DNR officials will take input from the public on the regulation proposals in 12 public hearings in mid-March. The proposals will be up for a final vote April 23. 
___ 
Information from: The Charleston Gazette-Mail, http://wvgazettemail.com .
</topic_text>
<spam_score>0.00</spam_score>
<post_num>1</post_num>
<post_id>post-1</post_id>
<post_url>http://www.ccenterdispatch.com/news/state/article_2aa5de33-6916-5198-9add-3e3a99f88f8a.html</post_url>
<post_date>20170213</post_date>
<post_time>1937</post_time>
<username></username>
<post>
State wildlife officials to relax some hunting regulations Associated Press | 0 comments 
CHARLESTON, W.Va. (AP) — West Virginia wildlife officials are seeking looser hunting regulations for deer and bears. 
The Charleston Gazette-Mail reports ( http://bit.ly/2l0DWp8 ) Division of Natural Resources officials proposed a list of changes at the state Natural Resources Commission&apos;s meeting Sunday. 
Gary Foster, the DNR&apos;s assistant wildlife chief, says the majority of the counties will have the same regulations as 2016. However, in some counties the bag limits or season structures will become more liberal. For example, antlerless-deer regulations will become more liberal in 18 counties or parts of counties. 
All of the DNR&apos;s bear-hunting proposals are liberalizations of existing regulations. 
DNR officials will take input from the public on the regulation proposals in 12 public hearings in mid-March. The proposals will be up for a final vote April 23. 
___ 
Information from: The Charleston Gazette-Mail, http://wvgazettemail.com .
</post>
<signature>

</signature>
<external_links>

</external_links>
<country>US</country>
<main_image>http://www.ccenterdispatch.com/app/dispatchlogoFACEBOOK.jpg</main_image>
<rating></rating>
</document>
