<?xml version="1.0" encoding="UTF-8"?>
<document>
<type>mainstream</type>
<forum>http://www.myfoxal.com/Global/category.asp?C=120652&amp;clienttype=rss</forum>
<forum_title>FOX6 WBRC - MyFoxAL.com - Money</forum_title>
<discussion_title>Canada&apos;s Trudeau talks trade with Trump at White House</discussion_title>
<language>english</language>
<gmt_offset></gmt_offset>
<topic_url>http://www.wbrc.com/story/34486677/canadas-trudeau-talks-trade-with-trump-at-white-house</topic_url>
<topic_text>
Canada&apos;s Trudeau talks trade with Trump at White House 2017-02-13T21:12:37Z 2017-02-13T21:12:37Z (Sean Kilpatrick/The Canadian Press via AP, File). FILE - In this Nov. 29, 2016 file photo, Canada&apos;s Prime Minister Justin Trudeau holds a press conference at the National Press Theatre in Ottawa, Ontario. On Monday, Feb. 13, 2017, President Donald Tru... By CATHERINE LUCEY AND ROB GILLIESAssociated Press 
WASHINGTON (AP) - President Donald Trump praised the &quot;outstanding&quot; trade relationship between the United States and Canada Monday, saying he would only be &quot;tweaking&quot; it going forward. 
The comments were received positively by Canadian Prime Minister Justin Trudeau, who came to the United States seeking to ensure Canada was not crippled as Trump re-negotiates the North American Free Trade Agreement. The neighboring leaders, polar opposites in nearly every way, took up the thorny subjects of trade and immigration at their first face to face meeting Monday. 
&quot;We have a very outstanding trade relationship with Canada. We&apos;ll be tweaking it,&quot; Trump told reporters of the trade relationship. &quot;We&apos;ll be doing certain things that are going to benefit both of our countries. It&apos;s a much less severe situation than what&apos;s taking place on the southern border.&quot; 
At a joint news conference after their meetings, the two emphasized their shared goals. Trump pledged to work with Canada &quot;in pursuit of our many shared interests.&quot; Trudeau spoke of a special bond and the &quot;deep abiding respect&quot; between the two countries, though he also said that &quot;relationships between neighbors are pretty complex.&quot; 
While the two leaders stressed shared interests, their contrasting views were also on display. Responding to questions from reporters, Trump defended his refugee and immigration orders, saying that &quot;we cannot let the wrong people in.&quot; Trudeau, on the other hand, said Canada continues to &quot;pursue our policies of openness.&quot; 
Trudeau later noted that there have been times when the two countries &quot;have differed in our approaches.&quot; But he said &quot;the last thing Canadians expect is for me to come down and lecture another country on how they chose to govern themselves.&quot; 
On trade, Trump said he would be &quot;tweaking&quot; the relationship with Canada, but said &quot;it&apos;s a much less severe situation than what&apos;s happening on the southern border.&quot; He also noted the &quot;outstanding trade relationship with Canada.&quot; Those were likely welcome comments for Canadians concerned that they could be hurt as Trump targets Mexico in a re-negotiation of the North American Free Trade Agreement. 
Trump greeted Trudeau with a firm handshake as he arrived at the White House on a blustery morning. The two posed silently before reporters, until Trump suggested they shake hands for the cameras. Trudeau did bring a personal gift - a photo of Trump with Trudeau&apos;s father, the late Canadian Prime Minister Pierre Trudeau. 
Trump said he knew and respected Pierre Trudeau and would keep the photo in a &quot;very special place.&quot; 
At a roundtable discussion with female executives from the United States and Canada, Trump and Trudeau announced a task force focused on women in the workforce. Trump said it was important to ensure the economy is a place where &quot;women can work and thrive.&quot; Trudeau stressed that women have had to overcome barriers to succeed in business. 
Trump&apos;s daughter Ivanka Trump was in attendance at the meeting and helped recruit participants and set the agenda. The high-profile meeting is evidence of her rising policy influence. 
Trudeau, age 45, and Trump, age 70, have vastly different outlooks of the world. 
Trudeau is a liberal who champions free trade and has welcomed 40,000 Syrian refugees. He calls himself a feminist and his Cabinet is 50 percent women. Trump has few women in his Cabinet. He has taken a protectionist stance on trade and wants to crack down on the inflow of migrants and refugees. 
Trump&apos;s order to temporarily halt entry into the U.S. by people from seven predominantly Muslim nations, which is tied up in court, might come up during his bilateral meeting with Trudeau. But Trudeau is expected to focus on common economic interests. 
Relations with the U.S. are crucial as more than 75 percent of Canada&apos;s exports go to the U.S., while 18 percent of U.S. exports go to Canada. There are fears among Canadians that they could be hurt as Trump targets Mexico in a re-negotiation of the North American Free Trade Agreement. 
Trudeau&apos;s close cooperation with Trump and the first daughter on women in business could ease some worries among Canadians that the U.S. president will enact protectionist measures that could hurt the Canadian economy. It could also alleviate some fears that Trump will be as combative with Trudeau as he has been with the leaders of Mexico and Australia. 
A Canadian official said Trudeau&apos;s administration had suggested the task force, because the prime minister considers the issue of working women an important part of his agenda and economic growth plan. 
&quot;It&apos;s a smart thing if Canada proposed this,&quot; said Nelson Wiseman, a professor at the University of Toronto. &quot;It takes attention off of NAFTA. And from Trump&apos;s point of view, it contributes to softening Trump&apos;s image, and he&apos;s got a problem with women.&quot; 
Roland Paris, a former senior foreign policy to Trudeau, said the prime minister needs to build a relationship with Trump to ensure Canada is not shut out economically. 
&quot;The overriding priority will be for Canada to maintain secure and reliable access to the U.S. market and the supply chains that crisscross the border,&quot; Paris said. 
Trudeau has been preparing for the Trump meeting for months. He will also meet with legislative leaders on Capitol Hill. 
___ 
Associated Press writer Catherine Lucey in Washington contributed to this report.  
</topic_text>
<spam_score>0.00</spam_score>
<post_num>1</post_num>
<post_id>post-1</post_id>
<post_url>http://www.wbrc.com/story/34486677/canadas-trudeau-talks-trade-with-trump-at-white-house</post_url>
<post_date>20170213</post_date>
<post_time>2112</post_time>
<username></username>
<post>
Canada&apos;s Trudeau talks trade with Trump at White House 2017-02-13T21:12:37Z 2017-02-13T21:12:37Z (Sean Kilpatrick/The Canadian Press via AP, File). FILE - In this Nov. 29, 2016 file photo, Canada&apos;s Prime Minister Justin Trudeau holds a press conference at the National Press Theatre in Ottawa, Ontario. On Monday, Feb. 13, 2017, President Donald Tru... By CATHERINE LUCEY AND ROB GILLIESAssociated Press 
WASHINGTON (AP) - President Donald Trump praised the &quot;outstanding&quot; trade relationship between the United States and Canada Monday, saying he would only be &quot;tweaking&quot; it going forward. 
The comments were received positively by Canadian Prime Minister Justin Trudeau, who came to the United States seeking to ensure Canada was not crippled as Trump re-negotiates the North American Free Trade Agreement. The neighboring leaders, polar opposites in nearly every way, took up the thorny subjects of trade and immigration at their first face to face meeting Monday. 
&quot;We have a very outstanding trade relationship with Canada. We&apos;ll be tweaking it,&quot; Trump told reporters of the trade relationship. &quot;We&apos;ll be doing certain things that are going to benefit both of our countries. It&apos;s a much less severe situation than what&apos;s taking place on the southern border.&quot; 
At a joint news conference after their meetings, the two emphasized their shared goals. Trump pledged to work with Canada &quot;in pursuit of our many shared interests.&quot; Trudeau spoke of a special bond and the &quot;deep abiding respect&quot; between the two countries, though he also said that &quot;relationships between neighbors are pretty complex.&quot; 
While the two leaders stressed shared interests, their contrasting views were also on display. Responding to questions from reporters, Trump defended his refugee and immigration orders, saying that &quot;we cannot let the wrong people in.&quot; Trudeau, on the other hand, said Canada continues to &quot;pursue our policies of openness.&quot; 
Trudeau later noted that there have been times when the two countries &quot;have differed in our approaches.&quot; But he said &quot;the last thing Canadians expect is for me to come down and lecture another country on how they chose to govern themselves.&quot; 
On trade, Trump said he would be &quot;tweaking&quot; the relationship with Canada, but said &quot;it&apos;s a much less severe situation than what&apos;s happening on the southern border.&quot; He also noted the &quot;outstanding trade relationship with Canada.&quot; Those were likely welcome comments for Canadians concerned that they could be hurt as Trump targets Mexico in a re-negotiation of the North American Free Trade Agreement. 
Trump greeted Trudeau with a firm handshake as he arrived at the White House on a blustery morning. The two posed silently before reporters, until Trump suggested they shake hands for the cameras. Trudeau did bring a personal gift - a photo of Trump with Trudeau&apos;s father, the late Canadian Prime Minister Pierre Trudeau. 
Trump said he knew and respected Pierre Trudeau and would keep the photo in a &quot;very special place.&quot; 
At a roundtable discussion with female executives from the United States and Canada, Trump and Trudeau announced a task force focused on women in the workforce. Trump said it was important to ensure the economy is a place where &quot;women can work and thrive.&quot; Trudeau stressed that women have had to overcome barriers to succeed in business. 
Trump&apos;s daughter Ivanka Trump was in attendance at the meeting and helped recruit participants and set the agenda. The high-profile meeting is evidence of her rising policy influence. 
Trudeau, age 45, and Trump, age 70, have vastly different outlooks of the world. 
Trudeau is a liberal who champions free trade and has welcomed 40,000 Syrian refugees. He calls himself a feminist and his Cabinet is 50 percent women. Trump has few women in his Cabinet. He has taken a protectionist stance on trade and wants to crack down on the inflow of migrants and refugees. 
Trump&apos;s order to temporarily halt entry into the U.S. by people from seven predominantly Muslim nations, which is tied up in court, might come up during his bilateral meeting with Trudeau. But Trudeau is expected to focus on common economic interests. 
Relations with the U.S. are crucial as more than 75 percent of Canada&apos;s exports go to the U.S., while 18 percent of U.S. exports go to Canada. There are fears among Canadians that they could be hurt as Trump targets Mexico in a re-negotiation of the North American Free Trade Agreement. 
Trudeau&apos;s close cooperation with Trump and the first daughter on women in business could ease some worries among Canadians that the U.S. president will enact protectionist measures that could hurt the Canadian economy. It could also alleviate some fears that Trump will be as combative with Trudeau as he has been with the leaders of Mexico and Australia. 
A Canadian official said Trudeau&apos;s administration had suggested the task force, because the prime minister considers the issue of working women an important part of his agenda and economic growth plan. 
&quot;It&apos;s a smart thing if Canada proposed this,&quot; said Nelson Wiseman, a professor at the University of Toronto. &quot;It takes attention off of NAFTA. And from Trump&apos;s point of view, it contributes to softening Trump&apos;s image, and he&apos;s got a problem with women.&quot; 
Roland Paris, a former senior foreign policy to Trudeau, said the prime minister needs to build a relationship with Trump to ensure Canada is not shut out economically. 
&quot;The overriding priority will be for Canada to maintain secure and reliable access to the U.S. market and the supply chains that crisscross the border,&quot; Paris said. 
Trudeau has been preparing for the Trump meeting for months. He will also meet with legislative leaders on Capitol Hill. 
___ 
Associated Press writer Catherine Lucey in Washington contributed to this report.  
</post>
<signature>

</signature>
<external_links>

</external_links>
<country>US</country>
<main_image>http://images.worldnow.com/AP/images/13118278_G.jpg</main_image>
<rating></rating>
</document>
