<?xml version="1.0" encoding="UTF-8"?>
<document>
<type>mainstream</type>
<forum>http://www.recyclingmagazin.de/feed</forum>
<forum_title>RECYCLING magazin</forum_title>
<discussion_title>Swiss Recycling-Award für Tonerrecycling</discussion_title>
<language>german</language>
<gmt_offset></gmt_offset>
<topic_url>http://www.recyclingmagazin.de/2017/02/13/swiss-recycling-award-fuer-tonerrecycling/</topic_url>
<topic_text>
Wissenschaft &amp; Technik Swiss Recycling-Award für Tonerrecycling Bereits zum zweiten Mal zeichnet Swiss Recycling herausragende Leistungen im Bereich Recycling und Getrenntsammlung aus. In diesem Jahr wurde die Immark AG für die in Europa einzigartige Tonerrecyclinganlage prämiert. 13.02.2017 REGENSDORF 24.08.2015 - IMMARK. Béatrice Devènes 
Um ein ressourcenschonendes Wachstum zu garantieren, ist es nötig, dass Wirtschaft, Wissenschaft, Gesellschaft und die öffentliche Hand zusammenarbeiten. Innovationen auf freiwilliger Basis sind erforderlich. Genau dies hat die Immark AG erreicht: aus eigener Initiative hat sie eine europaweit neuartige Tonerrecyclinganlage entwickelt und aufgebaut und damit einen weiteren Produktekreislauf geschlossen. 
Um eine geeignete Verwertung der Tonerkartuschen zu finden, wurde bei der Immark AG in Regensdorf ein interner Forschungsauftrag aufgegeben. Mithilfe des BAFU-Innovationsfonds konnte das finanzielle Risiko der Neuentwicklung reduziert werden. Einige Herausforderungen stellte die Entwicklung jedoch dar. Die Grösste war die Kontrolle der Staubexplosion durch den aufgewirbelten Tonerstaub. Um diese Staubexplosion zu verhindern, wurde ein Inertmittel entwickelt, das sich an das Tonerpulver bindet, damit daraus keine Explosionsgefahr mehr hervorgeht. Ein zusätzlicher konstruktiver Schutz bietet ein Druckventil, das bei einer allfälligen Explosion den Druck ablassen kann. 
Nach einer einjährigen Testphase ist die Tonerrecyclinganlage nun offiziell in Betrieb. 1.500 Tonnen pro Jahr beträgt die Verarbeitungskapazität der Anlage, die damit den ganzen Schweizer Markt abdecken kann. Weiteres Betreiberwissen soll dazugewonnen und das neue Verfahren zum internationalen Standard erhoben werden. Quelle: Swiss Recycling
</topic_text>
<spam_score>0.00</spam_score>
<post_num>1</post_num>
<post_id>post-1</post_id>
<post_url>http://www.recyclingmagazin.de/2017/02/13/swiss-recycling-award-fuer-tonerrecycling/</post_url>
<post_date>20170213</post_date>
<post_time>2107</post_time>
<username>Michael Brunn</username>
<post>
Wissenschaft &amp; Technik Swiss Recycling-Award für Tonerrecycling Bereits zum zweiten Mal zeichnet Swiss Recycling herausragende Leistungen im Bereich Recycling und Getrenntsammlung aus. In diesem Jahr wurde die Immark AG für die in Europa einzigartige Tonerrecyclinganlage prämiert. 13.02.2017 REGENSDORF 24.08.2015 - IMMARK. Béatrice Devènes 
Um ein ressourcenschonendes Wachstum zu garantieren, ist es nötig, dass Wirtschaft, Wissenschaft, Gesellschaft und die öffentliche Hand zusammenarbeiten. Innovationen auf freiwilliger Basis sind erforderlich. Genau dies hat die Immark AG erreicht: aus eigener Initiative hat sie eine europaweit neuartige Tonerrecyclinganlage entwickelt und aufgebaut und damit einen weiteren Produktekreislauf geschlossen. 
Um eine geeignete Verwertung der Tonerkartuschen zu finden, wurde bei der Immark AG in Regensdorf ein interner Forschungsauftrag aufgegeben. Mithilfe des BAFU-Innovationsfonds konnte das finanzielle Risiko der Neuentwicklung reduziert werden. Einige Herausforderungen stellte die Entwicklung jedoch dar. Die Grösste war die Kontrolle der Staubexplosion durch den aufgewirbelten Tonerstaub. Um diese Staubexplosion zu verhindern, wurde ein Inertmittel entwickelt, das sich an das Tonerpulver bindet, damit daraus keine Explosionsgefahr mehr hervorgeht. Ein zusätzlicher konstruktiver Schutz bietet ein Druckventil, das bei einer allfälligen Explosion den Druck ablassen kann. 
Nach einer einjährigen Testphase ist die Tonerrecyclinganlage nun offiziell in Betrieb. 1.500 Tonnen pro Jahr beträgt die Verarbeitungskapazität der Anlage, die damit den ganzen Schweizer Markt abdecken kann. Weiteres Betreiberwissen soll dazugewonnen und das neue Verfahren zum internationalen Standard erhoben werden. Quelle: Swiss Recycling
</post>
<signature>

</signature>
<external_links>

</external_links>
<country>DE</country>
<main_image>http://www.recyclingmagazin.de/wp-content/uploads/2017/02/Tonerrecyclinganlage_3.jpg</main_image>
<rating></rating>
</document>
