<?xml version="1.0" encoding="UTF-8"?>
<document>
<type>mainstream</type>
<forum>http://wek.ru/rss.xml</forum>
<forum_title>Электронная газета «ВЕК»</forum_title>
<discussion_title>Врио новгородского губернатора назначен Андрей Никитин</discussion_title>
<language>russian</language>
<gmt_offset></gmt_offset>
<topic_url>https://wek.ru/vrio-novgorodskogo-gubernatora-naznachen-andrej-nikitin</topic_url>
<topic_text>
Врио новгородского губернатора назначен Андрей Никитин Врио новгородского губернатора назначен Андрей Никитин Опубликовано 13.02.2017 16:17 Фото: http://tass.ru Президент России Владимир Путин принял отставку губернатора Новгородской области Сергея Митина. Исполняющим обязанности губернатора стал Андрей Никитин, назначение которого анонсировали источники РБК. 
В понедельник президент удовлетворил прошение главы Новгородской области Сергея Митина об уходе с должности по собственному желанию. Подачу заявления теперь уже бывший губернатор анонсировал в ходе утренней встречи со СМИ. Затягивать с назначением преемника Митина Владимир Путин не стал. Президент провел встречу с руководителем Агентства стратегических инициатив Андреем Никитиным, в ходе которой поблагодарил чиновника за продемонстрированные результаты. По оценке президента, одним из наиболее весомых успехов Никитина стало налаживание эффективного сотрудничества с предпринимателями в разных субъектах федерации и городах. Особо Путин похвалил Никитина за диалог с бизнесом Великого Новгорода. 
Этот регион исторически является особым и знаковым для России, напомнил президент, после чего огласил свое решение относительно делегирования Никитина в Новгородскую область в качестве врио губернатора. Новоназначенный глава региона поблагодарил Путина за доверие, и сообщил, что при взаимодействии с бизнесом первоочередное внимание уделял нивелированию административных препятствий, а также имеет наработки в туристической и инвестиционной сфере. Обращаясь к истории, Никитин также отметил славу новгородских купцов. Оценивая предстоящую на новой должности работу, он пообещал уделять достаточное внимание малому и среднему предпринимательству, а в перспективе – и развитию крупного бизнеса. 
Назначение Никитина было ожидаемым. О том, что кандидатура главы АСИ находится на первой строчке в списке претендентов, заявили собеседники РБК в Кремле. Сильными сторонами Никитина они назвали молодость и в равной степени хорошие отношения в правительстве и администрации президента. Эксперты также обратили внимание на то, что Никитин, как и назначенные на прошлой неделе врио пермского и бурятского губернаторов, является «варягом». 
С эти тезисом не согласился глава президентской пресс-службы Дмитрий Песков. Он подчеркнул, что в Кремле нет задачи делегировать в регионы руководителей, прежде не имевших отношения к данному субъекту. Напротив, практикуется схема, когда врио губернаторов становятся специалисты, которые являются уроженцами соответствующих субъектов, и ранее трудились там. Отметим, отставной губернатор Митин, для которого нынешняя каденция стала второй, в 2007 году также позиционировался как «варяг». Информационная служба «Века»
</topic_text>
<spam_score>0.00</spam_score>
<post_num>1</post_num>
<post_id>post-1</post_id>
<post_url>https://wek.ru/vrio-novgorodskogo-gubernatora-naznachen-andrej-nikitin</post_url>
<post_date>20170213</post_date>
<post_time>1317</post_time>
<username></username>
<post>
Врио новгородского губернатора назначен Андрей Никитин Врио новгородского губернатора назначен Андрей Никитин Опубликовано 13.02.2017 16:17 Фото: http://tass.ru Президент России Владимир Путин принял отставку губернатора Новгородской области Сергея Митина. Исполняющим обязанности губернатора стал Андрей Никитин, назначение которого анонсировали источники РБК. 
В понедельник президент удовлетворил прошение главы Новгородской области Сергея Митина об уходе с должности по собственному желанию. Подачу заявления теперь уже бывший губернатор анонсировал в ходе утренней встречи со СМИ. Затягивать с назначением преемника Митина Владимир Путин не стал. Президент провел встречу с руководителем Агентства стратегических инициатив Андреем Никитиным, в ходе которой поблагодарил чиновника за продемонстрированные результаты. По оценке президента, одним из наиболее весомых успехов Никитина стало налаживание эффективного сотрудничества с предпринимателями в разных субъектах федерации и городах. Особо Путин похвалил Никитина за диалог с бизнесом Великого Новгорода. 
Этот регион исторически является особым и знаковым для России, напомнил президент, после чего огласил свое решение относительно делегирования Никитина в Новгородскую область в качестве врио губернатора. Новоназначенный глава региона поблагодарил Путина за доверие, и сообщил, что при взаимодействии с бизнесом первоочередное внимание уделял нивелированию административных препятствий, а также имеет наработки в туристической и инвестиционной сфере. Обращаясь к истории, Никитин также отметил славу новгородских купцов. Оценивая предстоящую на новой должности работу, он пообещал уделять достаточное внимание малому и среднему предпринимательству, а в перспективе – и развитию крупного бизнеса. 
Назначение Никитина было ожидаемым. О том, что кандидатура главы АСИ находится на первой строчке в списке претендентов, заявили собеседники РБК в Кремле. Сильными сторонами Никитина они назвали молодость и в равной степени хорошие отношения в правительстве и администрации президента. Эксперты также обратили внимание на то, что Никитин, как и назначенные на прошлой неделе врио пермского и бурятского губернаторов, является «варягом». 
С эти тезисом не согласился глава президентской пресс-службы Дмитрий Песков. Он подчеркнул, что в Кремле нет задачи делегировать в регионы руководителей, прежде не имевших отношения к данному субъекту. Напротив, практикуется схема, когда врио губернаторов становятся специалисты, которые являются уроженцами соответствующих субъектов, и ранее трудились там. Отметим, отставной губернатор Митин, для которого нынешняя каденция стала второй, в 2007 году также позиционировался как «варяг». Информационная служба «Века»
</post>
<signature>

</signature>
<external_links>

</external_links>
<country>RU</country>
<main_image>https://wek.ru/images/vrio-novgorodskogo-gubernatora-naznachen-andrej-nikitin.jpg</main_image>
<rating></rating>
</document>
