<?xml version="1.0" encoding="UTF-8"?>
<document>
<type>mainstream</type>
<forum>http://klcc.org/rss.xml</forum>
<forum_title></forum_title>
<discussion_title>&apos;Explosive&apos; Image Of An Assassination Wins World Press Photo Of The Year</discussion_title>
<language>english</language>
<gmt_offset></gmt_offset>
<topic_url>http://klcc.org/post/explosive-image-assassination-wins-world-press-photo-year</topic_url>
<topic_text>
By Merrit Kennedy • 5 hours ago World Press Photo awarded its top honor to Burhan Ozbilici&apos;s image of a man with a gun standing over the slain Russian ambassador in Ankara in December. Burhan Ozbilici / AP Originally published on February 13, 2017 12:17 pm 
The image that won the 2017 World Press Photo of the Year award was described by one jury member as the &quot;face of hatred.&quot; 
It shows a shouting, suit-clad gunman standing in an art gallery in Turkey&apos;s capital, one hand holding a weapon, the other pointing to the sky. On the ground next to him is the crumpled body of his victim, Russian Ambassador Andrei Karlov. 
Associated Press photographer Burhan Ozbilici, who happened to stop in at the gallery in Ankara on his way home from work on Dec. 19, 2016, was just a few feet away from the shooting and documented the harrowing event. 
&quot;I remember thinking: &apos;I might be killed or injured, but the Russian ambassador has been shot. This is very big news, so as a journalist it is my responsibility to stand and do my work,&apos; &quot; Ozbilici said in an interview with World Press Photo&apos;s Witness magazine . &quot;Even if I was killed, there would still be photos.&quot; 
Jury members made it clear there was a difficult debate over whether selecting the photo might send the wrong message. 
&quot;In the end we felt that the picture of the Year was an explosive image that really spoke to the hatred of our times,&quot; jury member Mary Calvert said in a statement . &quot;Every time it came on the screen you almost had to move back because it&apos;s such an explosive image and we really felt that it epitomizes the definition of what the World Press Photo of the Year is and means.&quot; 
For juror João Silva, this photo gives a sense of the current global moment: &quot;I feel that what is happening in Europe, what is happening in America, what is happening in the Far East, Middle East, Syria, and this image to me talks of it. It is the face of hatred.&quot; 
But the jury&apos;s chairman, Stuart Franklin, has publicly stated that he found the choice morally problematic. In an opinion piece published in The Guardian , he said he admires Ozbilici&apos;s bravery and skill, but voted against his image. Franklin says his reasons highlight a debate that dates back millennia: 
&quot;Placing the photograph on this high pedestal is an invitation to those contemplating such staged spectaculars: it reaffirms the compact between martyrdom and publicity. ... 
&quot;To be clear, my moral position is not that the well-intentioned photographer should be denied the credit he deserves; rather that I feared we&apos;d be amplifying a terrorist&apos;s message through the additional publicity that the top prize attracts.&quot; 
Calvert told The New York Times that jury was &quot;rewarding the photographer, not rewarding the crime&quot; — and the image is a powerful, historically relevant record of our current moment. 
Ozbilici told Witness that his work &quot;represented a long tradition of good, independent journalism and good news photos.&quot; And that makes him &quot;happy and proud — proud of all good journalists, those living and those who have been killed doing their work, at a time when people are trying to manipulate the media, and the quality of journalism is often ignored.&quot; Copyright 2017 NPR. To see more, visit http://www.npr.org/. © 2017 KLCC KLCC, 136 W 8th Ave, Eugene OR 97401 541-463-6000
</topic_text>
<spam_score>0.00</spam_score>
<post_num>1</post_num>
<post_id>post-1</post_id>
<post_url>http://klcc.org/post/explosive-image-assassination-wins-world-press-photo-year</post_url>
<post_date>20170213</post_date>
<post_time>1604</post_time>
<username>Merrit Kennedy</username>
<post>
By Merrit Kennedy • 5 hours ago World Press Photo awarded its top honor to Burhan Ozbilici&apos;s image of a man with a gun standing over the slain Russian ambassador in Ankara in December. Burhan Ozbilici / AP Originally published on February 13, 2017 12:17 pm 
The image that won the 2017 World Press Photo of the Year award was described by one jury member as the &quot;face of hatred.&quot; 
It shows a shouting, suit-clad gunman standing in an art gallery in Turkey&apos;s capital, one hand holding a weapon, the other pointing to the sky. On the ground next to him is the crumpled body of his victim, Russian Ambassador Andrei Karlov. 
Associated Press photographer Burhan Ozbilici, who happened to stop in at the gallery in Ankara on his way home from work on Dec. 19, 2016, was just a few feet away from the shooting and documented the harrowing event. 
&quot;I remember thinking: &apos;I might be killed or injured, but the Russian ambassador has been shot. This is very big news, so as a journalist it is my responsibility to stand and do my work,&apos; &quot; Ozbilici said in an interview with World Press Photo&apos;s Witness magazine . &quot;Even if I was killed, there would still be photos.&quot; 
Jury members made it clear there was a difficult debate over whether selecting the photo might send the wrong message. 
&quot;In the end we felt that the picture of the Year was an explosive image that really spoke to the hatred of our times,&quot; jury member Mary Calvert said in a statement . &quot;Every time it came on the screen you almost had to move back because it&apos;s such an explosive image and we really felt that it epitomizes the definition of what the World Press Photo of the Year is and means.&quot; 
For juror João Silva, this photo gives a sense of the current global moment: &quot;I feel that what is happening in Europe, what is happening in America, what is happening in the Far East, Middle East, Syria, and this image to me talks of it. It is the face of hatred.&quot; 
But the jury&apos;s chairman, Stuart Franklin, has publicly stated that he found the choice morally problematic. In an opinion piece published in The Guardian , he said he admires Ozbilici&apos;s bravery and skill, but voted against his image. Franklin says his reasons highlight a debate that dates back millennia: 
&quot;Placing the photograph on this high pedestal is an invitation to those contemplating such staged spectaculars: it reaffirms the compact between martyrdom and publicity. ... 
&quot;To be clear, my moral position is not that the well-intentioned photographer should be denied the credit he deserves; rather that I feared we&apos;d be amplifying a terrorist&apos;s message through the additional publicity that the top prize attracts.&quot; 
Calvert told The New York Times that jury was &quot;rewarding the photographer, not rewarding the crime&quot; — and the image is a powerful, historically relevant record of our current moment. 
Ozbilici told Witness that his work &quot;represented a long tradition of good, independent journalism and good news photos.&quot; And that makes him &quot;happy and proud — proud of all good journalists, those living and those who have been killed doing their work, at a time when people are trying to manipulate the media, and the quality of journalism is often ignored.&quot; Copyright 2017 NPR. To see more, visit http://www.npr.org/. © 2017 KLCC KLCC, 136 W 8th Ave, Eugene OR 97401 541-463-6000
</post>
<signature>

</signature>
<external_links>

</external_links>
<country>US</country>
<main_image>http://mediad.publicbroadcasting.net/p/shared/npr/styles/medium/nprshared/201702/514976426.jpg</main_image>
<rating></rating>
</document>
