<?xml version="1.0" encoding="UTF-8"?>
<document>
<type>mainstream</type>
<forum>http://telegraf.al/rss</forum>
<forum_title>Gazeta Telegraf Me ne dita nis ndryshe</forum_title>
<discussion_title>“Taksa e krimit”, BERZH: 6,5 për qind e xhiros bruto</discussion_title>
<language>albanian</language>
<gmt_offset></gmt_offset>
<topic_url>http://telegraf.al/politike/taksa-e-krimit-berzh-65-per-qind-e-xhiros-bruto</topic_url>
<topic_text>
“Taksa e krimit”, BERZH: 6,5 për qind e xhiros bruto Today Veç kostove të aktivitetit apo tatimeve që paguajnë në shtet, bizneset kanë dhe një kosto tjetër më të padukshme. Ajo është e ashtuquajtura taksa e krimit. “Për vendet si Shqipëria, apo ato lindore, ku ligji nuk funksionon si duhet, krimi zë një kosto të jashtëzakonshme tek sipërmarrjet private, sidomos tek ato që janë të ekspozuara ndaj krimit”, deklaron Nikolin Jaka. Në vendet e zhvilluara, kostot që biznesi paguan për krimin kufizohen kryesisht tek shpenzimet për ngritjen e sistemeve të sigurisë. Por në vendet me institucione të dobëta, krimi ka kosto ekstra. “Nga bastisjet, grabitjet, vjedhjet, marrja peng apo gjobat, por edhe shumë fenomene të tjera”, nënvizon Jaka. Por përtej perceptimit, kostot e krimit janë të matshme. Sipas Bankës Europiane për Rindërtim dhe Zhvillim, në Shqipëri krimi i merr biznesit mesatarisht 6.5 për qind të xhiros bruto. Në varësi të llojit të biznesit, në disa raste kjo shifër mund të jetë më e madhe edhe sesa tatim-fitimi që paguhet në shtet. Megjithatë, jo të gjithë paguajnë njësoj. “Kjo ka të bëjë me aktivitetin që është i ekspozuar me krimin. Nëse ka një aktivitet që nuk ballafaqohet me krimin në aktivitetin e përditshëm, atëherë kostot mund të jenë të ulëta. Ndërsa në rast të kundërt, kostot janë të larta”, shton Jaka. Sipas BERZH, për vendet e rajonit shpenzimet mesatare për krimin zënë 5.9 për qind të xhiros. Të ngjashme
</topic_text>
<spam_score>0.00</spam_score>
<post_num>1</post_num>
<post_id>post-1</post_id>
<post_url>http://telegraf.al/politike/taksa-e-krimit-berzh-65-per-qind-e-xhiros-bruto</post_url>
<post_date>20170213</post_date>
<post_time>2127</post_time>
<username></username>
<post>
“Taksa e krimit”, BERZH: 6,5 për qind e xhiros bruto Today Veç kostove të aktivitetit apo tatimeve që paguajnë në shtet, bizneset kanë dhe një kosto tjetër më të padukshme. Ajo është e ashtuquajtura taksa e krimit. “Për vendet si Shqipëria, apo ato lindore, ku ligji nuk funksionon si duhet, krimi zë një kosto të jashtëzakonshme tek sipërmarrjet private, sidomos tek ato që janë të ekspozuara ndaj krimit”, deklaron Nikolin Jaka. Në vendet e zhvilluara, kostot që biznesi paguan për krimin kufizohen kryesisht tek shpenzimet për ngritjen e sistemeve të sigurisë. Por në vendet me institucione të dobëta, krimi ka kosto ekstra. “Nga bastisjet, grabitjet, vjedhjet, marrja peng apo gjobat, por edhe shumë fenomene të tjera”, nënvizon Jaka. Por përtej perceptimit, kostot e krimit janë të matshme. Sipas Bankës Europiane për Rindërtim dhe Zhvillim, në Shqipëri krimi i merr biznesit mesatarisht 6.5 për qind të xhiros bruto. Në varësi të llojit të biznesit, në disa raste kjo shifër mund të jetë më e madhe edhe sesa tatim-fitimi që paguhet në shtet. Megjithatë, jo të gjithë paguajnë njësoj. “Kjo ka të bëjë me aktivitetin që është i ekspozuar me krimin. Nëse ka një aktivitet që nuk ballafaqohet me krimin në aktivitetin e përditshëm, atëherë kostot mund të jenë të ulëta. Ndërsa në rast të kundërt, kostot janë të larta”, shton Jaka. Sipas BERZH, për vendet e rajonit shpenzimet mesatare për krimin zënë 5.9 për qind të xhiros. Të ngjashme
</post>
<signature>

</signature>
<external_links>

</external_links>
<country>AL</country>
<main_image>http://telegraf.al/content/uploads/2017/feb/13/1487011238taksa-e-krimit-22-17-c1200x600.jpg</main_image>
<rating></rating>
</document>
